令和7年1月1日住民基本台帳人口・世帯数、令和6年（1月1日から同年12月31日まで）人口動態（市区町村別）（総計）,,,,,,,,,,,,,,,,,,,,,,,,
,,,令和7年,令和7年,令和7年,令和7年,令和6年,令和6年,令和6年,令和6年,令和6年,令和6年,令和6年,令和6年,令和6年,令和6年,令和6年,令和6年,令和6年,令和6年,令和6年,令和6年,令和6年,令和6年
,,,2025年,2025年,2025年,2025年,2024年,2024年,2024年,2024年,2024年,2024年,2024年,2024年,2024年,2024年,2024年,2024年,2024年,2024年,2024年,2024年,2024年,2024年
,,,人口,人口,人口,世帯数,住民票記載数,住民票記載数,住民票記載数,住民票記載数,住民票記載数,住民票記載数,住民票消除数,住民票消除数,住民票消除数,住民票消除数,住民票消除数,住民票消除数,増減数(Ａ)-(Ｂ),増減率,自然増減数,自然増減率,社会増減数,社会増減率
,,,男,女,計,世帯数,転入者数（国内）,転入者数（国外）,転入者数（計）,出生者数,その他（計）,計（Ａ）,転出者数（国内）,転出者数（国外）,転出者数（計）,死亡者数,その他（計）,計（Ｂ）,増減数(Ａ)-(Ｂ),増減率,自然増減数,自然増減率,社会増減数,社会増減率
団体コード,都道府県名,市区町村名,人,人,人,世帯,人,人,人,人,人,人,人,人,人,人,人,人,人,％,人,％,人,％
-,合計,-,60663248,63667433,124330690,61287994,5206486,807146,6013632,710427,58910,6782969,5232024,376536,5608560,1608923,119971,7337454,-554485,-0.44399585459202817,-898496,-0.7194576938375592,344011,0.27546183924553097
010006,北海道,-,2387307,2657518,5044825,2812839,224321,25673,249994,22877,1736,274607,231521,12556,244077,76433,3255,323765,-49158,-0.9650208883696707,-53556,-1.0513580434014012,4398,0.08633715503173058
011002,北海道,札幌市,914781,1040897,1955678,1113832,113788,6895,120683,9669,456,130808,103206,3437,106643,24381,1034,132058,-1250,-0.06387562547012461,-14712,-0.7517905615331786,13462,0.687914936063054
011011,北海道,札幌市中央区,111745,134171,245916,154486,20242,1322,21564,1182,73,22819,18377,600,18977,2745,204,21926,893,0.36445558172089965,-1563,-0.6378992992494582,2456,1.002354880970358
011029,北海道,札幌市北区,135510,148823,284333,157878,14889,1634,16523,1396,52,17971,13635,911,14546,3478,219,18243,-272,-0.09557105461956043,-2082,-0.7315402048453119,1810,0.6359691502257515
011037,北海道,札幌市東区,123914,136504,260418,147673,14578,568,15146,1362,111,16619,13063,292,13355,3061,162,16578,41,0.015746398491418213,-1699,-0.6525153911443791,1740,0.6682617896357973
011045,北海道,札幌市白石区,101647,111884,213531,129155,13739,592,14331,1182,58,15571,12249,288,12537,2674,115,15326,245,0.11486923661187326,-1492,-0.6995302082649588,1737,0.8143994448768321
011053,北海道,札幌市豊平区,104954,122138,227092,136235,16129,691,16820,1255,61,18136,14559,347,14906,2628,99,17633,503,0.22198782818230364,-1373,-0.6059429186765465,1876,0.8279307468588502
011061,北海道,札幌市南区,61942,71395,133337,73737,6803,601,7404,546,19,7969,6312,212,6524,2121,57,8702,-733,-0.5467293205042142,-1575,-1.1747594540165587,842,0.6280301335123443
011070,北海道,札幌市西区,101124,117711,218835,121919,12159,434,12593,1229,38,13860,10556,224,10780,2639,54,13473,387,0.1771588661832564,-1410,-0.6454625357064382,1797,0.8226214018896946
011088,北海道,札幌市厚別区,56271,67022,123293,67243,5948,365,6313,454,17,6784,5410,216,5626,1643,73,7342,-558,-0.4505413763312367,-1189,-0.96002454562337,631,0.5094831692921332
011096,北海道,札幌市手稲区,65855,73955,139810,71789,5549,431,5980,636,16,6632,5108,177,5285,1949,20,7254,-622,-0.44291899282214875,-1313,-0.9349720861342145,691,0.49205309331206565
011100,北海道,札幌市清田区,51819,57294,109113,53717,3752,257,4009,427,11,4447,3937,170,4107,1443,31,5581,-1134,-1.0285994176712292,-1016,-0.9215670267671682,-118,-0.10703239090406089
012025,北海道,函館市,107727,128788,236515,138313,7514,570,8084,904,190,9178,8128,255,8383,4400,98,12881,-3703,-1.5415164558859036,-3496,-1.4553447285382444,-207,-0.08617172734765921
012033,北海道,小樽市,47245,57187,104432,60297,2855,365,3220,311,22,3553,3331,128,3459,2126,43,5628,-2075,-1.9482287549175172,-1815,-1.7041133446627923,-260,-0.24411541025472502
012041,北海道,旭川市,146486,169697,316183,177167,9078,647,9725,1425,84,11234,9754,342,10096,5282,109,15487,-4253,-1.3272541162665867,-3857,-1.203672496223895,-396,-0.12358162004269184
012050,北海道,室蘭市,36084,38771,74855,43062,2546,223,2769,346,33,3148,3221,107,3328,1469,15,4812,-1664,-2.1746232961748064,-1123,-1.4676093519256654,-541,-0.7070139442491408
012068,北海道,釧路市,72445,81826,154271,91270,4814,606,5420,604,26,6050,6252,253,6505,2732,61,9298,-3248,-2.0619734762155675,-2128,-1.3509481395895098,-1120,-0.7110253366260578
012076,北海道,帯広市,76719,84091,160810,90252,6530,590,7120,888,57,8065,7092,331,7423,2229,63,9715,-1650,-1.0156346177520619,-1341,-0.8254339529730395,-309,-0.19020066477902253
012084,北海道,北見市,52486,57560,110046,61448,3700,235,3935,487,36,4458,4126,97,4223,1887,42,6152,-1694,-1.5160193305888672,-1400,-1.2529085376767497,-294,-0.2631107929121174
012092,北海道,夕張市,2884,3223,6107,3733,147,59,206,6,3,215,266,36,302,212,5,519,-304,-4.741849945406333,-206,-3.2132272656371863,-98,-1.528622679769147
012106,北海道,岩見沢市,34633,39571,74204,40440,2289,102,2391,275,11,2677,2601,72,2673,1309,13,3995,-1318,-1.7451868329758216,-1034,-1.3691374698763275,-284,-0.37604936309949416
012114,北海道,網走市,15772,16427,32199,17876,1364,162,1526,160,53,1739,1773,66,1839,536,11,2386,-647,-1.9697984533885406,-376,-1.1447360409182243,-271,-0.8250624124703161
012122,北海道,留萌市,8784,9385,18169,10540,753,32,785,69,14,868,1050,22,1072,321,1,1394,-526,-2.813586520460016,-252,-1.3479539983952928,-274,-1.4656325220647233
012131,北海道,苫小牧市,81259,84331,165590,91421,5614,483,6097,779,47,6923,5638,266,5904,2216,59,8179,-1256,-0.7527899979621927,-1437,-0.8612732699615214,181,0.10848327199932872
012149,北海道,稚内市,15022,15314,30336,17031,1120,278,1398,113,10,1521,1568,88,1656,471,4,2131,-610,-1.9711755961998318,-358,-1.1568538744910488,-252,-0.814321721708783
012157,北海道,美唄市,8741,9686,18427,10596,450,32,482,43,0,525,634,16,650,420,4,1074,-549,-2.8931281618887015,-377,-1.9867200674536254,-172,-0.906408094435076
012165,北海道,芦別市,5191,6052,11243,6721,275,12,287,32,4,323,362,5,367,282,2,651,-328,-2.8346728891193504,-250,-2.160573848414139,-78,-0.6740990407052113
012173,北海道,江別市,56089,61966,118055,59860,4472,259,4731,542,28,5301,4151,186,4337,1565,30,5932,-631,-0.5316549550915862,-1023,-0.8619382235478489,392,0.33028326845626277
012181,北海道,赤平市,3850,4614,8464,5244,228,24,252,19,2,273,284,12,296,252,2,550,-277,-3.168973801624528,-233,-2.665598901727491,-44,-0.5033748998970369
012190,北海道,紋別市,9278,10482,19760,11560,650,391,1041,76,5,1122,1046,166,1212,390,20,1622,-500,-2.4679170779861797,-314,-1.5498519249753209,-186,-0.9180651530108589
012203,北海道,士別市,7844,8596,16440,8731,418,149,567,55,0,622,751,32,783,259,9,1051,-429,-2.5431264449582076,-204,-1.2093188689311756,-225,-1.3338075760270318
012211,北海道,名寄市,12008,12734,24742,13703,1046,49,1095,123,10,1228,1457,16,1473,388,1,1862,-634,-2.498423707440101,-265,-1.0442938209331651,-369,-1.4541298865069359
012220,北海道,三笠市,3354,3914,7268,4385,275,5,280,24,1,305,288,4,292,209,1,502,-197,-2.6389819156061622,-185,-2.478231748158071,-12,-0.1607501674480911
012238,北海道,根室市,10709,11759,22468,12074,705,230,935,96,6,1037,1054,87,1141,420,14,1575,-538,-2.338520385986264,-324,-1.4083282621924715,-214,-0.9301921237937929
012246,北海道,千歳市,49513,47842,97355,52491,5485,424,5909,608,24,6541,5981,191,6172,982,31,7185,-644,-0.6571495627506403,-374,-0.38163654731170726,-270,-0.27551301543893303
012254,北海道,滝川市,17316,19199,36515,20643,1437,48,1485,162,20,1667,1802,27,1829,629,3,2461,-794,-2.128172826931839,-467,-1.2517087029939156,-327,-0.8764641239379238
012262,北海道,砂川市,7066,8165,15231,8420,546,22,568,74,7,649,636,11,647,290,1,938,-289,-1.8621134020618557,-216,-1.3917525773195878,-73,-0.47036082474226804
012271,北海道,歌志内市,1244,1340,2584,1613,68,13,81,8,0,89,101,4,105,68,0,173,-84,-3.1484257871064467,-60,-2.2488755622188905,-24,-0.8995502248875562
012289,北海道,深川市,8520,9809,18329,10244,579,74,653,68,6,727,759,15,774,386,2,1162,-435,-2.318269025794074,-318,-1.6947345981667021,-117,-0.6235344276273715
012297,北海道,富良野市,9281,10343,19624,10586,799,391,1190,83,11,1284,1068,198,1266,327,16,1609,-325,-1.6291543435761189,-244,-1.2231189533309939,-81,-0.4060353902451251
012301,北海道,登別市,20851,22764,43615,23891,1417,176,1593,164,6,1763,1750,66,1816,778,5,2599,-836,-1.880722593417471,-614,-1.3812962588018267,-222,-0.4994263346156442
012319,北海道,恵庭市,34249,36197,70446,36137,3257,464,3721,378,23,4122,3047,120,3167,825,38,4030,92,0.1307672627000597,-447,-0.6353583307274641,539,0.7661255934275236
012335,北海道,伊達市,14437,16771,31208,17380,1029,131,1160,115,11,1286,1196,80,1276,614,10,1900,-614,-1.9294827477845518,-499,-1.5680975425806047,-115,-0.36138520520394696
012343,北海道,北広島市,26995,29500,56495,28394,2175,151,2326,202,20,2548,2156,70,2226,724,6,2956,-408,-0.7170096479974694,-522,-0.9173505790555859,114,0.20034093105811643
012351,北海道,石狩市,27641,29502,57143,28708,1766,197,1963,258,12,2233,1744,129,1873,831,31,2735,-502,-0.8708474282244774,-573,-0.9940150923757483,71,0.1231676641512707
012360,北海道,北斗市,20159,22651,42810,22074,1198,125,1323,173,21,1517,1627,41,1668,683,16,2367,-850,-1.946862116353642,-510,-1.168117269812185,-340,-0.7787448465414567
013030,北海道,石狩郡当別町,7392,7721,15113,7784,614,57,671,56,13,740,655,31,686,219,8,913,-173,-1.131754546643988,-163,-1.066335208687688,-10,-0.06541933795629988
013048,北海道,石狩郡新篠津村,1320,1410,2730,1341,68,8,76,7,0,83,95,5,100,61,0,161,-78,-2.7777777777777777,-54,-1.9230769230769231,-24,-0.8547008547008548
013315,北海道,松前郡松前町,2757,3061,5818,3579,160,7,167,11,3,181,224,3,227,163,3,393,-212,-3.5157545605306795,-152,-2.5207296849087895,-60,-0.9950248756218906
013323,北海道,松前郡福島町,1582,1796,3378,1900,98,9,107,11,1,119,104,5,109,99,0,208,-89,-2.567060859532737,-88,-2.5382174790885492,-1,-0.028843380444188056
013331,北海道,上磯郡知内町,1865,1918,3783,1962,126,0,126,14,0,140,164,16,180,66,9,255,-115,-2.9502308876346843,-52,-1.3340174448435094,-63,-1.616213442791175
013340,北海道,上磯郡木古内町,1655,1873,3528,1982,96,7,103,11,0,114,130,2,132,98,0,230,-116,-3.1833150384193196,-87,-2.3874862788144897,-29,-0.7958287596048299
013374,北海道,亀田郡七飯町,12558,14581,27139,14036,903,76,979,127,9,1115,976,60,1036,475,9,1520,-405,-1.4703746732500727,-348,-1.263433052570433,-57,-0.20694162067963984
013439,北海道,茅部郡鹿部町,1669,1839,3508,1857,107,48,155,8,2,165,120,41,161,62,4,227,-62,-1.7366946778711485,-54,-1.5126050420168067,-8,-0.22408963585434172
013455,北海道,茅部郡森町,6326,7256,13582,7464,352,246,598,44,6,648,531,134,665,254,12,931,-283,-2.0411107104219255,-210,-1.5146051208077893,-73,-0.5265055896141363
013463,北海道,二海郡八雲町,7202,7312,14514,7956,659,156,815,62,3,880,754,134,888,238,19,1145,-265,-1.793084782461601,-176,-1.1908789498612897,-89,-0.6022058326003112
013471,北海道,山越郡長万部町,2224,2472,4696,2766,193,124,317,24,4,345,244,85,329,124,13,466,-121,-2.5119368901806105,-100,-2.075980900975711,-21,-0.43595598920489936
013617,北海道,檜山郡江差町,3186,3421,6607,3971,315,8,323,26,2,351,404,6,410,151,3,564,-213,-3.12316715542522,-125,-1.8328445747800588,-88,-1.2903225806451613
013625,北海道,檜山郡上ノ国町,1926,2207,4133,2336,105,8,113,15,1,129,148,5,153,96,1,250,-121,-2.844381758345087,-81,-1.904090267983075,-40,-0.9402914903620121
013633,北海道,檜山郡厚沢部町,1564,1705,3269,1768,83,15,98,7,1,106,146,6,152,89,1,242,-136,-3.994126284875184,-82,-2.408223201174743,-54,-1.5859030837004406
013641,北海道,爾志郡乙部町,1413,1694,3107,1721,65,2,67,6,1,74,111,4,115,101,0,216,-142,-4.370575561711296,-95,-2.923976608187134,-47,-1.4465989535241612
013676,北海道,奥尻郡奥尻町,1120,1018,2138,1339,129,0,129,8,0,137,218,1,219,49,0,268,-131,-5.773468488320846,-41,-1.8069634200088145,-90,-3.9665050683120318
013706,北海道,瀬棚郡今金町,2147,2297,4444,2341,113,8,121,7,0,128,196,2,198,109,0,307,-179,-3.8719446247025737,-102,-2.2063595068137576,-77,-1.6655851178888168
013714,北海道,久遠郡せたな町,3186,3544,6730,3777,184,26,210,19,2,231,246,5,251,197,1,449,-218,-3.137593552101324,-178,-2.56188831318365,-40,-0.5757052389176741
013919,北海道,島牧郡島牧村,617,629,1246,744,23,1,24,3,2,29,45,0,45,24,0,69,-40,-3.1104199066874028,-21,-1.6329704510108864,-19,-1.4774494556765163
013927,北海道,寿都郡寿都町,1302,1327,2629,1554,89,24,113,13,1,127,127,3,130,56,6,192,-65,-2.412769116555308,-43,-1.5961395694135114,-22,-0.8166295471417966
013935,北海道,寿都郡黒松内町,1169,1277,2446,1374,112,11,123,5,1,129,193,4,197,57,2,256,-127,-4.935872522347454,-52,-2.0209871745044694,-75,-2.9148853478429846
013943,北海道,磯谷郡蘭越町,2178,2323,4501,2460,264,82,346,15,3,364,235,23,258,84,17,359,5,0.1112099644128114,-69,-1.5346975088967971,74,1.6459074733096084
013951,北海道,虻田郡ニセコ町,2830,2721,5551,3260,370,714,1084,22,19,1125,472,361,833,54,168,1055,70,1.277139208173691,-32,-0.5838350665936872,102,1.8609742747673783
013960,北海道,虻田郡真狩村,996,942,1938,1002,112,73,185,8,1,194,141,34,175,32,1,208,-14,-0.7172131147540983,-24,-1.2295081967213115,10,0.5122950819672131
013978,北海道,虻田郡留寿都村,1046,972,2018,1197,149,212,361,6,0,367,216,80,296,24,65,385,-18,-0.8840864440078585,-18,-0.8840864440078585,0,0
013986,北海道,虻田郡喜茂別町,958,970,1928,1161,116,39,155,7,1,163,138,8,146,36,10,192,-29,-1.481859989780276,-29,-1.481859989780276,0,0
013994,北海道,虻田郡京極町,1358,1418,2776,1459,158,48,206,11,7,224,178,16,194,48,6,248,-24,-0.8571428571428572,-37,-1.3214285714285714,13,0.4642857142857143
014001,北海道,虻田郡倶知安町,8967,8153,17120,10777,1365,2861,4226,88,42,4356,1579,1521,3100,134,507,3741,615,3.726143592850651,-46,-0.27870342320508934,661,4.004847016055741
014010,北海道,岩内郡共和町,2741,2623,5364,2761,293,30,323,43,1,367,351,16,367,64,2,433,-66,-1.2154696132596685,-21,-0.3867403314917127,-45,-0.8287292817679558
014028,北海道,岩内郡岩内町,5177,5736,10913,6382,456,46,502,34,5,541,468,20,488,229,5,722,-181,-1.6315125292951145,-195,-1.7577068685776096,14,0.12619433928249504
014036,北海道,古宇郡泊村,698,722,1420,842,70,3,73,6,0,79,81,1,82,41,0,123,-44,-3.0054644808743167,-35,-2.390710382513661,-9,-0.6147540983606558
014044,北海道,古宇郡神恵内村,358,382,740,447,19,1,20,0,0,20,21,0,21,16,0,37,-17,-2.2457067371202113,-16,-2.1136063408190227,-1,-0.13210039630118892
014052,北海道,積丹郡積丹町,795,907,1702,983,53,1,54,9,0,63,81,0,81,50,0,131,-68,-3.84180790960452,-41,-2.3163841807909606,-27,-1.5254237288135595
014061,北海道,古平郡古平町,1218,1371,2589,1623,55,14,69,8,0,77,67,7,74,69,1,144,-67,-2.522590361445783,-61,-2.2966867469879517,-6,-0.2259036144578313
014079,北海道,余市郡仁木町,1489,1562,3051,1679,228,109,337,19,8,364,186,107,293,55,5,353,11,0.3618421052631579,-36,-1.1842105263157896,47,1.5460526315789473
014087,北海道,余市郡余市町,7875,9079,16954,9475,662,94,756,70,6,832,687,41,728,366,6,1100,-268,-1.5561491116014399,-296,-1.7187318546045753,28,0.16258274300313552
014095,北海道,余市郡赤井川村,804,688,1492,1039,152,474,626,4,1,631,164,220,384,12,96,492,139,10.273466371027347,-8,-0.5912786400591279,147,10.864745011086473
014231,北海道,空知郡南幌町,3826,4107,7933,3758,429,52,481,57,4,542,247,29,276,114,4,394,148,1.9010918432883752,-57,-0.7321772639691715,205,2.6332691072575463
014249,北海道,空知郡奈井江町,2242,2462,4704,2583,149,8,157,15,1,173,179,6,185,101,2,288,-115,-2.3863872172649927,-86,-1.7846026146503424,-29,-0.6017846026146504
014257,北海道,空知郡上砂川町,1102,1258,2360,1483,75,8,83,4,2,89,107,4,111,77,0,188,-99,-4.026026840178934,-73,-2.9686864579097194,-26,-1.0573403822692151
014273,北海道,夕張郡由仁町,2160,2367,4527,2271,111,8,119,13,2,134,173,9,182,87,0,269,-135,-2.8957528957528957,-74,-1.5873015873015872,-61,-1.3084513084513085
014281,北海道,夕張郡長沼町,4766,5171,9937,4880,279,23,302,51,1,354,271,15,286,184,4,474,-120,-1.193198767027941,-133,-1.322461966789301,13,0.12926319976136025
014290,北海道,夕張郡栗山町,4986,5667,10653,5688,329,20,349,35,0,384,420,7,427,206,3,636,-252,-2.3108665749656123,-171,-1.5680880330123799,-81,-0.7427785419532325
014303,北海道,樺戸郡月形町,1419,1313,2732,1538,96,5,101,13,44,158,175,2,177,66,4,247,-89,-3.1549096065225095,-53,-1.8787663948954272,-36,-1.2761432116270826
014311,北海道,樺戸郡浦臼町,762,815,1577,776,40,6,46,7,0,53,52,0,52,29,0,81,-28,-1.7445482866043613,-22,-1.3707165109034267,-6,-0.3738317757009346
014320,北海道,樺戸郡新十津川町,2904,3325,6229,2968,142,22,164,33,1,198,164,9,173,107,1,281,-83,-1.3149556400506972,-74,-1.1723700887198987,-9,-0.14258555133079848
014338,北海道,雨竜郡妹背牛町,1211,1354,2565,1354,57,4,61,6,0,67,78,4,82,55,0,137,-70,-2.6565464895635675,-49,-1.8595825426944972,-21,-0.7969639468690701
014346,北海道,雨竜郡秩父別町,1025,1157,2182,1061,66,4,70,10,0,80,84,2,86,41,0,127,-47,-2.108568864961866,-31,-1.3907581875280395,-16,-0.7178106774338268
014362,北海道,雨竜郡雨竜町,997,1047,2044,1033,47,2,49,5,0,54,73,0,73,46,0,119,-65,-3.0820293978188715,-41,-1.944049312470365,-24,-1.1379800853485065
014371,北海道,雨竜郡北竜町,752,841,1593,777,46,1,47,4,0,51,48,0,48,43,4,95,-44,-2.6878436163714112,-39,-2.3824068417837507,-5,-0.3054367745876604
014389,北海道,雨竜郡沼田町,1356,1442,2798,1445,112,2,114,12,0,126,109,1,110,58,0,168,-42,-1.4788732394366197,-46,-1.6197183098591548,4,0.14084507042253522
014524,北海道,上川郡鷹栖町,3088,3375,6463,3074,185,4,189,33,0,222,222,12,234,109,1,344,-122,-1.8526955201214883,-76,-1.1541381928625665,-46,-0.6985573272589218
014532,北海道,上川郡東神楽町,4641,5134,9775,4426,347,25,372,38,5,415,340,11,351,148,3,502,-87,-0.8821740012167918,-110,-1.1153924153315757,23,0.233218414114784
014541,北海道,上川郡当麻町,2816,3238,6054,3036,177,11,188,31,1,220,186,5,191,111,0,302,-82,-1.3363754889178618,-80,-1.303780964797914,-2,-0.03259452411994785
014559,北海道,上川郡比布町,1619,1806,3425,1763,88,13,101,13,0,114,82,8,90,70,0,160,-46,-1.3252664938058196,-57,-1.6421780466724287,11,0.31691155286660905
014567,北海道,上川郡愛別町,1151,1267,2418,1288,73,59,132,1,0,133,148,4,152,43,0,195,-62,-2.5,-42,-1.6935483870967745,-20,-0.8064516129032258
014575,北海道,上川郡上川町,1458,1627,3085,1882,164,68,232,10,4,246,196,42,238,70,3,311,-65,-2.0634920634920633,-60,-1.9047619047619049,-5,-0.15873015873015872
014583,北海道,上川郡東川町,4047,4626,8673,4373,492,316,808,37,13,858,500,118,618,130,13,761,97,1.131063432835821,-93,-1.0844216417910448,190,2.2154850746268657
014591,北海道,上川郡美瑛町,4351,4932,9283,4803,368,39,407,35,4,446,363,35,398,193,4,595,-149,-1.5797285835453774,-158,-1.6751484308736218,9,0.09541984732824427
014605,北海道,空知郡上富良野町,4919,4787,9706,5181,497,67,564,49,9,622,723,25,748,163,9,920,-298,-2.9788084766093563,-114,-1.139544182327069,-184,-1.8392642942822872
014613,北海道,空知郡中富良野町,2116,2370,4486,2140,196,33,229,12,0,241,237,10,247,85,2,334,-93,-2.031011137803014,-73,-1.5942345490281722,-20,-0.43677658877484166
014621,北海道,空知郡南富良野町,1143,1093,2236,1293,104,16,120,8,1,129,146,4,150,25,6,181,-52,-2.272727272727273,-17,-0.743006993006993,-35,-1.5297202797202798
014630,北海道,勇払郡占冠村,829,761,1590,1177,220,430,650,7,6,663,360,227,587,14,63,664,-1,-0.06285355122564425,-7,-0.43997485857950974,6,0.3771213073538655
014648,北海道,上川郡和寒町,1343,1464,2807,1462,65,7,72,7,1,80,112,2,114,61,1,176,-96,-3.3069238718567,-54,-1.8601446779193935,-42,-1.4467791939373063
014656,北海道,上川郡剣淵町,1343,1385,2728,1399,68,8,76,7,2,85,120,1,121,45,2,168,-83,-2.9526858769121307,-38,-1.351832088224831,-45,-1.6008537886872998
014681,北海道,上川郡下川町,1365,1471,2836,1597,100,13,113,6,0,119,154,12,166,51,1,218,-99,-3.373083475298126,-45,-1.5332197614991483,-54,-1.8398637137989777
014699,北海道,中川郡美深町,1778,1903,3681,2025,154,20,174,11,2,187,203,9,212,83,0,295,-108,-2.8503562945368173,-72,-1.9002375296912115,-36,-0.9501187648456058
014702,北海道,中川郡音威子府村,316,285,601,418,69,2,71,2,0,73,103,0,103,5,0,108,-35,-5.50314465408805,-3,-0.4716981132075472,-32,-5.031446540880504
014711,北海道,中川郡中川町,661,608,1269,707,68,0,68,5,0,73,81,0,81,27,0,108,-35,-2.6840490797546015,-22,-1.687116564417178,-13,-0.9969325153374233
014729,北海道,雨竜郡幌加内町,601,621,1222,683,56,3,59,6,0,65,72,1,73,30,1,104,-39,-3.0927835051546393,-24,-1.9032513877874702,-15,-1.189532117367169
014818,北海道,増毛郡増毛町,1652,1968,3620,2074,88,23,111,8,3,122,131,17,148,78,1,227,-105,-2.8187919463087248,-70,-1.8791946308724832,-35,-0.9395973154362416
014826,北海道,留萌郡小平町,1279,1385,2664,1494,66,25,91,4,3,98,116,31,147,62,6,215,-117,-4.207119741100324,-58,-2.0855807263574255,-59,-2.1215390147428983
014834,北海道,苫前郡苫前町,1301,1365,2666,1433,96,11,107,14,0,121,112,9,121,81,0,202,-81,-2.948671277757554,-67,-2.4390243902439024,-14,-0.5096468875136513
014842,北海道,苫前郡羽幌町,2878,3067,5945,3317,221,24,245,11,0,256,315,4,319,125,2,446,-190,-3.0969845150774247,-114,-1.8581907090464547,-76,-1.2387938060309698
014851,北海道,苫前郡初山別村,499,506,1005,500,36,4,40,2,0,42,66,2,68,15,0,83,-41,-3.9196940726577436,-13,-1.24282982791587,-28,-2.676864244741874
014869,北海道,天塩郡遠別町,1098,1160,2258,1259,76,6,82,10,0,92,119,5,124,43,2,169,-77,-3.297644539614561,-33,-1.4132762312633833,-44,-1.8843683083511777
014877,北海道,天塩郡天塩町,1361,1281,2642,1444,126,22,148,9,2,159,197,9,206,41,2,249,-90,-3.294289897510981,-32,-1.171303074670571,-58,-2.12298682284041
015113,北海道,宗谷郡猿払村,1260,1329,2589,1264,74,59,133,9,9,151,111,55,166,42,2,210,-59,-2.22809667673716,-33,-1.246223564954683,-26,-0.9818731117824773
015121,北海道,枝幸郡浜頓別町,1564,1657,3221,1826,155,30,185,14,6,205,187,20,207,69,7,283,-78,-2.3643528341921796,-55,-1.6671718702637162,-23,-0.6971809639284632
015130,北海道,枝幸郡中頓別町,739,733,1472,827,67,1,68,5,0,73,84,1,85,20,0,105,-32,-2.127659574468085,-15,-0.9973404255319149,-17,-1.1303191489361704
015148,北海道,枝幸郡枝幸町,3432,3767,7199,3881,256,100,356,36,3,395,326,58,384,109,3,496,-101,-1.3835616438356164,-73,-1,-28,-0.3835616438356164
015164,北海道,天塩郡豊富町,1807,1708,3515,1917,140,11,151,15,0,166,165,8,173,60,1,234,-68,-1.8978509628802678,-45,-1.2559307842590008,-23,-0.641920178621267
015172,北海道,礼文郡礼文町,1122,1061,2183,1182,126,37,163,5,0,168,176,14,190,37,11,238,-70,-3.1069684864624945,-32,-1.420328450954283,-38,-1.6866400355082114
015181,北海道,利尻郡利尻町,914,916,1830,1008,88,1,89,9,1,99,105,0,105,29,0,134,-35,-1.876675603217158,-20,-1.0723860589812333,-15,-0.8042895442359249
015199,北海道,利尻郡利尻富士町,1047,1104,2151,1197,122,16,138,11,0,149,147,3,150,42,0,192,-43,-1.959890610756609,-31,-1.4129443938012762,-12,-0.5469462169553327
015202,北海道,天塩郡幌延町,1066,976,2042,1181,111,12,123,11,0,134,161,3,164,30,0,194,-60,-2.8544243577545196,-19,-0.9039010466222646,-41,-1.9505233111322549
015431,北海道,網走郡美幌町,8437,8892,17329,9189,515,73,588,63,5,656,808,14,822,316,2,1140,-484,-2.717116712513333,-253,-1.4203110088137878,-231,-1.2968057036995453
015440,北海道,網走郡津別町,1953,2017,3970,2133,102,8,110,8,2,120,148,0,148,102,0,250,-130,-3.1707317073170733,-94,-2.292682926829268,-36,-0.878048780487805
015458,北海道,斜里郡斜里町,5186,5327,10513,5458,416,191,607,49,3,659,578,94,672,164,4,840,-181,-1.6925378717037591,-115,-1.075369365999626,-66,-0.6171685057041332
015466,北海道,斜里郡清里町,1792,1830,3622,1670,109,3,112,14,0,126,132,1,133,86,0,219,-93,-2.503364737550471,-72,-1.9380888290713323,-21,-0.5652759084791386
015474,北海道,斜里郡小清水町,2072,2270,4342,2037,137,13,150,17,1,168,162,4,166,75,0,241,-73,-1.6534541336353341,-58,-1.3137032842582106,-15,-0.33975084937712347
015491,北海道,常呂郡訓子府町,2166,2282,4448,2090,136,23,159,16,9,184,172,13,185,84,0,269,-85,-1.8751378777851313,-68,-1.500110302228105,-17,-0.37502757555702626
015504,北海道,常呂郡置戸町,1168,1375,2543,1351,98,11,109,4,0,113,110,5,115,63,0,178,-65,-2.492331288343558,-59,-2.2622699386503067,-6,-0.23006134969325154
015521,北海道,常呂郡佐呂間町,2151,2495,4646,2460,151,88,239,20,4,263,186,39,225,79,1,305,-42,-0.8959044368600683,-59,-1.2585324232081911,17,0.3626279863481229
015555,北海道,紋別郡遠軽町,8584,9062,17646,9622,647,43,690,79,9,778,849,17,866,324,10,1200,-422,-2.335620987381005,-245,-1.3559884879344697,-177,-0.9796324994465353
015598,北海道,紋別郡湧別町,3776,4125,7901,4042,257,99,356,28,3,387,277,31,308,149,12,469,-82,-1.027182763372166,-121,-1.5157209069272204,39,0.4885381435550545
015601,北海道,紋別郡滝上町,1074,1134,2208,1275,75,10,85,6,2,93,114,6,120,58,0,178,-85,-3.7069341474051463,-52,-2.26777147841256,-33,-1.439162668992586
015610,北海道,紋別郡興部町,1723,1772,3495,1830,152,63,215,17,1,233,226,25,251,50,1,302,-69,-1.936026936026936,-33,-0.9259259259259258,-36,-1.0101010101010102
015628,北海道,紋別郡西興部村,486,470,956,639,48,18,66,3,0,69,73,7,80,14,0,94,-25,-2.54841997961264,-11,-1.1213047910295617,-14,-1.4271151885830784
015636,北海道,紋別郡雄武町,1936,2097,4033,2224,126,112,238,17,2,257,188,44,232,82,3,317,-60,-1.4659174199853409,-65,-1.5880772049841192,5,0.1221597849987784
015644,北海道,網走郡大空町,3166,3275,6441,2979,168,11,179,30,0,209,247,1,248,145,1,394,-185,-2.792031391488077,-115,-1.7355870811952914,-70,-1.056444310292786
015717,北海道,虻田郡豊浦町,1679,1812,3491,2021,157,47,204,11,1,216,179,20,199,72,12,283,-67,-1.8830803822372117,-61,-1.7144463181562677,-6,-0.16863406408094433
015750,北海道,有珠郡壮瞥町,1118,1195,2313,1312,103,41,144,6,1,151,139,26,165,61,3,229,-78,-3.262233375156838,-55,-2.300292764533668,-23,-0.9619406106231703
015784,北海道,白老郡白老町,7173,7922,15095,9169,493,108,601,43,6,650,606,37,643,352,11,1006,-356,-2.3040579897741247,-309,-1.9998705585399001,-47,-0.3041874312342243
015814,北海道,勇払郡厚真町,2146,2081,4227,2101,192,21,213,12,4,229,231,14,245,63,0,308,-79,-1.8346493265211334,-51,-1.1843938690199722,-28,-0.6502554575011612
015849,北海道,虻田郡洞爺湖町,3651,4255,7906,4742,338,143,481,14,1,496,386,66,452,197,9,658,-162,-2.0079325731284086,-183,-2.2682201289043133,21,0.26028755577590484
015857,北海道,勇払郡安平町,3597,3617,7214,3982,421,82,503,30,2,535,469,12,481,150,1,632,-97,-1.3267678840103954,-120,-1.6413623307345095,23,0.31459444672411435
015865,北海道,勇払郡むかわ町,3582,3639,7221,4038,331,172,503,27,0,530,457,18,475,139,18,632,-102,-1.3928717738631708,-112,-1.529427830124266,10,0.13655605626109518
016012,北海道,沙流郡日高町,5641,5263,10904,6227,493,138,631,49,17,697,675,24,699,170,31,900,-203,-1.8276762402088773,-121,-1.0894030791392815,-82,-0.7382731610695957
016021,北海道,沙流郡平取町,2188,2247,4435,2377,192,55,247,13,0,260,264,19,283,78,3,364,-104,-2.291253580083719,-65,-1.4320334875523244,-39,-0.8592200925313946
016047,北海道,新冠郡新冠町,2519,2492,5011,2797,229,93,322,16,3,341,346,34,380,83,4,467,-126,-2.452793459217442,-67,-1.304263188631497,-59,-1.1485302705859453
016071,北海道,浦河郡浦河町,5726,5505,11231,6642,609,142,751,49,6,806,785,27,812,202,14,1028,-222,-1.9383567624203266,-153,-1.3358945254518468,-69,-0.6024622369684799
016080,北海道,様似郡様似町,1829,1948,3777,2031,84,11,95,7,2,104,139,5,144,82,2,228,-124,-3.17867213534991,-75,-1.9225839528326072,-49,-1.2560881825173031
016098,北海道,幌泉郡えりも町,2045,2015,4060,1989,118,57,175,18,6,199,210,24,234,69,14,317,-118,-2.824317855433222,-51,-1.2206797510770704,-67,-1.6036381043561514
016101,北海道,日高郡新ひだか町,9978,10251,20229,11281,870,78,948,91,7,1046,1009,42,1051,351,6,1408,-362,-1.7580496333349522,-260,-1.2626875819532806,-102,-0.4953620513816716
016314,北海道,河東郡音更町,20288,22395,42683,20981,1484,339,1823,221,10,2054,1699,74,1773,556,13,2342,-288,-0.6702194503269647,-335,-0.7795955411789346,47,0.10937609085196993
016322,北海道,河東郡士幌町,2819,2871,5690,2737,190,43,233,28,0,261,262,41,303,92,5,400,-139,-2.3846285812317722,-64,-1.0979584834448446,-75,-1.2866700977869274
016331,北海道,河東郡上士幌町,2381,2377,4758,2587,274,64,338,22,6,366,256,47,303,82,7,392,-26,-0.5434782608695652,-60,-1.254180602006689,34,0.7107023411371237
016349,北海道,河東郡鹿追町,2401,2527,4928,2460,195,30,225,25,1,251,292,27,319,62,3,384,-133,-2.627939142461964,-37,-0.7310808140683659,-96,-1.896858328393598
016357,北海道,上川郡新得町,2759,2744,5503,3294,294,233,527,18,13,558,302,147,449,113,24,586,-28,-0.5062375700596637,-95,-1.7175917555595732,67,1.2113541854999097
016365,北海道,上川郡清水町,4368,4387,8755,4657,362,89,451,38,3,492,414,61,475,167,2,644,-152,-1.7065229594700797,-129,-1.4482990906028967,-23,-0.2582238688671831
016373,北海道,河西郡芽室町,8480,9293,17773,8033,556,48,604,85,1,690,590,27,617,253,2,872,-182,-1.01364522417154,-168,-0.9356725146198831,-14,-0.07797270955165692
016381,北海道,河西郡中札内村,1851,1972,3823,1917,163,18,181,20,1,202,192,13,205,58,2,265,-63,-1.6212043232115285,-38,-0.9778692743180649,-25,-0.6433350488934637
016390,北海道,河西郡更別村,1514,1570,3084,1362,105,2,107,25,0,132,130,0,130,46,1,177,-45,-1.4381591562799616,-21,-0.6711409395973155,-24,-0.7670182166826461
016411,北海道,広尾郡大樹町,2670,2596,5266,2805,270,89,359,25,0,384,320,48,368,83,4,455,-71,-1.3303353944163387,-58,-1.0867528574105303,-13,-0.24358253700580854
016420,北海道,広尾郡広尾町,2842,3038,5880,3123,205,14,219,25,7,251,249,13,262,117,1,380,-129,-2.1467798302546184,-92,-1.5310367781660843,-37,-0.6157430520885339
016438,北海道,中川郡幕別町,11994,13275,25269,12671,805,91,896,116,8,1020,933,66,999,364,5,1368,-348,-1.3584728890970839,-248,-0.9681071163680369,-100,-0.39036577272904716
016446,北海道,中川郡池田町,2777,3129,5906,3213,186,2,188,24,0,212,195,11,206,111,1,318,-106,-1.763140385894877,-87,-1.4471057884231537,-19,-0.3160345974717232
016454,北海道,中川郡豊頃町,1418,1460,2878,1463,189,32,221,18,0,239,229,16,245,52,1,298,-59,-2.0088525706503235,-34,-1.1576438542730678,-25,-0.8512087163772558
016462,北海道,中川郡本別町,2965,3081,6046,3328,249,14,263,25,2,290,305,8,313,116,5,434,-144,-2.3263327948303716,-91,-1.4701130856219708,-53,-0.8562197092084006
016471,北海道,足寄郡足寄町,2950,3002,5952,3198,197,8,205,18,1,224,302,6,308,134,2,444,-220,-3.56448476992871,-116,-1.8794556059624108,-104,-1.6850291639662993
016489,北海道,足寄郡陸別町,1063,1057,2120,1248,92,12,104,5,4,113,91,13,104,48,0,152,-39,-1.8063918480778138,-43,-1.9916628068550255,4,0.18527095877721167
016497,北海道,十勝郡浦幌町,2028,2080,4108,2163,126,25,151,18,0,169,170,6,176,77,3,256,-87,-2.0738974970202624,-59,-1.4064362336114422,-28,-0.6674612634088201
016616,北海道,釧路郡釧路町,8744,9636,18380,9638,814,22,836,65,10,911,911,29,940,228,5,1173,-262,-1.4054286020813216,-163,-0.8743697028215857,-99,-0.531058899259736
016624,北海道,厚岸郡厚岸町,3883,4312,8195,4210,240,61,301,36,3,340,309,47,356,179,5,540,-200,-2.3823704586063132,-143,-1.703394877903514,-57,-0.6789755807027993
016632,北海道,厚岸郡浜中町,2559,2687,5246,2546,201,88,289,23,7,319,291,31,322,79,5,406,-87,-1.6313519594974686,-56,-1.0500656291018189,-31,-0.5812863303956498
016641,北海道,川上郡標茶町,3357,3479,6836,3583,258,47,305,22,1,328,334,24,358,127,6,491,-163,-2.328904129161309,-105,-1.5002143163309045,-58,-0.8286898128304043
016659,北海道,川上郡弟子屈町,3099,3333,6432,3696,228,20,248,31,1,280,334,23,357,128,3,488,-208,-3.132530120481928,-97,-1.4608433734939759,-111,-1.6716867469879517
016675,北海道,阿寒郡鶴居村,1222,1210,2432,1187,114,14,128,11,0,139,111,18,129,44,0,173,-34,-1.37875101378751,-33,-1.338199513381995,-1,-0.04055150040551501
016683,北海道,白糠郡白糠町,3289,3714,7003,3942,186,68,254,21,1,276,210,50,260,133,7,400,-124,-1.739862494738319,-112,-1.5714887049249333,-12,-0.16837378981338572
016918,北海道,野付郡別海町,7123,6841,13964,6822,541,115,656,64,10,730,666,112,778,179,19,976,-246,-1.7311752287121747,-115,-0.8092892329345531,-131,-0.9218859957776213
016926,北海道,標津郡中標津町,11004,11253,22257,11513,902,129,1031,128,11,1170,1020,60,1080,266,7,1353,-183,-0.8155080213903744,-138,-0.6149732620320856,-45,-0.2005347593582888
016934,北海道,標津郡標津町,2315,2483,4798,2369,175,35,210,25,1,236,196,22,218,65,4,287,-51,-1.0517632501546712,-40,-0.8249123530624871,-11,-0.22685089709218398
016942,北海道,目梨郡羅臼町,2159,2108,4267,2003,133,30,163,9,2,174,201,11,212,59,3,274,-100,-2.289901534234028,-50,-1.144950767117014,-50,-1.144950767117014
016951,北海道,色丹郡色丹村,0,0,0,0,0,0,0,0,0,0,0,0,0,0,0,0,0,0,0,0,0,0
016969,北海道,国後郡泊村,0,0,0,0,0,0,0,0,0,0,0,0,0,0,0,0,0,0,0,0,0,0
016977,北海道,国後郡留夜別村,0,0,0,0,0,0,0,0,0,0,0,0,0,0,0,0,0,0,0,0,0,0
016985,北海道,択捉郡留別村,0,0,0,0,0,0,0,0,0,0,0,0,0,0,0,0,0,0,0,0,0,0
016993,北海道,紗那郡紗那村,0,0,0,0,0,0,0,0,0,0,0,0,0,0,0,0,0,0,0,0,0,0
017001,北海道,蘂取郡蘂取村,0,0,0,0,0,0,0,0,0,0,0,0,0,0,0,0,0,0,0,0,0,0
020001,青森県,-,562295,623472,1185767,592182,29814,2439,32253,5133,279,37665,35220,1382,36602,20528,346,57476,-19811,-1.6432781620102557,-15395,-1.2769808340895406,-4416,-0.36629732792071523
022012,青森県,青森市,123008,140504,263512,136186,6193,383,6576,1211,88,7875,7424,176,7600,4230,53,11883,-4008,-1.4982057416267942,-3019,-1.1285137559808613,-989,-0.369691985645933
022021,青森県,弘前市,73636,85852,159488,80407,4052,395,4447,717,25,5189,4701,182,4883,2730,46,7659,-2470,-1.5250867508860322,-2013,-1.2429148297706814,-457,-0.2821719211153509
022039,青森県,八戸市,103104,111976,215080,110032,5538,434,5972,1049,46,7067,6438,343,6781,3287,101,10169,-3102,-1.4217488152093207,-2238,-1.0257491452090455,-864,-0.395999670000275
022047,青森県,黒石市,14224,16204,30428,14030,648,77,725,130,3,858,828,54,882,543,8,1433,-575,-1.8546592265264652,-413,-1.3321291487920524,-162,-0.5225300777344127
022055,青森県,五所川原市,22829,26982,49811,25546,1233,78,1311,184,3,1498,1319,37,1356,932,23,2311,-813,-1.605957648546144,-748,-1.4775600505689002,-65,-0.12839759797724398
022063,青森県,十和田市,27434,29927,57361,28148,1434,123,1557,206,8,1771,1689,63,1752,965,21,2738,-967,-1.6578658620216704,-759,-1.301261829652997,-208,-0.3566040323686737
022071,青森県,三沢市,18580,18800,37380,19491,1846,166,2012,218,10,2240,2123,131,2254,493,12,2759,-519,-1.3694292725401724,-275,-0.7256128130029816,-244,-0.6438164595371909
022080,青森県,むつ市,25212,26394,51606,28071,1659,65,1724,202,23,1949,2114,32,2146,938,3,3087,-1138,-2.1575913848020627,-736,-1.3954193841953586,-402,-0.7621720006067041
022098,青森県,つがる市,13535,15271,28806,13396,517,37,554,96,4,654,721,17,738,579,3,1320,-666,-2.259771986970684,-483,-1.6388436482084692,-183,-0.620928338762215
022101,青森県,平川市,13832,15521,29353,12390,579,50,629,155,4,788,631,22,653,488,7,1148,-360,-1.211590886144112,-333,-1.1207215696833035,-27,-0.0908693164608084
023001,青森県,東津軽郡,9192,10064,19256,9742,321,49,370,46,3,419,462,7,469,475,7,951,-532,-2.688498079644229,-429,-2.1679805942995753,-103,-0.5205174853446533
023019,青森県,東津軽郡平内町,4638,5092,9730,4729,147,26,173,29,1,203,210,5,215,204,2,421,-218,-2.191395255327704,-175,-1.759147567350221,-43,-0.4322476879774829
023035,青森県,東津軽郡今別町,998,1098,2096,1264,35,0,35,1,2,38,61,0,61,72,2,135,-97,-4.423164614683082,-71,-3.2375740994072046,-26,-1.1855905152758779
023043,青森県,東津軽郡蓬田村,1181,1253,2434,1122,31,0,31,4,0,35,52,0,52,44,0,96,-61,-2.4448897795591185,-40,-1.6032064128256511,-21,-0.8416833667334669
023078,青森県,東津軽郡外ヶ浜町,2375,2621,4996,2627,108,23,131,12,0,143,139,2,141,155,3,299,-156,-3.027950310559006,-143,-2.775621118012422,-13,-0.25232919254658387
023205,青森県,西津軽郡,7215,8093,15308,7824,249,26,275,25,2,302,377,24,401,386,3,790,-488,-3.0893897189161814,-361,-2.285388706001519,-127,-0.8040010129146619
023213,青森県,西津軽郡鰺ヶ沢町,3999,4506,8505,4339,151,11,162,14,1,177,212,12,224,204,2,430,-253,-2.888787394382279,-190,-2.169445078785111,-63,-0.7193423155971682
023230,青森県,西津軽郡深浦町,3216,3587,6803,3485,98,15,113,11,1,125,165,12,177,182,1,360,-235,-3.3390167661267407,-171,-2.4296675191815855,-64,-0.9093492469451548
023400,青森県,中津軽郡,568,642,1210,530,30,0,30,7,0,37,29,0,29,40,0,69,-32,-2.576489533011272,-33,-2.657004830917874,1,0.08051529790660225
023434,青森県,中津軽郡西目屋村,568,642,1210,530,30,0,30,7,0,37,29,0,29,40,0,69,-32,-2.576489533011272,-33,-2.657004830917874,1,0.08051529790660225
023604,青森県,南津軽郡,13928,15842,29770,13164,617,21,638,122,4,764,639,10,649,583,6,1238,-474,-1.5672530088612617,-461,-1.5242692765507209,-13,-0.04298373231054093
023612,青森県,南津軽郡藤崎町,6711,7589,14300,6208,319,15,334,70,0,404,299,3,302,224,0,526,-122,-0.845929829427264,-154,-1.0678130633753988,32,0.2218832339481348
023621,青森県,南津軽郡大鰐町,3787,4444,8231,4036,124,1,125,22,3,150,180,4,184,202,3,389,-239,-2.82172373081464,-180,-2.125147579693034,-59,-0.6965761511216056
023671,青森県,南津軽郡田舎館村,3430,3809,7239,2920,174,5,179,30,1,210,160,3,163,157,3,323,-113,-1.5369967355821545,-127,-1.7274211099020675,14,0.19042437431991296
023809,青森県,北津軽郡,15445,17710,33155,15581,625,50,675,99,11,785,756,23,779,695,2,1476,-691,-2.0416001890917688,-596,-1.7609170950777049,-95,-0.2806830940140637
023817,青森県,北津軽郡板柳町,5617,6581,12198,5399,228,14,242,48,0,290,258,7,265,272,0,537,-247,-1.984732824427481,-224,-1.7999196464443552,-23,-0.18481317798312574
023841,青森県,北津軽郡鶴田町,5390,6150,11540,5354,203,14,217,35,8,260,264,7,271,205,0,476,-216,-1.837359646138142,-170,-1.4460700918679823,-46,-0.39128955427015993
023876,青森県,北津軽郡中泊町,4438,4979,9417,4828,194,22,216,16,3,235,234,9,243,218,2,463,-228,-2.363919129082426,-202,-2.0943494038361843,-26,-0.26956972524624156
024007,青森県,上北郡,44784,46499,91283,43316,2724,389,3113,428,24,3565,2876,232,3108,1617,37,4762,-1197,-1.294333910034602,-1189,-1.2856833910034602,-8,-0.008650519031141867
024015,青森県,上北郡野辺地町,5545,6310,11855,6305,290,82,372,40,2,414,298,41,339,240,7,586,-172,-1.4301155732934232,-200,-1.6629250852249107,28,0.2328095119314875
024023,青森県,上北郡七戸町,6729,7285,14014,6790,287,38,325,41,2,368,335,22,357,316,1,674,-306,-2.136871508379888,-275,-1.920391061452514,-31,-0.21648044692737428
024058,青森県,上北郡六戸町,5203,5348,10551,4705,273,55,328,52,1,381,328,18,346,185,13,544,-163,-1.521373903304088,-133,-1.241366436438305,-30,-0.2800074668657831
024066,青森県,上北郡横浜町,2038,2010,4048,2123,76,16,92,9,0,101,125,11,136,98,0,234,-133,-3.1810571633580484,-89,-2.128677349916288,-44,-1.0523798134417603
024082,青森県,上北郡東北町,7781,8224,16005,7258,306,77,383,64,1,448,424,63,487,304,6,797,-349,-2.1340344869756636,-240,-1.4675308792955852,-109,-0.6665036076800783
024112,青森県,上北郡六ヶ所村,5314,4314,9628,5037,437,40,477,51,1,529,470,18,488,147,2,637,-108,-1.1092851273623665,-96,-0.9860312243221034,-12,-0.12325390304026293
024121,青森県,上北郡おいらせ町,12174,13008,25182,11098,1055,81,1136,171,17,1324,896,59,955,327,8,1290,34,0.1351996182599014,-156,-0.6203276602513123,190,0.7555272785112136
024201,青森県,下北郡,6852,6532,13384,6906,325,16,341,44,8,393,528,5,533,312,2,847,-454,-3.280820927879751,-268,-1.9366960543431133,-186,-1.3441248735366382
024236,青森県,下北郡大間町,2381,2268,4649,2461,123,3,126,22,2,150,170,1,171,100,1,272,-122,-2.5571159086145463,-78,-1.6348773841961852,-44,-0.9222385244183608
024244,青森県,下北郡東通村,2896,2657,5553,2755,153,13,166,20,6,192,246,3,249,127,1,377,-185,-3.224119902405019,-107,-1.8647612408504706,-78,-1.3593586615545485
024252,青森県,下北郡風間浦村,746,808,1554,842,29,0,29,2,0,31,57,1,58,37,0,95,-64,-3.955500618046971,-35,-2.1631644004944377,-29,-1.792336217552534
024261,青森県,下北郡佐井村,829,799,1628,848,20,0,20,0,0,20,55,0,55,48,0,103,-83,-4.8509643483343075,-48,-2.805376972530684,-35,-2.0455873758036236
024406,青森県,三戸郡,28917,30659,59576,27422,1224,80,1304,194,13,1511,1565,24,1589,1235,12,2836,-1325,-2.1756621401947425,-1041,-1.7093315380699823,-284,-0.4663306021247598
024414,青森県,三戸郡三戸町,4208,4559,8767,4112,168,20,188,14,2,204,258,3,261,198,0,459,-255,-2.82642429616493,-184,-2.039459099977832,-71,-0.7869651961870983
024422,青森県,三戸郡五戸町,7395,7890,15285,6972,271,13,284,44,4,332,375,4,379,320,1,700,-368,-2.3509870312400176,-276,-1.7632402734300132,-92,-0.5877467578100044
024431,青森県,三戸郡田子町,2278,2440,4718,2055,74,5,79,13,1,93,94,0,94,98,0,192,-99,-2.055221091965954,-85,-1.7645837658293542,-14,-0.29063732613659954
024457,青森県,三戸郡南部町,7697,8488,16185,7377,299,23,322,59,2,383,364,11,375,362,4,741,-358,-2.164057305204618,-303,-1.8315904007737411,-55,-0.3324669044308771
024465,青森県,三戸郡階上町,6311,6251,12562,6023,378,19,397,57,4,458,419,6,425,202,6,633,-175,-1.373949909711863,-145,-1.1384156394755436,-30,-0.2355342702363194
024503,青森県,三戸郡新郷村,1028,1031,2059,883,34,0,34,7,0,41,55,0,55,55,1,111,-70,-3.2879286049788634,-48,-2.254579614842649,-22,-1.0333489901362143
030007,岩手県,-,557528,596372,1153900,534966,30880,2801,33681,4929,166,38776,35859,1354,37213,19678,334,57225,-18449,-1.5736781453304434,-14749,-1.2580724681814033,-3700,-0.3156056771490401
032018,岩手県,盛岡市,131015,146408,277423,138578,9487,555,10042,1490,37,11569,10250,282,10532,3818,82,14432,-2863,-1.0214566549881192,-2328,-0.8305801930884881,-535,-0.1908764618996311
032026,岩手県,宮古市,21895,23737,45632,22418,838,27,865,155,1,1021,1330,18,1348,899,8,2255,-1234,-2.6330388767976785,-744,-1.587504800921777,-490,-1.0455340758759015
032034,岩手県,大船渡市,15307,16752,32059,14722,613,117,730,119,7,856,957,23,980,644,18,1642,-786,-2.393058304155884,-525,-1.5984168062109911,-261,-0.7946414979448927
032051,岩手県,花巻市,43051,46816,89867,39002,2105,241,2346,362,15,2723,2294,110,2404,1524,22,3950,-1227,-1.3469602827848157,-1162,-1.2756054185786112,-65,-0.07135486420620459
032069,岩手県,北上市,45802,45288,91090,42022,3528,280,3808,468,22,4298,3348,142,3490,1244,21,4755,-457,-0.49919713371273766,-776,-0.8476520257354146,319,0.3484548920226769
032077,岩手県,久慈市,15085,16131,31216,15332,638,65,703,111,14,828,962,55,1017,586,9,1612,-784,-2.45,-475,-1.484375,-309,-0.965625
032085,岩手県,遠野市,11543,12387,23930,10658,476,40,516,90,1,607,628,36,664,536,5,1205,-598,-2.438030006523157,-446,-1.8183300717547293,-152,-0.6196999347684279
032093,岩手県,一関市,51511,53994,105505,46286,2167,316,2483,363,13,2859,2668,137,2805,2082,22,4909,-2050,-1.9060015805866766,-1719,-1.598252057087072,-331,-0.3077495234996049
032107,岩手県,陸前高田市,8291,8935,17226,7579,336,22,358,53,1,412,448,15,463,361,9,833,-421,-2.3856746189153966,-308,-1.7453391511305039,-113,-0.6403354677848926
032115,岩手県,釜石市,13825,15109,28934,15367,642,107,749,118,1,868,1039,84,1123,696,17,1836,-968,-3.2372416560765163,-578,-1.9329810715002342,-390,-1.3042605845762825
032131,岩手県,二戸市,11464,12693,24157,11680,531,45,576,87,1,664,683,16,699,461,2,1162,-498,-2.019874264854999,-374,-1.516933684850943,-124,-0.502940580004056
032140,岩手県,八幡平市,11215,11964,23179,10787,479,339,818,60,4,882,629,101,730,498,16,1244,-362,-1.5377426617390935,-438,-1.860583662546196,76,0.3228410008071025
032158,岩手県,奥州市,52616,55182,107798,46554,2112,266,2378,451,25,2854,2705,122,2827,1962,14,4803,-1949,-1.7759027581619544,-1511,-1.376803010560653,-438,-0.3990997476013012
032166,岩手県,滝沢市,26774,27639,54413,24238,1849,55,1904,271,6,2181,2090,41,2131,548,22,2701,-520,-0.9466076857262483,-277,-0.50425063258879,-243,-0.4423570531374583
033006,岩手県,岩手郡,15569,16261,31830,14280,653,75,728,103,2,833,816,45,861,698,19,1578,-745,-2.287029930928626,-595,-1.82655410590944,-150,-0.4604758250191865
033014,岩手県,岩手郡雫石町,7263,7732,14995,6361,289,21,310,58,0,368,336,21,357,307,10,674,-306,-1.9998692895889156,-249,-1.6273446179988236,-57,-0.37252467159009217
033022,岩手県,岩手郡葛巻町,2639,2654,5293,2629,107,12,119,16,0,135,138,4,142,133,0,275,-140,-2.5768452052273143,-117,-2.1535063500828273,-23,-0.4233388551444873
033031,岩手県,岩手郡岩手町,5667,5875,11542,5290,257,42,299,29,2,330,342,20,362,258,9,629,-299,-2.525124567181826,-229,-1.933958280550629,-70,-0.5911662866311967
033201,岩手県,紫波郡,28285,30559,58844,24324,2040,46,2086,286,5,2377,1941,28,1969,801,8,2778,-401,-0.6768503671195881,-515,-0.8692716684952316,114,0.1924213013756435
033219,岩手県,紫波郡紫波町,15766,16918,32684,13102,937,31,968,151,0,1119,851,13,864,471,4,1339,-220,-0.6686117189399465,-320,-0.9725261366399223,100,0.3039144176999757
033227,岩手県,紫波郡矢巾町,12519,13641,26160,11222,1103,15,1118,135,5,1258,1090,15,1105,330,4,1439,-181,-0.6871417182339319,-195,-0.740290801412247,14,0.05314908317831517
033600,岩手県,和賀郡,2199,2460,4659,2168,68,16,84,3,0,87,129,11,140,128,0,268,-181,-3.7396694214876036,-125,-2.5826446280991737,-56,-1.1570247933884297
033669,岩手県,和賀郡西和賀町,2199,2460,4659,2168,68,16,84,3,0,87,129,11,140,128,0,268,-181,-3.7396694214876036,-125,-2.5826446280991737,-56,-1.1570247933884297
033804,岩手県,胆沢郡,7762,7357,15119,6503,616,45,661,65,4,730,566,10,576,211,7,794,-64,-0.42152407297635514,-146,-0.9616017914773102,82,0.540077718500955
033812,岩手県,胆沢郡金ケ崎町,7762,7357,15119,6503,616,45,661,65,4,730,566,10,576,211,7,794,-64,-0.42152407297635514,-146,-0.9616017914773102,82,0.540077718500955
034002,岩手県,西磐井郡,3267,3467,6734,2607,136,3,139,19,0,158,146,6,152,131,0,283,-125,-1.8224230937454438,-112,-1.6328910919959176,-13,-0.18953200174952617
034029,岩手県,西磐井郡平泉町,3267,3467,6734,2607,136,3,139,19,0,158,146,6,152,131,0,283,-125,-1.8224230937454438,-112,-1.6328910919959176,-13,-0.18953200174952617
034401,岩手県,気仙郡,2316,2365,4681,2067,72,30,102,6,0,108,119,2,121,110,13,244,-136,-2.8233340253269668,-104,-2.1590201370147395,-32,-0.6643138883122276
034410,岩手県,気仙郡住田町,2316,2365,4681,2067,72,30,102,6,0,108,119,2,121,110,13,244,-136,-2.8233340253269668,-104,-2.1590201370147395,-32,-0.6643138883122276
034606,岩手県,上閉伊郡,5012,5480,10492,5232,212,25,237,44,3,284,283,7,290,211,0,501,-217,-2.026332990942198,-167,-1.5594359884209543,-50,-0.4668970025212438
034614,岩手県,上閉伊郡大槌町,5012,5480,10492,5232,212,25,237,44,3,284,283,7,290,211,0,501,-217,-2.026332990942198,-167,-1.5594359884209543,-50,-0.4668970025212438
034801,岩手県,下閉伊郡,13278,13600,26878,12859,533,31,564,86,2,652,774,22,796,593,2,1391,-739,-2.6758880399753773,-507,-1.8358257594959626,-232,-0.8400622804794148
034827,岩手県,下閉伊郡山田町,6792,7062,13854,6408,273,6,279,54,1,334,427,8,435,284,1,720,-386,-2.710674157303371,-230,-1.6151685393258428,-156,-1.095505617977528
034835,岩手県,下閉伊郡岩泉町,3864,3979,7843,4055,135,20,155,20,0,175,186,8,194,176,0,370,-195,-2.425976611097288,-156,-1.9407812888778304,-39,-0.4851953222194576
034843,岩手県,下閉伊郡田野畑村,1464,1424,2888,1334,72,1,73,4,1,78,81,5,86,81,0,167,-89,-2.989586832381592,-77,-2.586496472959355,-12,-0.40309035942223714
034851,岩手県,下閉伊郡普代村,1158,1135,2293,1062,53,4,57,8,0,65,80,1,81,52,1,134,-69,-2.9212531752751905,-44,-1.8628281117696865,-25,-1.0584250635055037
035009,岩手県,九戸郡,15318,16313,31631,14288,535,45,580,97,2,679,726,20,746,686,14,1446,-767,-2.3674300882770543,-589,-1.8180134576208409,-178,-0.5494166306562134
035017,岩手県,九戸郡軽米町,3873,4034,7907,3651,120,10,130,29,0,159,182,6,188,193,5,386,-227,-2.790754856159331,-164,-2.016228178018195,-63,-0.774526678141136
035033,岩手県,九戸郡野田村,1898,2003,3901,1678,72,2,74,14,0,88,92,1,93,66,3,162,-74,-1.861635220125786,-52,-1.3081761006289307,-22,-0.5534591194968553
035068,岩手県,九戸郡九戸村,2411,2673,5084,2190,73,21,94,13,2,109,139,2,141,119,3,263,-154,-2.940053455517373,-106,-2.0236731576937763,-48,-0.9163802978235969
035076,岩手県,九戸郡洋野町,7136,7603,14739,6769,270,12,282,41,0,323,313,11,324,308,3,635,-312,-2.0729519633246962,-267,-1.7739685070759417,-45,-0.2989834562487542
035203,岩手県,二戸郡,5128,5475,10603,5415,214,10,224,22,0,246,328,21,349,250,4,603,-357,-3.2572992700729926,-228,-2.0802919708029197,-129,-1.177007299270073
035246,岩手県,二戸郡一戸町,5128,5475,10603,5415,214,10,224,22,0,246,328,21,349,250,4,603,-357,-3.2572992700729926,-228,-2.0802919708029197,-129,-1.177007299270073
040002,宮城県,-,1084679,1140301,2224980,1052122,94295,7426,101721,11446,1042,114209,98026,3596,101622,28980,1016,131618,-17409,-0.7763594987310408,-17534,-0.7819339106640285,125,0.005574411932987542
041009,宮城県,仙台市,514228,549914,1064142,548719,60175,4567,64742,6278,641,71661,59899,2110,62009,11272,600,73881,-2220,-0.20818446268715501,-4994,-0.4683212642611046,2774,0.2601368015739495
041017,宮城県,仙台市青葉区,142144,154194,296338,162453,18099,2628,20727,1650,224,22601,17660,1166,18826,3206,254,22286,315,0.10641065052377688,-1556,-0.5256348324285613,1871,0.6320454829523382
041025,宮城県,仙台市宮城野区,91422,96119,187541,98847,12399,586,12985,1245,149,14379,12927,230,13157,1795,109,15061,-682,-0.36233616508078187,-550,-0.292206584742566,-132,-0.07012958033821584
041033,宮城県,仙台市若林区,67418,70755,138173,71967,8598,376,8974,857,79,9910,8556,165,8721,1375,55,10151,-241,-0.1741153351539584,-518,-0.3742396000404583,277,0.20012426488649993
041041,宮城県,仙台市太白区,113354,121356,234710,115895,12137,526,12663,1513,126,14302,11438,209,11647,2645,72,14364,-62,-0.026408600684919837,-1132,-0.48216993508595574,1070,0.4557613344010359
041050,宮城県,仙台市泉区,99890,107490,207380,99557,8942,451,9393,1013,63,10469,9318,340,9658,2251,110,12019,-1550,-0.7418752692289284,-1238,-0.5925429569712344,-312,-0.14933231225769397
042021,宮城県,石巻市,64279,68168,132447,62480,2814,416,3230,590,21,3841,3654,234,3888,2172,45,6105,-2264,-1.680634840510426,-1582,-1.1743658647029567,-682,-0.5062689758074693
042030,宮城県,塩竈市,24782,26944,51726,24416,1677,214,1891,203,8,2102,1554,91,1645,747,42,2434,-332,-0.637750201698106,-544,-1.044988282300511,212,0.407238080602405
042056,宮城県,気仙沼市,27112,29188,56300,26145,1029,172,1201,179,12,1392,1530,84,1614,1126,4,2744,-1352,-2.3451051134392564,-947,-1.6426143065288283,-405,-0.7024908069104281
042064,宮城県,白石市,15045,15524,30569,14011,649,126,775,92,8,875,928,36,964,566,5,1535,-660,-2.113420218386756,-474,-1.5178199750232155,-186,-0.5956002433635403
042072,宮城県,名取市,39174,40618,79792,33971,3443,175,3618,484,19,4121,3200,68,3268,764,17,4049,72,0.09031610637230306,-280,-0.35122930255895635,352,0.4415454089312594
042081,宮城県,角田市,13181,13288,26469,11524,744,57,801,78,7,886,778,42,820,506,8,1334,-448,-1.664375673366274,-428,-1.5900731879481367,-20,-0.07430248541813723
042099,宮城県,多賀城市,30573,31055,61628,28380,3389,86,3475,387,31,3893,3529,60,3589,691,46,4326,-433,-0.6977006493611124,-304,-0.4898406406599958,-129,-0.20786000870111665
042111,宮城県,岩沼市,21360,21777,43137,19110,1789,178,1967,218,9,2194,1884,77,1961,504,40,2505,-311,-0.7157981955440986,-286,-0.6582581476707788,-25,-0.05754004787331983
042129,宮城県,登米市,35324,36595,71919,27171,1212,110,1322,270,33,1625,1645,55,1700,1323,21,3044,-1419,-1.9348768714718154,-1053,-1.4358177206905016,-366,-0.49905915078131396
042137,宮城県,栗原市,29512,31006,60518,24837,970,161,1131,170,79,1380,1359,78,1437,1322,13,2772,-1392,-2.248425133257955,-1152,-1.860765627523825,-240,-0.3876595057341302
042145,宮城県,東松島市,18512,19363,37875,16747,1097,51,1148,197,5,1350,1238,26,1264,545,9,1818,-468,-1.2205617713793913,-348,-0.9075972146154447,-120,-0.31296455676394647
042153,宮城県,大崎市,60130,61905,122035,53069,3102,185,3287,607,64,3958,3686,121,3807,1846,46,5699,-1741,-1.40657316442606,-1239,-1.0010018097207858,-502,-0.40557135470527406
042161,宮城県,富谷市,25793,26659,52452,20699,1853,57,1910,294,7,2211,1750,50,1800,372,5,2177,34,0.0648632149261704,-78,-0.14880384600709678,112,0.21366706093326718
043001,宮城県,刈田郡,5992,6137,12129,5248,350,66,416,39,6,461,340,35,375,248,8,631,-170,-1.382226197251809,-209,-1.6993251483860476,39,0.3170989511342385
043010,宮城県,刈田郡蔵王町,5392,5524,10916,4656,292,63,355,36,6,397,307,29,336,214,5,555,-158,-1.4267653964240563,-178,-1.6073686111612786,20,0.18060321473722232
043028,宮城県,刈田郡七ヶ宿町,600,613,1213,592,58,3,61,3,0,64,33,6,39,34,3,76,-12,-0.9795918367346939,-31,-2.5306122448979593,19,1.5510204081632653
043206,宮城県,柴田郡,38404,38978,77382,34422,2735,151,2886,321,20,3227,3105,98,3203,1128,22,4353,-1126,-1.4342487389820147,-807,-1.0279207214551385,-319,-0.4063280175268762
043214,宮城県,柴田郡大河原町,11439,11858,23297,10540,926,51,977,109,1,1087,962,26,988,327,6,1321,-234,-0.9944328757808848,-218,-0.9264374654710807,-16,-0.06799541030980409
043222,宮城県,柴田郡村田町,4931,4885,9816,4103,231,16,247,24,0,271,322,5,327,189,0,516,-245,-2.4351456117682138,-165,-1.6399960242520624,-80,-0.7951495875161516
043231,宮城県,柴田郡柴田町,18084,18247,36331,16365,1396,67,1463,159,16,1638,1584,39,1623,470,14,2107,-469,-1.2744565217391304,-311,-0.8451086956521738,-158,-0.42934782608695654
043249,宮城県,柴田郡川崎町,3950,3988,7938,3414,182,17,199,29,3,231,237,28,265,142,2,409,-178,-2.193198620009857,-113,-1.3923114834894037,-65,-0.8008871365204534
043401,宮城県,伊具郡,5845,5726,11571,4878,179,34,213,29,7,249,282,26,308,276,5,589,-340,-2.854504239778356,-247,-2.0737133741919234,-93,-0.7807908655864327
043419,宮城県,伊具郡丸森町,5845,5726,11571,4878,179,34,213,29,7,249,282,26,308,276,5,589,-340,-2.854504239778356,-247,-2.0737133741919234,-93,-0.7807908655864327
043605,宮城県,亘理郡,21839,22413,44252,18359,1240,74,1314,198,14,1526,1221,39,1260,647,6,1913,-387,-0.8669549049037837,-449,-1.0058469051726069,62,0.13889200026882323
043613,宮城県,亘理郡亘理町,16181,16644,32825,13481,921,38,959,162,13,1134,931,29,960,423,3,1386,-252,-0.7618586933518758,-261,-0.7890679324001572,9,0.027209239048281285
043621,宮城県,亘理郡山元町,5658,5769,11427,4878,319,36,355,36,1,392,290,10,300,224,3,527,-135,-1.167618059159315,-188,-1.6260162601626018,53,0.45839820100328665
044008,宮城県,宮城郡,32678,33623,66301,27154,2193,117,2310,326,22,2658,2180,74,2254,853,18,3125,-467,-0.699436855978912,-527,-0.789300263599329,60,0.08986340762041696
044016,宮城県,宮城郡松島町,6250,6635,12885,5723,328,25,353,37,4,394,333,5,338,253,3,594,-200,-1.5284677111196026,-216,-1.650745128009171,16,0.1222774168895682
044041,宮城県,宮城郡七ヶ浜町,8741,8812,17553,6954,454,66,520,69,4,593,557,29,586,245,4,835,-242,-1.359932565327339,-176,-0.9890418656926103,-66,-0.37089069963472887
044067,宮城県,宮城郡利府町,17687,18176,35863,14477,1411,26,1437,220,14,1671,1290,40,1330,355,11,1696,-25,-0.06966116807846634,-135,-0.3761703076237182,110,0.3065091395452519
044202,宮城県,黒川郡,20908,19972,40880,17591,1790,210,2000,206,13,2219,1839,82,1921,514,21,2456,-237,-0.5764039205194932,-308,-0.7490818882700586,71,0.17267796775056546
044211,宮城県,黒川郡大和町,14392,13469,27861,12521,1407,86,1493,167,11,1671,1403,53,1456,304,14,1774,-103,-0.36833071091403236,-137,-0.48991560577885856,34,0.1215848948648262
044229,宮城県,黒川郡大郷町,3727,3753,7480,2946,182,116,298,20,2,320,265,22,287,133,4,424,-104,-1.3713080168776373,-113,-1.4899789029535866,9,0.11867088607594937
044245,宮城県,黒川郡大衡村,2789,2750,5539,2124,201,8,209,19,0,228,171,7,178,77,3,258,-30,-0.5386963548213324,-58,-1.0414796193212426,28,0.5027832644999102
044407,宮城県,加美郡,13350,13723,27073,10351,567,39,606,102,4,712,787,32,819,494,18,1331,-619,-2.235302614473494,-392,-1.4155712841253791,-227,-0.819731330348115
044440,宮城県,加美郡色麻町,2969,3134,6103,2091,126,4,130,29,3,162,216,3,219,105,0,324,-162,-2.5857940941739823,-76,-1.2130885873902633,-86,-1.372705506783719
044458,宮城県,加美郡加美町,10381,10589,20970,8260,441,35,476,73,1,550,571,29,600,389,18,1007,-457,-2.132823073692071,-316,-1.4747748168199002,-141,-0.6580482568721706
045004,宮城県,遠田郡,18175,18900,37075,15356,929,57,986,122,6,1114,1112,22,1134,722,6,1862,-748,-1.9776326573777858,-600,-1.5863363561853898,-148,-0.3912963011923962
045012,宮城県,遠田郡涌谷町,7014,7235,14249,5966,259,31,290,39,1,330,411,9,420,288,1,709,-379,-2.5909215203718894,-249,-1.7022149302707137,-130,-0.8887065901011758
045055,宮城県,遠田郡美里町,11161,11665,22826,9390,670,26,696,83,5,784,701,13,714,434,5,1153,-369,-1.5908600991593014,-351,-1.513257167492994,-18,-0.0776029316663074
045802,宮城県,牡鹿郡,2842,2968,5810,3054,179,79,258,14,1,273,225,33,258,113,10,381,-108,-1.8249408583981073,-99,-1.6728624535315983,-9,-0.15207840486650895
045811,宮城県,牡鹿郡女川町,2842,2968,5810,3054,179,79,258,14,1,273,225,33,258,113,10,381,-108,-1.8249408583981073,-99,-1.6728624535315983,-9,-0.15207840486650895
046001,宮城県,本吉郡,5641,5857,11498,4430,190,44,234,42,5,281,301,23,324,229,1,554,-273,-2.319259196329963,-187,-1.5886500722113668,-86,-0.7306091241185965
046060,宮城県,本吉郡南三陸町,5641,5857,11498,4430,190,44,234,42,5,281,301,23,324,229,1,554,-273,-2.319259196329963,-187,-1.5886500722113668,-86,-0.7306091241185965
050008,秋田県,-,430112,477481,907593,423081,18329,1541,19870,3309,205,23384,21686,1022,22708,17411,292,40411,-17027,-1.8415132703164545,-14102,-1.5251670956717356,-2925,-0.3163461746447189
052019,秋田県,秋田市,138499,155230,293729,147053,7274,710,7984,1353,90,9427,7936,535,8471,4428,115,13014,-3587,-1.2064604663052105,-3075,-1.0342531178947652,-512,-0.17220734841044547
052027,秋田県,能代市,21990,25257,47247,23820,992,78,1070,145,6,1221,1169,27,1196,1086,26,2308,-1087,-2.2489344974552075,-941,-1.9468696983489884,-146,-0.30206479910621925
052035,秋田県,横手市,38410,42367,80777,33817,1361,107,1468,298,23,1789,1715,78,1793,1660,13,3466,-1677,-2.0338613044849247,-1362,-1.6518301113348048,-315,-0.3820311931501201
052043,秋田県,大館市,30972,34520,65492,31131,1249,107,1356,247,10,1613,1560,53,1613,1290,25,2928,-1315,-1.9683566093373448,-1043,-1.5612136452766925,-272,-0.4071429640606523
052060,秋田県,男鹿市,11095,12260,23355,12197,392,27,419,42,3,464,499,15,514,604,5,1123,-659,-2.7442325310235693,-562,-2.340301490797035,-97,-0.40393104022653453
052078,秋田県,湯沢市,19057,20427,39484,17327,589,55,644,77,3,724,874,24,898,866,7,1771,-1047,-2.5832079149293135,-789,-1.9466581135427203,-258,-0.636549801386593
052094,秋田県,鹿角市,12912,14157,27069,12429,494,64,558,69,9,636,666,20,686,591,4,1281,-645,-2.3273435808616583,-522,-1.8835245724182725,-123,-0.443819008443386
052108,秋田県,由利本荘市,34042,36367,70409,30870,1206,100,1306,265,20,1591,1461,71,1532,1348,25,2905,-1314,-1.8320482969200955,-1083,-1.50997587942501,-231,-0.32207241749508525
052116,秋田県,潟上市,14840,16431,31271,14255,748,36,784,143,3,930,732,20,752,523,8,1283,-353,-1.1162408297495574,-380,-1.2016190235264357,27,0.08537819377687832
052124,秋田県,大仙市,34802,38992,73794,31533,1325,58,1383,256,17,1656,1563,44,1607,1461,1,3069,-1413,-1.8788144720571225,-1205,-1.602244471924156,-208,-0.27657000013296634
052132,秋田県,北秋田市,13141,14693,27834,13381,456,38,494,77,1,572,590,22,612,650,12,1274,-702,-2.4600504625735913,-573,-2.007989907485282,-129,-0.4520605550883095
052141,秋田県,にかほ市,10677,11398,22075,9276,466,33,499,50,1,550,477,17,494,438,6,938,-388,-1.7272848684503406,-388,-1.7272848684503406,0,0
052159,秋田県,仙北市,10618,12241,22859,10255,337,36,373,68,3,444,504,12,516,511,1,1028,-584,-2.491148743761464,-443,-1.8896898861067268,-141,-0.6014588576547371
053007,秋田県,鹿角郡,2058,2363,4421,2206,102,17,119,13,1,133,135,17,152,109,1,262,-129,-2.8351648351648353,-96,-2.10989010989011,-33,-0.7252747252747254
053031,秋田県,鹿角郡小坂町,2058,2363,4421,2206,102,17,119,13,1,133,135,17,152,109,1,262,-129,-2.8351648351648353,-96,-2.10989010989011,-33,-0.7252747252747254
053201,秋田県,北秋田郡,902,967,1869,1012,45,0,45,4,0,49,53,0,53,85,0,138,-89,-4.545454545454546,-81,-4.136874361593463,-8,-0.40858018386108275
053279,秋田県,北秋田郡上小阿仁村,902,967,1869,1012,45,0,45,4,0,49,53,0,53,85,0,138,-89,-4.545454545454546,-81,-4.136874361593463,-8,-0.40858018386108275
053406,秋田県,山本郡,10796,12206,23002,10864,308,25,333,52,2,387,468,21,489,611,14,1114,-727,-3.063761641872814,-559,-2.3557672046862486,-168,-0.707994437186565
053465,秋田県,山本郡藤里町,1321,1425,2746,1302,38,0,38,8,0,46,50,0,50,66,3,119,-73,-2.5895707697765165,-58,-2.0574671869457255,-15,-0.5321035828307911
053481,秋田県,山本郡三種町,6600,7570,14170,6637,206,14,220,35,0,255,294,12,306,384,4,694,-439,-3.00499691970703,-349,-2.3889383256896437,-90,-0.6160585940173866
053490,秋田県,山本郡八峰町,2875,3211,6086,2925,64,11,75,9,2,86,124,9,133,161,7,301,-215,-3.412156800507856,-152,-2.412315505475321,-63,-0.9998412950325344
053601,秋田県,南秋田郡,9456,10636,20092,8962,440,19,459,54,8,521,578,12,590,454,8,1052,-531,-2.5747951316491298,-400,-1.939582020074674,-131,-0.6352131115744557
053619,秋田県,南秋田郡五城目町,3670,4144,7814,3718,122,2,124,15,3,142,189,3,192,189,7,388,-246,-3.052109181141439,-174,-2.1588089330024816,-72,-0.8933002481389578
053635,秋田県,南秋田郡八郎潟町,2371,2805,5176,2409,110,2,112,14,4,130,118,1,119,112,0,231,-101,-1.9139662687132841,-98,-1.8571157854841764,-3,-0.05685048322910744
053660,秋田県,南秋田郡井川町,1955,2202,4157,1680,63,3,66,14,1,81,121,1,122,111,1,234,-153,-3.5498839907192576,-97,-2.2505800464037122,-56,-1.2993039443155452
053686,秋田県,南秋田郡大潟村,1460,1485,2945,1155,145,12,157,11,0,168,150,7,157,42,0,199,-31,-1.0416666666666665,-31,-1.0416666666666665,0,0
054208,秋田県,仙北郡,8268,9176,17444,6608,296,11,307,46,2,355,361,14,375,363,4,742,-387,-2.1703774325612697,-317,-1.7778027031574224,-70,-0.39257472940384724
054348,秋田県,仙北郡美郷町,8268,9176,17444,6608,296,11,307,46,2,355,361,14,375,363,4,742,-387,-2.1703774325612697,-317,-1.7778027031574224,-70,-0.39257472940384724
054607,秋田県,雄勝郡,7577,7793,15370,6085,249,20,269,50,3,322,345,20,365,333,17,715,-393,-2.493180232189304,-283,-1.7953435259785575,-110,-0.6978367062107467
054631,秋田県,雄勝郡羽後町,6350,6686,13036,5056,169,19,188,43,2,233,262,17,279,273,12,564,-331,-2.4762474751253087,-230,-1.7206553452532354,-101,-0.755592129872073
054640,秋田県,雄勝郡東成瀬村,1227,1107,2334,1029,80,1,81,7,1,89,83,3,86,60,5,151,-62,-2.5876460767946576,-53,-2.2120200333889817,-9,-0.3756260434056761
060003,山形県,-,491172,521183,1012355,422458,24420,2415,26835,4726,163,31724,28405,1323,29728,16834,316,46878,-15154,-1.4748289309388045,-12108,-1.1783838389736732,-3046,-0.2964450919651312
062014,山形県,山形市,113126,123038,236164,106312,6681,577,7258,1336,43,8637,7175,274,7449,3262,55,10766,-2129,-0.8934379104715623,-1926,-0.8082486686558146,-203,-0.08518924181574784
062022,山形県,米沢市,36643,37986,74629,33587,1943,403,2346,358,24,2728,2517,160,2677,1217,43,3937,-1209,-1.5941876104327644,-859,-1.1326775495134365,-350,-0.46151006091932806
062031,山形県,鶴岡市,56141,60590,116731,49498,2194,340,2534,504,6,3044,2707,211,2918,2058,29,5005,-1961,-1.652175378290028,-1554,-1.3092710544939843,-407,-0.3429043237960435
062049,山形県,酒田市,45123,48801,93924,42416,1940,101,2041,369,10,2420,2394,49,2443,1831,11,4285,-1865,-1.9469876499389285,-1462,-1.5262712837590955,-403,-0.42071636617983277
062057,山形県,新庄市,15511,16851,32362,13786,959,111,1070,141,6,1217,1087,60,1147,539,29,1715,-498,-1.5155203895313452,-398,-1.2111990261716372,-100,-0.30432136335970783
062065,山形県,寒河江市,19274,20143,39417,14854,955,104,1059,232,7,1298,1052,49,1101,519,6,1626,-328,-0.8252610391244182,-287,-0.7221034092338658,-41,-0.10315762989055227
062073,山形県,上山市,13288,14296,27584,11250,600,37,637,100,9,746,728,25,753,479,14,1246,-500,-1.7803731662156388,-379,-1.3495228599914542,-121,-0.43085030622418463
062081,山形県,村山市,10471,10828,21299,7965,430,50,480,75,1,556,555,22,577,419,3,999,-443,-2.037531045901941,-344,-1.5821911507680986,-99,-0.4553398951338423
062090,山形県,長井市,11961,12459,24420,10062,572,77,649,99,4,752,693,40,733,431,19,1183,-431,-1.734336646412619,-332,-1.3359623355196975,-99,-0.39837431089292175
062103,山形県,天童市,29467,30737,60204,23209,1817,149,1966,338,4,2308,1809,108,1917,797,17,2731,-423,-0.6977089415606907,-459,-0.7570884259488346,36,0.059379484388143895
062111,山形県,東根市,23470,24161,47631,18884,1845,96,1941,321,1,2263,1789,38,1827,613,22,2462,-199,-0.41605686807443026,-292,-0.6104955049132343,93,0.1944386368388041
062120,山形県,尾花沢市,6716,6813,13529,5128,170,21,191,35,6,232,373,17,390,305,4,699,-467,-3.336667619319806,-270,-1.9291226064589884,-197,-1.4075450128608173
062138,山形県,南陽市,14087,14983,29070,11553,643,41,684,160,8,852,724,34,758,486,3,1247,-395,-1.3405735618530459,-326,-1.1063974206685898,-69,-0.23417614118445615
063002,山形県,東村山郡,11702,12097,23799,8650,490,33,523,91,7,621,582,24,606,373,3,982,-361,-1.494205298013245,-282,-1.1672185430463575,-79,-0.32698675496688745
063011,山形県,東村山郡山辺町,6571,6773,13344,4864,294,14,308,60,7,375,375,13,388,211,2,601,-226,-1.6654384672070743,-151,-1.1127487103905673,-75,-0.552689756816507
063029,山形県,東村山郡中山町,5131,5324,10455,3786,196,19,215,31,0,246,207,11,218,162,1,381,-135,-1.2747875354107647,-131,-1.2370160528800755,-4,-0.03777148253068933
063207,山形県,西村山郡,16914,17275,34189,13299,708,71,779,91,6,876,851,73,924,694,7,1625,-749,-2.143797584292175,-603,-1.7259144770736732,-146,-0.4178831072185013
063215,山形県,西村山郡河北町,8261,8548,16809,6436,398,42,440,51,3,494,385,35,420,264,1,685,-191,-1.1235294117647059,-213,-1.2529411764705882,22,0.12941176470588237
063223,山形県,西村山郡西川町,2223,2313,4536,1793,98,4,102,10,2,114,108,4,112,117,4,233,-119,-2.556390977443609,-107,-2.2986036519871105,-12,-0.25778732545649835
063231,山形県,西村山郡朝日町,2871,2911,5782,2287,83,13,96,13,0,109,147,10,157,169,0,326,-217,-3.6172695449241536,-156,-2.600433405567595,-61,-1.0168361393565595
063240,山形県,西村山郡大江町,3559,3503,7062,2783,129,12,141,17,1,159,211,24,235,144,2,381,-222,-3.047775947281713,-127,-1.7435475013728723,-95,-1.3042284459088413
063401,山形県,北村山郡,2978,3001,5979,2220,104,4,108,13,0,121,145,2,147,119,0,266,-145,-2.3677335075114305,-106,-1.7308948399738733,-39,-0.6368386675375571
063410,山形県,北村山郡大石田町,2978,3001,5979,2220,104,4,108,13,0,121,145,2,147,119,0,266,-145,-2.3677335075114305,-106,-1.7308948399738733,-39,-0.6368386675375571
063606,山形県,最上郡,16310,17151,33461,12635,525,52,577,83,6,666,807,38,845,805,27,1677,-1011,-2.932815038291947,-722,-2.0944534694824783,-289,-0.8383615688094685
063614,山形県,最上郡金山町,2313,2378,4691,1709,66,8,74,11,0,85,111,10,121,121,0,242,-157,-3.2384488448844886,-110,-2.268976897689769,-47,-0.9694719471947194
063622,山形県,最上郡最上町,3598,3760,7358,2755,114,9,123,16,2,141,189,3,192,181,17,390,-249,-3.273300907059287,-165,-2.169054817930853,-84,-1.1042460891284345
063631,山形県,最上郡舟形町,2288,2374,4662,1832,109,3,112,13,0,125,102,4,106,126,2,234,-109,-2.2846363445818487,-113,-2.3684762104380632,4,0.08383986585621463
063649,山形県,最上郡真室川町,3125,3356,6481,2519,113,8,121,16,0,137,142,1,143,164,0,307,-170,-2.5560066155465346,-148,-2.2252292888287473,-22,-0.3307773267177868
063657,山形県,最上郡大蔵村,1369,1391,2760,1012,30,4,34,6,3,43,62,1,63,47,3,113,-70,-2.4734982332155475,-41,-1.448763250883392,-29,-1.0247349823321554
063665,山形県,最上郡鮭川村,1771,1888,3659,1297,45,4,49,16,1,66,95,2,97,75,2,174,-108,-2.8670029200955667,-59,-1.5662330767188746,-49,-1.3007698433766923
063673,山形県,最上郡戸沢村,1846,2004,3850,1511,48,16,64,5,0,69,106,17,123,91,3,217,-148,-3.701850925462731,-86,-2.1510755377688846,-62,-1.5507753876938468
063801,山形県,東置賜郡,17047,17644,34691,12768,628,52,680,121,4,805,823,44,867,617,9,1493,-688,-1.9446564346081008,-496,-1.4019616156477006,-192,-0.5426948189604003
063819,山形県,東置賜郡高畠町,10439,10867,21306,7816,402,32,434,85,3,522,523,26,549,342,6,897,-375,-1.7296250172962502,-257,-1.1853696785203636,-118,-0.5442553387758867
063827,山形県,東置賜郡川西町,6608,6777,13385,4952,226,20,246,36,1,283,300,18,318,275,3,596,-313,-2.285005110235071,-239,-1.744780259891955,-74,-0.5402248503431158
064009,山形県,西置賜郡,12445,12517,24962,9905,432,43,475,77,6,558,659,25,684,547,7,1238,-680,-2.6518992278293423,-470,-1.8329303486467514,-210,-0.8189688791825911
064017,山形県,西置賜郡小国町,3299,3238,6537,2934,169,16,185,21,1,207,239,6,245,162,0,407,-200,-2.96868042155262,-141,-2.092919697194597,-59,-0.8757607243580228
064025,山形県,西置賜郡白鷹町,6074,6148,12222,4682,175,21,196,37,5,238,254,13,267,251,5,523,-285,-2.2787239146078195,-214,-1.7110418165827135,-71,-0.5676820980251059
064033,山形県,西置賜郡飯豊町,3072,3131,6203,2289,88,6,94,19,0,113,166,6,172,134,2,308,-195,-3.047827446076899,-115,-1.7974366989684278,-80,-1.2503907471084714
064203,山形県,東田川郡,12684,13469,26153,9612,600,44,644,145,3,792,675,20,695,451,8,1154,-362,-1.3652649443711107,-306,-1.1540637375070715,-56,-0.21120120686403923
064262,山形県,東田川郡三川町,3426,3583,7009,2513,197,11,208,36,0,244,185,5,190,107,0,297,-53,-0.7504956103086945,-71,-1.005380911922968,18,0.2548853016142736
064289,山形県,東田川郡庄内町,9258,9886,19144,7099,403,33,436,109,3,548,490,15,505,344,8,857,-309,-1.5884439418084615,-235,-1.20803989101938,-74,-0.3804040507890814
064602,山形県,飽海郡,5814,6343,12157,4865,184,9,193,37,2,232,260,10,270,272,0,542,-310,-2.486564530360151,-235,-1.884976337531082,-75,-0.6015881928290687
064611,山形県,飽海郡遊佐町,5814,6343,12157,4865,184,9,193,37,2,232,260,10,270,272,0,542,-310,-2.486564530360151,-235,-1.884976337531082,-75,-0.6015881928290687
070009,福島県,-,870911,900403,1771314,800927,46616,4415,51031,8340,614,59985,53604,2187,55791,27361,738,83890,-23905,-1.3315924129590875,-19021,-1.059536468809655,-4884,-0.27205594414943246
072010,福島県,福島市,128428,136224,264652,124794,7457,497,7954,1284,127,9365,8493,303,8796,3741,100,12637,-3272,-1.221241844702229,-2457,-0.9170511040444305,-815,-0.3041907406577985
072028,福島県,会津若松市,53295,57546,110841,52385,3099,222,3321,551,46,3918,3614,138,3752,1725,45,5522,-1604,-1.4264751656365335,-1174,-1.0440659878162657,-430,-0.3824091778202677
072036,福島県,郡山市,153133,159300,312433,146408,9459,744,10203,1707,132,12042,10247,361,10608,4040,116,14764,-2722,-0.8637019879107106,-2333,-0.7402706604686583,-389,-0.12343132744205233
072044,福島県,いわき市,149012,154159,303171,146932,6112,987,7099,1599,99,8797,7140,341,7481,4727,132,12340,-3543,-1.1551477924059548,-3128,-1.0198425895133578,-415,-0.135305202892597
072052,福島県,白河市,28520,28565,57085,25575,1832,151,1983,255,33,2271,2156,120,2276,749,30,3055,-784,-1.3547840812870449,-494,-0.853652214484439,-290,-0.5011318668026059
072079,福島県,須賀川市,35983,36935,72918,30678,1638,256,1894,382,4,2280,2086,85,2171,1004,15,3190,-910,-1.2325946795253835,-622,-0.8424987809503169,-288,-0.3900958985750664
072087,福島県,喜多方市,21109,22410,43519,18733,914,80,994,185,8,1187,1093,37,1130,861,21,2012,-825,-1.8604546274580551,-676,-1.5244452462565399,-149,-0.3360093812015154
072095,福島県,相馬市,16062,16199,32261,14242,827,47,874,138,16,1028,1071,43,1114,481,14,1609,-581,-1.7690761829364836,-343,-1.044394373058888,-238,-0.7246818098775958
072109,福島県,二本松市,24945,25413,50358,20673,1073,136,1209,194,13,1416,1345,88,1433,861,27,2321,-905,-1.7654058482726331,-667,-1.301133371047344,-238,-0.4642724772252892
072117,福島県,田村市,16409,16573,32982,12892,623,80,703,120,13,836,758,60,818,632,4,1454,-618,-1.8392857142857142,-512,-1.5238095238095237,-106,-0.31547619047619047
072125,福島県,南相馬市,27845,27929,55774,24516,1661,103,1764,244,15,2023,1850,68,1918,934,15,2867,-844,-1.4906920060758062,-690,-1.2186937016496522,-154,-0.27199830442615425
072133,福島県,伊達市,27343,28654,55997,23314,1278,158,1436,213,11,1660,1403,43,1446,912,73,2431,-771,-1.3581595264937993,-699,-1.231327508455468,-72,-0.12683201803833144
072141,福島県,本宮市,14697,15015,29712,11623,987,63,1050,160,9,1219,895,51,946,406,7,1359,-140,-0.4689803028272812,-246,-0.8240653892536514,106,0.3550850864263701
073008,福島県,伊達郡,14976,15482,30458,13358,789,40,829,98,14,941,798,38,836,574,13,1423,-482,-1.5578539107950873,-476,-1.5384615384615385,-6,-0.019392372333548805
073016,福島県,伊達郡桑折町,5350,5601,10951,4680,358,14,372,55,9,436,320,5,325,205,5,535,-99,-0.8959276018099548,-150,-1.3574660633484164,51,0.46153846153846156
073032,福島県,伊達郡国見町,3917,4178,8095,3383,196,5,201,18,0,219,187,8,195,132,0,327,-108,-1.316591490917957,-114,-1.389735462635621,6,0.07314397171766426
073083,福島県,伊達郡川俣町,5709,5703,11412,5295,235,21,256,25,5,286,291,25,316,237,8,561,-275,-2.3530418413621974,-212,-1.813981346795585,-63,-0.5390604945666124
073202,福島県,安達郡,4391,4426,8817,3197,338,10,348,53,3,404,255,5,260,109,2,371,33,0.3756830601092896,-56,-0.6375227686703097,89,1.0132058287795993
073229,福島県,安達郡大玉村,4391,4426,8817,3197,338,10,348,53,3,404,255,5,260,109,2,371,33,0.3756830601092896,-56,-0.6375227686703097,89,1.0132058287795993
073407,福島県,岩瀬郡,8705,8822,17527,7055,645,64,709,97,6,812,666,20,686,278,2,966,-154,-0.8709914597590634,-181,-1.0236977546518862,27,0.1527062948928228
073423,福島県,岩瀬郡鏡石町,6093,6263,12356,5044,462,9,471,75,6,552,443,7,450,180,2,632,-80,-0.6432936635574139,-105,-0.8443229334191058,25,0.20102926986169187
073440,福島県,岩瀬郡天栄村,2612,2559,5171,2011,183,55,238,22,0,260,223,13,236,98,0,334,-74,-1.4108674928503337,-76,-1.4489990467111535,2,0.038131553860819824
073601,福島県,南会津郡,11036,11279,22315,10330,558,134,692,59,7,758,917,25,942,537,14,1493,-735,-3.188720173535792,-478,-2.0737527114967462,-257,-1.1149674620390455
073628,福島県,南会津郡下郷町,2383,2409,4792,2103,80,1,81,8,2,91,171,3,174,108,3,285,-194,-3.890894504612916,-100,-2.0056157240272765,-94,-1.88527878058564
073644,福島県,南会津郡檜枝岐村,250,234,484,199,15,0,15,0,1,16,30,0,30,5,0,35,-19,-3.7773359840954273,-5,-0.9940357852882704,-14,-2.783300198807157
073679,福島県,南会津郡只見町,1824,1866,3690,1766,90,26,116,9,1,126,134,12,146,118,0,264,-138,-3.605015673981191,-109,-2.847439916405434,-29,-0.7575757575757576
073687,福島県,南会津郡南会津町,6579,6770,13349,6262,373,107,480,42,3,525,582,10,592,306,11,909,-384,-2.7961843734071214,-264,-1.922376756717396,-120,-0.8738076166897255
074004,福島県,耶麻郡,11587,11918,23505,10027,594,87,681,66,9,756,758,61,819,482,3,1304,-548,-2.278302082900262,-416,-1.729513989938885,-132,-0.548788092961377
074021,福島県,耶麻郡北塩原村,1205,1189,2394,1103,94,41,135,3,0,138,116,26,142,28,1,171,-33,-1.3597033374536465,-25,-1.0300782859497322,-8,-0.3296250515039143
074055,福島県,耶麻郡西会津町,2638,2770,5408,2478,105,4,109,18,0,127,131,10,141,138,0,279,-152,-2.7338129496402876,-120,-2.158273381294964,-32,-0.5755395683453237
074071,福島県,耶麻郡磐梯町,1573,1578,3151,1189,98,15,113,7,2,122,134,9,143,57,1,201,-79,-2.4458204334365323,-50,-1.5479876160990713,-29,-0.8978328173374612
074080,福島県,耶麻郡猪苗代町,6171,6381,12552,5257,297,27,324,38,7,369,377,16,393,259,1,653,-284,-2.21252726706139,-221,-1.7217201620442504,-63,-0.4908071050171393
074209,福島県,河沼郡,9817,10221,20038,8032,431,21,452,61,1,514,601,26,627,386,3,1016,-502,-2.4440116845180135,-325,-1.5822784810126582,-177,-0.8617332035053554
074217,福島県,河沼郡会津坂下町,6947,7270,14217,5818,314,21,335,42,1,378,433,25,458,252,3,713,-335,-2.3020890599230346,-210,-1.4431006047278725,-125,-0.8589884551951622
074225,福島県,河沼郡湯川村,1452,1528,2980,1027,66,0,66,8,0,74,86,0,86,58,0,144,-70,-2.2950819672131146,-50,-1.639344262295082,-20,-0.6557377049180327
074233,福島県,河沼郡柳津町,1418,1423,2841,1187,51,0,51,11,0,62,82,1,83,76,0,159,-97,-3.3015656909462217,-65,-2.2123893805309733,-32,-1.0891763104152483
074403,福島県,大沼郡,10853,11425,22278,9524,484,15,499,78,5,582,552,12,564,539,8,1111,-529,-2.3194633226640944,-461,-2.0213092471609593,-68,-0.298154075503135
074446,福島県,大沼郡三島町,677,650,1327,673,28,2,30,0,0,30,45,1,46,37,0,83,-53,-3.8405797101449277,-37,-2.681159420289855,-16,-1.1594202898550725
074454,福島県,大沼郡金山町,865,884,1749,994,87,3,90,6,0,96,65,3,68,60,0,128,-32,-1.7967434025828188,-54,-3.0320044918585065,22,1.235261089275688
074462,福島県,大沼郡昭和村,530,555,1085,609,35,0,35,3,0,38,33,0,33,40,0,73,-35,-3.125,-37,-3.303571428571429,2,0.17857142857142858
074471,福島県,大沼郡会津美里町,8781,9336,18117,7248,334,10,344,69,5,418,409,8,417,402,8,827,-409,-2.207708085933283,-333,-1.797473820576487,-76,-0.41023426535679586
074608,福島県,西白河郡,24209,24038,48247,20293,1972,198,2170,268,11,2449,1822,76,1898,686,18,2602,-153,-0.31611570247933884,-418,-0.8636363636363636,265,0.5475206611570248
074616,福島県,西白河郡西郷村,10482,10134,20616,8988,1042,101,1143,137,2,1282,845,11,856,291,13,1160,122,0.5952961842490485,-154,-0.7514394456914218,276,1.3467356299404705
074641,福島県,西白河郡泉崎村,3052,3040,6092,2441,184,39,223,27,2,252,182,25,207,91,2,300,-48,-0.7817589576547231,-64,-1.0423452768729642,16,0.26058631921824105
074659,福島県,西白河郡中島村,2319,2413,4732,1762,135,12,147,25,1,173,178,16,194,69,0,263,-90,-1.8664454583160512,-44,-0.9124844462878473,-46,-0.953961012028204
074667,福島県,西白河郡矢吹町,8356,8451,16807,7102,611,46,657,79,6,742,617,24,641,235,3,879,-137,-0.8085457979225684,-156,-0.9206798866855523,19,0.11213408876298393
074802,福島県,東白川郡,14186,14415,28601,11525,645,79,724,110,4,838,852,65,917,502,24,1443,-605,-2.071492159145381,-392,-1.3421899609669246,-213,-0.7293021981784564
074811,福島県,東白川郡棚倉町,6305,6484,12789,5100,338,36,374,51,0,425,428,27,455,180,12,647,-222,-1.70624855891169,-129,-0.9914687572054416,-93,-0.7147798017062486
074829,福島県,東白川郡矢祭町,2532,2613,5145,2089,117,19,136,17,0,153,108,20,128,116,5,249,-96,-1.8317115054378934,-99,-1.8889524899828276,3,0.05724098454493417
074837,福島県,東白川郡塙町,3883,3938,7821,3280,150,23,173,33,1,207,200,14,214,146,5,365,-158,-1.9801980198019802,-113,-1.416217571124201,-45,-0.5639804486777792
074845,福島県,東白川郡鮫川村,1466,1380,2846,1056,40,1,41,9,3,53,116,4,120,60,2,182,-129,-4.336134453781513,-51,-1.7142857142857144,-78,-2.6218487394957983
075001,福島県,石川郡,17707,17648,35355,14119,731,100,831,112,7,950,986,47,1033,671,29,1733,-783,-2.166694338369583,-559,-1.5468481930377995,-224,-0.6198461453317837
075019,福島県,石川郡石川町,6817,6837,13654,5792,328,34,362,48,1,411,381,13,394,233,14,641,-230,-1.6565831172572745,-185,-1.3324690290982426,-45,-0.324114088159032
075027,福島県,石川郡玉川村,3024,3026,6050,2204,114,19,133,17,3,153,185,12,197,97,0,294,-141,-2.2774995961880147,-80,-1.2921983524471006,-61,-0.9853012437409143
075035,福島県,石川郡平田村,2719,2633,5352,2173,114,14,128,18,2,148,173,15,188,117,3,308,-160,-2.9027576197387517,-99,-1.7960812772133528,-61,-1.1066763425253991
075043,福島県,石川郡浅川町,2907,2875,5782,2190,119,7,126,19,1,146,133,4,137,122,1,260,-114,-1.9335142469470827,-103,-1.7469470827679783,-11,-0.18656716417910446
075051,福島県,石川郡古殿町,2240,2277,4517,1760,56,26,82,10,0,92,114,3,117,102,11,230,-138,-2.9645542427497316,-92,-1.9763694951664876,-46,-0.9881847475832438
075205,福島県,田村郡,12436,12508,24944,10297,504,52,556,95,4,655,658,31,689,417,9,1115,-460,-1.8107384663832469,-322,-1.2675169264682726,-138,-0.543221539914974
075213,福島県,田村郡三春町,7998,8082,16080,6560,355,23,378,61,4,443,411,16,427,243,5,675,-232,-1.4222658165767532,-182,-1.1157430112800393,-50,-0.30652280529671405
075221,福島県,田村郡小野町,4438,4426,8864,3737,149,29,178,34,0,212,247,15,262,174,4,440,-228,-2.5076990761108666,-140,-1.5398152221733392,-88,-0.9678838539375276
075400,福島県,双葉郡,28227,27348,55575,25690,1728,82,1810,168,11,1989,2199,30,2229,898,14,3141,-1152,-2.0307789941297796,-730,-1.286865161210711,-422,-0.7439138329190684
075418,福島県,双葉郡広野町,2394,2137,4531,2271,238,12,250,11,4,265,281,3,284,57,1,342,-77,-1.6710069444444444,-46,-0.9982638888888888,-31,-0.6727430555555556
075426,福島県,双葉郡楢葉町,3327,3082,6409,3194,306,33,339,28,2,369,310,16,326,113,1,440,-71,-1.095679012345679,-85,-1.3117283950617282,14,0.21604938271604937
075434,福島県,双葉郡富岡町,5915,5401,11316,5762,480,26,506,31,1,538,576,3,579,152,7,738,-200,-1.736714136853074,-121,-1.0507120527961098,-79,-0.6860020840569642
075442,福島県,双葉郡川内村,1125,1108,2233,1140,83,3,86,6,0,92,91,3,94,49,1,144,-52,-2.2757111597374178,-43,-1.8818380743982492,-9,-0.39387308533916854
075451,福島県,双葉郡大熊町,5001,4943,9944,4096,271,2,273,35,3,311,202,1,203,116,3,322,-11,-0.11049723756906078,-81,-0.8136614766449021,70,0.7031642390758412
075469,福島県,双葉郡双葉町,2580,2714,5294,2196,70,0,70,10,1,81,119,1,120,103,0,223,-142,-2.612214863870493,-93,-1.7108167770419427,-49,-0.9013980868285504
075477,福島県,双葉郡浪江町,7259,7373,14632,6565,235,5,240,42,0,282,546,0,546,278,0,824,-542,-3.571899301436668,-236,-1.5552919467510216,-306,-2.0166073546856467
075485,福島県,双葉郡葛尾村,626,590,1216,466,45,1,46,5,0,51,74,3,77,30,1,108,-57,-4.477611940298507,-25,-1.9638648860958365,-32,-2.513747054202671
075604,福島県,相馬郡,6000,5951,11951,4715,237,9,246,43,6,295,389,13,402,209,0,611,-316,-2.5760169560609767,-166,-1.3532240971712726,-150,-1.2227928588897041
075612,福島県,相馬郡新地町,3721,3724,7445,2922,186,7,193,39,2,234,235,11,246,124,0,370,-136,-1.7939585806621818,-85,-1.1212241129138636,-51,-0.6727344677483181
075647,福島県,相馬郡飯舘村,2279,2227,4506,1793,51,2,53,4,4,61,154,2,156,85,0,241,-180,-3.841229193341869,-81,-1.7285531370038414,-99,-2.112676056338028
080004,茨城県,-,1431244,1417353,2848597,1327389,98734,25384,124118,14557,1392,140067,105268,9148,114416,39013,3731,157160,-17093,-0.5964706580265137,-24456,-0.8534070328611957,7363,0.25693637483468207
082015,茨城県,水戸市,131087,136380,267467,132128,9717,974,10691,1669,18,12378,9720,410,10130,3473,151,13754,-1376,-0.5118228854759097,-1804,-0.6710236085745211,428,0.15920072309861147
082023,茨城県,日立市,81881,81974,163855,80994,3437,402,3839,644,45,4528,4934,219,5153,2656,62,7871,-3343,-1.9994258304525174,-2012,-1.2033636765990023,-1331,-0.796062153853515
082031,茨城県,土浦市,71080,70491,141571,72245,6944,1488,8432,742,87,9261,6643,453,7096,2032,175,9303,-42,-0.029658294083170333,-1290,-0.9109333182688031,1248,0.8812750241856326
082040,茨城県,古河市,70892,68920,139812,65640,4681,1567,6248,679,50,6977,5221,454,5675,1819,170,7664,-687,-0.488971451754105,-1140,-0.811393675399825,453,0.3224222236457199
082058,茨城県,石岡市,34849,35088,69937,31925,1875,264,2139,298,31,2468,2122,148,2270,1182,60,3512,-1044,-1.470816133894986,-884,-1.2454036995815783,-160,-0.22541243431340782
082074,茨城県,結城市,25241,24287,49528,21600,1755,484,2239,243,6,2488,1811,204,2015,770,111,2896,-408,-0.8170458186478692,-527,-1.055350849086831,119,0.2383050304389619
082082,茨城県,龍ケ崎市,37209,37708,74917,36036,2613,1564,4177,291,55,4523,3640,343,3983,955,177,5115,-592,-0.7840125018209749,-664,-0.8793653736640665,72,0.09535287184309155
082104,茨城県,下妻市,21513,20558,42071,18796,1606,827,2433,194,23,2650,1927,205,2132,558,161,2851,-201,-0.4754920514761544,-364,-0.8610900832702498,163,0.38559803179409535
082112,茨城県,常総市,30759,29837,60596,26245,2098,1139,3237,266,57,3560,2607,496,3103,858,183,4144,-584,-0.9545603138280484,-592,-0.9676364825106244,8,0.013076168682576005
082121,茨城県,常陸太田市,22870,23520,46390,21038,809,71,880,135,12,1027,1020,50,1070,895,10,1975,-948,-2.0026194600532343,-760,-1.6054755164983736,-188,-0.39714394355486077
082147,茨城県,高萩市,12827,12942,25769,12505,613,58,671,87,16,774,815,29,844,464,12,1320,-546,-2.0748622458673758,-377,-1.4326429792893787,-169,-0.6422192665779973
082155,茨城県,北茨城市,20099,19915,40014,19207,863,115,978,143,5,1126,1076,106,1182,669,18,1869,-743,-1.8229997301077117,-526,-1.2905758520008832,-217,-0.5324238781068282
082163,茨城県,笠間市,35884,36683,72567,32962,1969,718,2687,296,11,2994,2304,155,2459,1103,48,3610,-616,-0.8417255373515706,-807,-1.1027151114329832,191,0.2609895740814124
082171,茨城県,取手市,52089,53783,105872,52077,4008,1608,5616,453,53,6122,4335,272,4607,1534,117,6258,-136,-0.12829220436193495,-1081,-1.0197343596709683,945,0.8914421553090333
082198,茨城県,牛久市,41304,42516,83820,38889,3281,451,3732,370,40,4142,3185,222,3407,971,29,4407,-265,-0.3151572813224713,-601,-0.7147529285841707,336,0.39959564726169944
082201,茨城県,つくば市,131664,127336,259000,120045,14896,3515,18411,2139,338,20888,12510,1998,14508,2114,510,17132,3756,1.4715331212486875,25,0.009794549529078059,3731,1.4617385717196094
082210,茨城県,ひたちなか市,78040,76607,154647,72154,4766,490,5256,874,59,6189,5176,284,5460,1781,63,7304,-1115,-0.7158356980521565,-907,-0.5822986350971354,-208,-0.13353706295502113
082228,茨城県,鹿嶋市,33413,31804,65217,31239,2066,561,2627,327,12,2966,2482,94,2576,906,64,3546,-580,-0.8814991564964968,-579,-0.8799793303646063,-1,-0.0015198261318905117
082236,茨城県,潮来市,12995,13093,26088,11607,577,71,648,108,6,762,732,37,769,437,23,1229,-467,-1.758614196949727,-329,-1.238938053097345,-138,-0.5196761438523818
082244,茨城県,守谷市,35464,35436,70900,30621,2846,299,3145,475,49,3669,2621,234,2855,538,35,3428,241,0.34107473924057796,-63,-0.08916061648197682,304,0.4302353557225548
082252,茨城県,常陸大宮市,18895,18966,37861,17456,743,168,911,121,3,1035,1010,37,1047,771,20,1838,-803,-2.0768673701634595,-650,-1.681150424167184,-153,-0.3957169459962756
082261,茨城県,那珂市,26133,27034,53167,23724,1428,57,1485,265,14,1764,1345,46,1391,688,19,2098,-334,-0.6242873964972617,-423,-0.7906394273004244,89,0.16635203080316255
082279,茨城県,筑西市,49903,49901,99804,44125,2713,941,3654,456,59,4169,3020,281,3301,1511,223,5035,-866,-0.8602364160127149,-1055,-1.0479785437568292,189,0.18774212774411442
082287,茨城県,坂東市,27161,24982,52143,22108,1481,887,2368,234,38,2640,1790,140,1930,741,172,2843,-203,-0.3878042257288045,-507,-0.9685553815000192,304,0.5807511557712146
082295,茨城県,稲敷市,18740,18272,37012,16490,990,292,1282,96,22,1400,1176,121,1297,669,114,2080,-680,-1.8040963599702853,-573,-1.5202164915631966,-107,-0.283879868407089
082309,茨城県,かすみがうら市,20412,19481,39893,18429,1524,298,1822,185,17,2024,1592,200,1792,642,66,2500,-476,-1.179122594069707,-457,-1.1320567762391935,-19,-0.047065817830513515
082317,茨城県,桜川市,18854,18781,37635,15523,691,199,890,108,17,1015,938,72,1010,599,21,1630,-615,-1.607843137254902,-491,-1.2836601307189544,-124,-0.3241830065359477
082325,茨城県,神栖市,48370,45416,93786,44551,3164,531,3695,652,27,4374,3397,280,3677,1098,108,4883,-509,-0.5397953231878678,-446,-0.47298372130017496,-63,-0.06681160188769289
082333,茨城県,行方市,15964,15541,31505,13171,638,300,938,103,16,1057,795,134,929,616,62,1607,-550,-1.7158009670878178,-513,-1.6003743565746373,-37,-0.11542661051318047
082341,茨城県,鉾田市,24246,22291,46537,22017,1293,1645,2938,167,54,3159,2294,339,2633,819,188,3640,-481,-1.023012463311923,-652,-1.386702964821983,171,0.36369050151006
082350,茨城県,つくばみらい市,26911,26592,53503,22857,2116,298,2414,369,37,2820,2033,142,2175,543,45,2763,57,0.10664970250346144,-174,-0.3255622497474086,231,0.43221195225087006
082368,茨城県,小美玉市,24546,23936,48482,22277,1713,372,2085,243,17,2345,1723,174,1897,677,86,2660,-315,-0.6455314875914503,-434,-0.8893989384593315,119,0.24386745086788122
083003,茨城県,東茨城郡,31808,31884,63692,29260,1807,647,2454,211,21,2686,2204,168,2372,1116,86,3574,-888,-1.3750387116754412,-905,-1.4013626509755341,17,0.026323939300092906
083020,茨城県,東茨城郡茨城町,15317,15206,30523,13615,1043,125,1168,106,12,1286,967,66,1033,472,42,1547,-261,-0.8478430353430353,-366,-1.188929313929314,105,0.3410862785862786
083097,茨城県,東茨城郡大洗町,7658,7803,15461,7718,383,504,887,50,6,943,792,88,880,285,34,1199,-256,-1.6288095692562194,-235,-1.49519628427817,-21,-0.13361328497804922
083101,茨城県,東茨城郡城里町,8833,8875,17708,7927,381,18,399,55,3,457,445,14,459,359,10,828,-371,-2.052104651805963,-304,-1.6815089330162065,-67,-0.37059571878975606
083402,茨城県,那珂郡,19373,18778,38151,17065,1278,72,1350,233,8,1591,1238,83,1321,401,15,1737,-146,-0.3812309058150769,-168,-0.4386766587461159,22,0.05744575293103898
083411,茨城県,那珂郡東海村,19373,18778,38151,17065,1278,72,1350,233,8,1591,1238,83,1321,401,15,1737,-146,-0.3812309058150769,-168,-0.4386766587461159,22,0.05744575293103898
083607,茨城県,久慈郡,7224,7292,14516,6990,247,31,278,28,4,310,321,24,345,400,1,746,-436,-2.9159978598180847,-372,-2.4879614767255216,-64,-0.4280363830925628
083640,茨城県,久慈郡大子町,7224,7292,14516,6990,247,31,278,28,4,310,321,24,345,400,1,746,-436,-2.9159978598180847,-372,-2.4879614767255216,-64,-0.4280363830925628
084409,茨城県,稲敷郡,35920,35670,71590,33230,3070,413,3483,399,21,3903,2864,149,3013,1018,89,4120,-217,-0.30219894996309554,-619,-0.8620329494338993,402,0.5598339994708037
084425,茨城県,稲敷郡美浦村,7306,6850,14156,6829,521,104,625,49,9,683,620,23,643,219,30,892,-209,-1.4549251653324051,-170,-1.183431952662722,-39,-0.27149321266968324
084433,茨城県,稲敷郡阿見町,24758,24885,49643,23026,2380,256,2636,330,7,2973,2023,109,2132,634,53,2819,154,0.31118026228050677,-304,-0.6142779203459354,458,0.9254581826264423
084476,茨城県,稲敷郡河内町,3856,3935,7791,3375,169,53,222,20,5,247,221,17,238,165,6,409,-162,-2.036967182195398,-145,-1.8232113667798315,-17,-0.21375581541556646
085201,茨城県,結城郡,11145,9937,21082,8467,792,421,1213,79,18,1310,754,183,937,274,107,1318,-8,-0.03793266951161688,-195,-0.9246088193456615,187,0.8866761498340446
085219,茨城県,結城郡八千代町,11145,9937,21082,8467,792,421,1213,79,18,1310,754,183,937,274,107,1318,-8,-0.03793266951161688,-195,-0.9246088193456615,187,0.8866761498340446
085405,茨城県,猿島郡,16840,15862,32702,14004,1258,443,1701,146,15,1862,1158,126,1284,470,106,1860,2,0.0061162079510703364,-324,-0.9908256880733944,326,0.9969418960244648
085421,茨城県,猿島郡五霞町,4095,3838,7933,3449,233,65,298,18,4,320,258,29,287,146,17,450,-130,-1.6123031129852412,-128,-1.5874984497085451,-2,-0.024804663276696018
085464,茨城県,猿島郡境町,12745,12024,24769,10555,1025,378,1403,128,11,1542,900,97,997,324,89,1410,132,0.5357795186102204,-196,-0.7955514064212363,328,1.331330925031457
085600,茨城県,北相馬郡,7639,7859,15498,7692,368,703,1071,29,11,1111,735,36,771,245,24,1040,71,0.46023206067284633,-216,-1.4001426071173917,287,1.8603746677902377
085642,茨城県,北相馬郡利根町,7639,7859,15498,7692,368,703,1071,29,11,1111,735,36,771,245,24,1040,71,0.46023206067284633,-216,-1.4001426071173917,287,1.8603746677902377
090000,栃木県,-,954064,950109,1904173,875685,60525,11909,72434,9669,676,82779,62333,5303,67636,25667,2090,95393,-12614,-0.6580804231247395,-15998,-0.8346258608807342,3384,0.1765454377559948
092011,栃木県,宇都宮市,257716,256879,514595,247540,18269,3033,21302,3091,188,24581,18131,1483,19614,5848,355,25817,-1236,-0.23961336174057007,-2757,-0.5344773772805433,1521,0.2948640155399734
092029,栃木県,足利市,69441,70614,140055,68644,3613,1660,5273,604,99,5976,3992,391,4383,2274,285,6942,-966,-0.6850043610526092,-1670,-1.1842207898114465,704,0.49921642875883737
092037,栃木県,栃木市,76672,76416,153088,68320,4269,1191,5460,642,37,6139,4209,557,4766,2394,262,7422,-1283,-0.831114652363462,-1752,-1.1349281924713839,469,0.30381354010792183
092045,栃木県,佐野市,56288,56700,112988,53215,3054,642,3696,533,30,4259,3105,293,3398,1869,150,5417,-1158,-1.0144902142869658,-1336,-1.1704308517162232,178,0.15594063742925726
092053,栃木県,鹿沼市,46299,46596,92895,40910,2087,316,2403,423,61,2887,2170,216,2386,1301,112,3799,-912,-0.9722088969906296,-878,-0.9359642670589615,-34,-0.03624462993166821
092061,栃木県,日光市,36863,38418,75281,36502,2048,546,2594,281,7,2882,2369,277,2646,1302,66,4014,-1132,-1.4814233180218026,-1021,-1.3361600774737283,-111,-0.1452632405480743
092088,栃木県,小山市,84833,82041,166874,77394,6724,1328,8052,953,71,9076,6352,446,6798,2004,375,9177,-101,-0.06048809702051205,-1051,-0.6294355442431502,950,0.5689474472226381
092096,栃木県,真岡市,39693,38591,78284,33427,2276,759,3035,410,5,3450,2763,332,3095,979,94,4168,-718,-0.908837750943014,-569,-0.7202349307612466,-149,-0.18860282018176755
092100,栃木県,大田原市,33818,34235,68053,30088,2024,153,2177,349,17,2543,2258,109,2367,957,39,3363,-820,-1.190597186125187,-608,-0.8827842550781874,-212,-0.3078129310469995
092118,栃木県,矢板市,15006,15111,30117,13373,738,86,824,124,4,952,913,46,959,440,13,1412,-460,-1.5043987310723748,-316,-1.03345651960624,-144,-0.4709422114661347
092134,栃木県,那須塩原市,57795,57816,115611,52862,3844,624,4468,581,11,5060,3775,312,4087,1391,104,5582,-522,-0.4494846426080442,-810,-0.6974761695642065,288,0.24799152695616236
092142,栃木県,さくら市,22106,21654,43760,18637,1557,128,1685,251,26,1962,1414,88,1502,481,21,2004,-42,-0.09588603260125109,-230,-0.5250901785306606,188,0.42920414592940964
092151,栃木県,那須烏山市,11763,11719,23482,10275,429,85,514,68,5,587,621,50,671,443,26,1140,-553,-2.3008113168296234,-375,-1.5602246723528188,-178,-0.7405866444768047
092169,栃木県,下野市,29691,30037,59728,25878,2458,198,2656,362,31,3049,2298,149,2447,705,49,3201,-152,-0.25384101536406145,-343,-0.572812291249165,191,0.31897127588510354
093009,栃木県,河内郡,15847,14901,30748,12703,1248,100,1348,171,9,1528,1340,106,1446,326,20,1792,-264,-0.8512833741777377,-155,-0.4998065265058687,-109,-0.35147684767186893
093017,栃木県,河内郡上三川町,15847,14901,30748,12703,1248,100,1348,171,9,1528,1340,106,1446,326,20,1792,-264,-0.8512833741777377,-155,-0.4998065265058687,-109,-0.35147684767186893
093408,栃木県,芳賀郡,29869,29349,59218,24361,1338,167,1505,245,22,1772,1614,123,1737,886,32,2655,-883,-1.4691935242342058,-641,-1.0665379943761335,-242,-0.4026555298580722
093424,栃木県,芳賀郡益子町,10655,10705,21360,8940,487,51,538,90,9,637,556,52,608,276,9,893,-256,-1.1843079200592153,-186,-0.8604737231680237,-70,-0.3238341968911917
093432,栃木県,芳賀郡茂木町,5695,5713,11408,4853,193,22,215,35,5,255,271,20,291,252,7,550,-295,-2.5207211826027516,-217,-1.8542254122874475,-78,-0.6664957703153037
093441,栃木県,芳賀郡市貝町,5674,5399,11073,4579,256,53,309,29,6,344,379,20,399,139,10,548,-204,-1.8089917531258313,-110,-0.9754367296266738,-94,-0.8335550234991576
093459,栃木県,芳賀郡芳賀町,7845,7532,15377,5989,402,41,443,91,2,536,408,31,439,219,6,664,-128,-0.8255401483392454,-128,-0.8255401483392454,0,0
093602,栃木県,下都賀郡,31334,31675,63009,27842,2067,545,2612,290,22,2924,2296,120,2416,825,39,3280,-356,-0.5618243509824036,-535,-0.8443146847628816,179,0.28249033378047816
093611,栃木県,下都賀郡壬生町,18892,19248,38140,16693,1270,150,1420,192,16,1628,1225,70,1295,533,19,1847,-219,-0.5709220782606429,-341,-0.8889699940040148,122,0.3180479157433718
093645,栃木県,下都賀郡野木町,12442,12427,24869,11149,797,395,1192,98,6,1296,1071,50,1121,292,20,1433,-137,-0.5478685115572263,-194,-0.7758138046868751,57,0.22794529312964887
093807,栃木県,塩谷郡,20043,18523,38566,17052,1471,152,1623,206,15,1844,1493,126,1619,506,25,2150,-306,-0.7871990121424162,-300,-0.7717637373945256,-6,-0.015435274747890512
093840,栃木県,塩谷郡塩谷町,4905,4891,9796,4026,133,25,158,22,5,185,264,17,281,170,7,458,-273,-2.7112920846161486,-148,-1.4698579799384248,-125,-1.2414341046777237
093866,栃木県,塩谷郡高根沢町,15138,13632,28770,13026,1338,127,1465,184,10,1659,1229,109,1338,336,18,1692,-33,-0.1145713988126237,-152,-0.5277228066520849,119,0.41315140783946114
094005,栃木県,那須郡,18987,18834,37821,16662,1011,196,1207,85,16,1308,1220,79,1299,736,23,2058,-750,-1.9444660496227735,-651,-1.6877965310725676,-99,-0.2566695185502061
094072,栃木県,那須郡那須町,11830,11867,23697,10841,790,178,968,54,10,1032,811,71,882,447,17,1346,-314,-1.307733955270501,-393,-1.6367498229977926,79,0.3290158677272917
094111,栃木県,那須郡那珂川町,7157,6967,14124,5821,221,18,239,31,6,276,409,8,417,289,6,712,-436,-2.9945054945054945,-258,-1.771978021978022,-178,-1.2225274725274726
100005,群馬県,-,947579,960397,1907976,890162,63722,15099,78821,10019,921,89761,64629,6038,70667,27297,3053,101017,-11256,-0.586484593837535,-17278,-0.9002559357076164,6022,0.3137713418700813
102016,群馬県,前橋市,161107,168013,329120,157108,10799,2627,13426,1875,141,15442,10456,692,11148,4618,416,16182,-740,-0.22433759776875037,-2743,-0.831564906323895,2003,0.6072273085551446
102024,群馬県,高崎市,179689,186283,365972,173217,12162,1955,14117,2157,142,16416,12289,827,13116,4927,262,18305,-1889,-0.5135091787387084,-2770,-0.7530018131848715,881,0.2394926344461631
102032,群馬県,桐生市,48930,52255,101185,49253,2297,568,2865,284,15,3164,2774,208,2982,1889,96,4967,-1803,-1.7506894007068785,-1605,-1.5584339923097836,-198,-0.19225540839709482
102041,群馬県,伊勢崎市,106856,105228,212084,97038,7899,1595,9494,1372,160,11026,7308,934,8242,2547,390,11179,-153,-0.07208922101235882,-1175,-0.5536263705197492,1022,0.48153714950739035
102059,群馬県,太田市,114523,108552,223075,103306,8842,2548,11390,1314,158,12862,7879,845,8724,2791,790,12305,557,0.2503168283015307,-1477,-0.6637665267528919,2034,0.9140833550544226
102067,群馬県,沼田市,21298,22234,43532,20590,1063,194,1257,170,26,1453,1376,104,1480,761,41,2282,-829,-1.8687585942607245,-591,-1.3322513018191655,-238,-0.536507292441559
102075,群馬県,館林市,36916,36751,73667,34935,2542,629,3171,351,38,3560,2496,255,2751,1086,140,3977,-417,-0.5628745748069759,-735,-0.9921170563144538,318,0.42924248150747796
102083,群馬県,渋川市,35262,36828,72090,32863,1835,178,2013,331,26,2370,1958,126,2084,1237,27,3348,-978,-1.3384792248316635,-906,-1.2399408769912956,-72,-0.09853834784036787
102091,群馬県,藤岡市,30187,31364,61551,28106,1654,567,2221,267,13,2501,2079,153,2232,932,47,3211,-710,-1.1403607394677246,-665,-1.0680843545718828,-45,-0.0722763848958417
102105,群馬県,富岡市,22368,22804,45172,20633,1143,301,1444,173,6,1623,1245,204,1449,835,29,2313,-690,-1.5045135406218655,-662,-1.4434608172343117,-28,-0.061052723387553964
102113,群馬県,安中市,26551,27239,53790,24859,1092,198,1290,183,10,1483,1306,109,1415,904,17,2336,-853,-1.5610416704792929,-721,-1.3194736745786286,-132,-0.24156799590066433
102121,群馬県,みどり市,24001,24469,48470,21490,1317,200,1517,246,12,1775,1489,74,1563,621,42,2226,-451,-0.921894482941886,-375,-0.766541975838597,-76,-0.15535250710328896
103403,群馬県,北群馬郡,18680,18597,37277,15389,1689,94,1783,265,8,2056,1532,49,1581,382,27,1990,66,0.17736690763483917,-117,-0.3144231544435785,183,0.4917900620784177
103446,群馬県,北群馬郡榛東村,7517,7117,14634,6327,802,61,863,87,4,954,784,13,797,155,16,968,-14,-0.09557618787547789,-68,-0.4642271982523211,54,0.3686510103768433
103454,群馬県,北群馬郡吉岡町,11163,11480,22643,9062,887,33,920,178,4,1102,748,36,784,227,11,1022,80,0.3545627797721934,-49,-0.21716970261046847,129,0.5717324823826619
103608,群馬県,多野郡,1234,1288,2522,1386,87,32,119,10,0,129,129,7,136,74,0,210,-81,-3.11179408374952,-64,-2.4587014982712256,-17,-0.6530925854782943
103667,群馬県,多野郡上野村,509,502,1011,526,50,0,50,7,0,57,59,5,64,21,0,85,-28,-2.6948989412897015,-14,-1.3474494706448508,-14,-1.3474494706448508
103675,群馬県,多野郡神流町,725,786,1511,860,37,32,69,3,0,72,70,2,72,53,0,125,-53,-3.3887468030690537,-50,-3.1969309462915603,-3,-0.1918158567774936
103802,群馬県,甘楽郡,9861,10067,19928,9120,482,71,553,65,4,622,506,48,554,446,8,1008,-386,-1.9001673722555874,-381,-1.8755538052574579,-5,-0.024613566998129367
103829,群馬県,甘楽郡下仁田町,3017,3116,6133,3118,111,20,131,10,3,144,146,11,157,168,2,327,-183,-2.897403419886004,-158,-2.501583280557315,-25,-0.3958201393286891
103837,群馬県,甘楽郡南牧村,680,747,1427,844,37,0,37,1,0,38,45,1,46,69,0,115,-77,-5.11968085106383,-68,-4.521276595744681,-9,-0.598404255319149
103845,群馬県,甘楽郡甘楽町,6164,6204,12368,5158,334,51,385,54,1,440,315,36,351,209,6,566,-126,-1.0084840723547304,-155,-1.2405954858332,29,0.2321114134784697
104205,群馬県,吾妻郡,24864,24993,49857,23700,1847,1187,3034,182,56,3272,2627,358,2985,917,84,3986,-714,-1.4118763718336595,-735,-1.453402147475826,21,0.04152577564216646
104213,群馬県,吾妻郡中之条町,6984,7342,14326,6678,355,354,709,48,5,762,638,72,710,287,15,1012,-250,-1.7151481888035127,-239,-1.6396816684961582,-11,-0.07546652030735455
104248,群馬県,吾妻郡長野原町,2559,2523,5082,2523,211,52,263,14,3,280,291,40,331,95,12,438,-158,-3.015267175572519,-81,-1.545801526717557,-77,-1.4694656488549618
104256,群馬県,吾妻郡嬬恋村,4665,4408,9073,4078,472,463,935,48,9,992,707,169,876,145,15,1036,-44,-0.4826148952506307,-97,-1.0639464736207087,53,0.5813315783700779
104264,群馬県,吾妻郡草津町,3070,2985,6055,3557,428,258,686,29,15,730,534,47,581,100,25,706,24,0.39794395622616485,-71,-1.1772508705024043,95,1.5751948267285691
104281,群馬県,吾妻郡高山村,1621,1639,3260,1411,123,4,127,11,0,138,87,3,90,55,1,146,-8,-0.24479804161566704,-44,-1.346389228886169,36,1.101591187270502
104299,群馬県,吾妻郡東吾妻町,5965,6096,12061,5453,258,56,314,32,24,370,370,27,397,235,16,648,-278,-2.2530188832158196,-203,-1.6451900478158685,-75,-0.6078288353999514
104400,群馬県,利根郡,15227,15566,30793,13737,940,389,1329,119,6,1454,1042,278,1320,624,54,1998,-544,-1.7359670676835688,-505,-1.6115135462871366,-39,-0.12445352139643234
104434,群馬県,利根郡片品村,1979,1949,3928,1711,98,41,139,18,1,158,114,29,143,84,2,229,-71,-1.7754438609652412,-66,-1.6504126031507877,-5,-0.12503125781445362
104442,群馬県,利根郡川場村,1416,1557,2973,1109,49,3,52,11,0,63,86,6,92,64,0,156,-93,-3.0332681017612524,-53,-1.7286366601435095,-40,-1.304631441617743
104485,群馬県,利根郡昭和村,3499,3439,6938,2975,288,145,433,28,1,462,253,139,392,96,15,503,-41,-0.5874767158618713,-68,-0.974351626307494,27,0.38687491044562256
104493,群馬県,利根郡みなかみ町,8333,8621,16954,7942,505,200,705,62,4,771,589,104,693,380,37,1110,-339,-1.9603307696755914,-318,-1.8388943503151562,-21,-0.12143641936043487
104604,群馬県,佐波郡,17628,17992,35620,16488,1326,328,1654,199,16,1869,1401,153,1554,390,37,1981,-112,-0.31344453151236984,-191,-0.5345348707041307,79,0.22109033919176088
104647,群馬県,佐波郡玉村町,17628,17992,35620,16488,1326,328,1654,199,16,1869,1401,153,1554,390,37,1981,-112,-0.31344453151236984,-191,-0.5345348707041307,79,0.22109033919176088
105201,群馬県,邑楽郡,52397,49874,102271,46944,4706,1438,6144,456,84,6684,4737,614,5351,1316,546,7213,-529,-0.5145914396887159,-860,-0.8365758754863813,331,0.3219844357976654
105210,群馬県,邑楽郡板倉町,6766,6695,13461,5968,356,165,521,17,3,541,469,119,588,218,21,827,-286,-2.080453917218302,-201,-1.462137193569506,-85,-0.6183167236487961
105228,群馬県,邑楽郡明和町,5414,5337,10751,4443,277,76,353,50,3,406,296,16,312,158,21,491,-85,-0.784422296050203,-108,-0.9966777408637874,23,0.21225544481358435
105236,群馬県,邑楽郡千代田町,5489,5359,10848,4723,355,83,438,52,7,497,365,42,407,173,10,590,-93,-0.8500137098985467,-121,-1.1059318161045608,28,0.2559181062060141
105244,群馬県,邑楽郡大泉町,21792,19861,41653,20822,2692,874,3566,234,70,3870,2413,363,2776,446,460,3682,188,0.4533944290365369,-212,-0.5112745689135415,400,0.9646689979500784
105252,群馬県,邑楽郡邑楽町,12936,12622,25558,10988,1026,240,1266,103,1,1370,1194,74,1268,321,34,1623,-253,-0.9802022393553137,-218,-0.8446011390492426,-35,-0.13560110030607106
110001,埼玉県,-,3677260,3697034,7374294,3555029,332179,44340,376519,42261,3562,422342,311129,19917,331046,86438,9203,426687,-4345,-0.058886198389703034,-44177,-0.5987147494273674,39832,0.5398285510376643
111007,埼玉県,さいたま市,668943,681557,1350500,649585,76813,7123,83936,9299,511,93746,69890,3499,73389,13653,1216,88258,5488,0.4080260993953957,-4354,-0.32371458395910224,9842,0.7317406833544979
111015,埼玉県,さいたま市西区,47186,48411,95597,44570,4714,269,4983,723,22,5728,4168,126,4294,1053,35,5382,346,0.3632507795193751,-330,-0.3464530556109647,676,0.7097038351303399
111023,埼玉県,さいたま市北区,74762,76360,151122,73581,9785,485,10270,969,49,11288,8553,312,8865,1571,96,10532,756,0.5027732333107218,-602,-0.4003564635622414,1358,0.9031296968729632
111031,埼玉県,さいたま市大宮区,62896,63521,126417,63975,9787,708,10495,996,59,11550,8132,377,8509,1200,127,9836,1714,1.374465730575848,-204,-0.16358868671964588,1918,1.5380544172954942
111040,埼玉県,さいたま市見沼区,81718,83747,165465,79001,8024,598,8622,947,70,9639,6779,384,7163,1988,128,9279,360,0.21804306350504227,-1041,-0.6305078586354138,1401,0.848550922140456
111058,埼玉県,さいたま市中央区,50739,52372,103111,50973,6539,552,7091,697,36,7824,6507,275,6782,962,76,7820,4,0.0038794650217734974,-265,-0.2570145576924942,269,0.2608940227142677
111066,埼玉県,さいたま市桜区,48832,47788,96620,49026,5598,754,6352,571,44,6967,5189,459,5648,1026,139,6813,154,0.15964173905832107,-455,-0.47166877449049405,609,0.6313105135488152
111074,埼玉県,さいたま市浦和区,82120,87695,169815,80446,9550,1133,10683,1275,69,12027,9611,574,10185,1466,196,11847,180,0.10611017773454771,-191,-0.1125946885961034,371,0.2187048663306511
111082,埼玉県,さいたま市南区,97744,97763,195507,93952,11225,1356,12581,1528,74,14183,10709,457,11166,1589,220,12975,1208,0.6217221910560529,-61,-0.03139491196557882,1269,0.6531171030216316
111091,埼玉県,さいたま市緑区,66428,68283,134711,59973,7142,508,7650,985,40,8675,5909,305,6214,1314,84,7612,1063,0.7953729199090147,-329,-0.24616904106309112,1392,1.041541960972106
111104,埼玉県,さいたま市岩槻区,56518,55617,112135,54088,4449,760,5209,608,48,5865,4333,230,4563,1484,115,6162,-297,-0.26415966984488404,-876,-0.7791376120677387,579,0.5149779422228548
112011,埼玉県,川越市,175530,177275,352805,169532,14286,2157,16443,1898,278,18619,12934,938,13872,4184,475,18531,88,0.02494918022097035,-2286,-0.6481116589220253,2374,0.6730608391429957
112020,埼玉県,熊谷市,95599,95328,190927,90696,7478,1108,8586,992,83,9661,7638,405,8043,2676,89,10808,-1147,-0.5971656757291461,-1684,-0.8767454210356426,537,0.27957974530649643
112038,埼玉県,川口市,307870,299577,607447,306660,28157,6839,34996,3886,566,39448,26947,2658,29605,6595,2116,38316,1132,0.18670163198997222,-2709,-0.4467974567675218,3841,0.633499088757494
112062,埼玉県,行田市,38565,39289,77854,36395,2617,450,3067,336,19,3422,2555,156,2711,1208,65,3984,-562,-0.7166904713323812,-872,-1.1120179555192817,310,0.39532748418690067
112071,埼玉県,秩父市,28023,29189,57212,26073,1069,123,1192,220,17,1429,1384,74,1458,956,26,2440,-1011,-1.7364271851330229,-736,-1.2641052505023789,-275,-0.47232193463064426
112089,埼玉県,所沢市,168833,173687,342520,170573,13646,1695,15341,1871,46,17258,13281,888,14169,3871,227,18267,-1009,-0.2937161054816333,-2000,-0.5821924786553683,991,0.288476373173735
112097,埼玉県,飯能市,38937,39026,77963,36685,2449,381,2830,353,11,3194,2462,153,2615,1037,51,3703,-509,-0.6486390049954124,-684,-0.8716484860842083,175,0.22300948108879604
112101,埼玉県,加須市,56422,55596,112018,51289,4076,684,4760,565,47,5372,3596,370,3966,1430,121,5517,-145,-0.129276142756524,-865,-0.7711990585130569,720,0.6419229157565329
112119,埼玉県,本庄市,38444,38339,76783,36521,3053,413,3466,400,24,3890,2994,217,3211,1103,78,4392,-502,-0.6495438959694636,-703,-0.9096202367859222,201,0.2600763408164586
112127,埼玉県,東松山市,45787,45469,91256,43757,3868,790,4658,522,87,5267,3530,321,3851,1118,136,5105,162,0.1778382769446945,-596,-0.6542692164138143,758,0.8321074933585088
112143,埼玉県,春日部市,113548,116108,229656,113067,8307,1143,9450,1048,73,10571,7770,503,8273,3100,229,11602,-1031,-0.44692592126994585,-2052,-0.8895169645450328,1021,0.4425910432750871
112151,埼玉県,狭山市,73833,74388,148221,72840,5900,592,6492,713,28,7233,5333,327,5660,2105,119,7884,-651,-0.437288408834435,-1392,-0.935031436401741,741,0.49774302756730615
112160,埼玉県,羽生市,27020,26676,53696,24800,1958,583,2541,257,38,2836,1976,158,2134,768,93,2995,-159,-0.2952372110296166,-511,-0.9488441184662519,352,0.6536069074366354
112178,埼玉県,鴻巣市,58147,59417,117564,53622,4328,525,4853,611,43,5507,3865,191,4056,1365,104,5525,-18,-0.01530846558146655,-754,-0.6412546138014322,736,0.6259461482199656
112186,埼玉県,深谷市,70407,70402,140809,63745,4605,746,5351,705,88,6144,4240,378,4618,2009,127,6754,-610,-0.43134232316732546,-1304,-0.9220826055904794,694,0.4907402824231539
112194,埼玉県,上尾市,113622,116444,230066,108636,9358,672,10030,1374,93,11497,8280,424,8704,2754,140,11598,-101,-0.04388118192442879,-1380,-0.5995646639179378,1279,0.555683481993509
112216,埼玉県,草加市,126882,125110,251992,126968,12181,1662,13843,1446,99,15388,10821,724,11545,2621,449,14615,773,0.3076996564750278,-1175,-0.4677194002046024,1948,0.7754190566796301
112224,埼玉県,越谷市,169346,172981,342327,163376,12773,1337,14110,1995,185,16290,12249,681,12930,3726,369,17025,-735,-0.21424698742501355,-1731,-0.5045735173233993,996,0.2903265298983857
112232,埼玉県,蕨市,38731,37611,76342,41817,5736,1274,7010,468,68,7546,5448,263,5711,781,358,6850,696,0.9200750865875261,-313,-0.41376939957168923,1009,1.3338444861592154
112241,埼玉県,戸田市,72182,69888,142070,69838,8048,1359,9407,1084,39,10530,8713,481,9194,1128,301,10623,-93,-0.06541786540801756,-44,-0.030950387934976047,-49,-0.034467477473041505
112259,埼玉県,入間市,70784,72628,143412,68429,4677,730,5407,628,17,6052,5145,352,5497,1753,113,7363,-1311,-0.9058684521465145,-1125,-0.7773470699197778,-186,-0.1285213822267366
112275,埼玉県,朝霞市,73516,72422,145938,71093,8818,963,9781,1112,74,10967,8119,523,8642,1275,76,9993,974,0.6718909522364173,-163,-0.11244170966584807,1137,0.7843326619022654
112283,埼玉県,志木市,37566,38587,76153,36714,3715,431,4146,464,8,4618,3633,248,3881,822,74,4777,-159,-0.20835517349827026,-358,-0.4691267428451619,199,0.26077156934689166
112291,埼玉県,和光市,43531,41359,84890,44386,6865,603,7468,651,72,8191,6847,401,7248,657,124,8029,162,0.1912000755358323,-6,-0.0070814842791049005,168,0.19828155981493722
112305,埼玉県,新座市,82862,83550,166412,80477,7989,847,8836,934,39,9809,6821,488,7309,1906,218,9433,376,0.2264569129586355,-972,-0.5854152111590257,1348,0.8118721241176612
112313,埼玉県,桶川市,36612,37560,74172,34310,2746,247,2993,389,31,3413,2556,134,2690,981,18,3689,-276,-0.37072856221792394,-592,-0.7951859015688802,316,0.4244573393509564
112321,埼玉県,久喜市,75152,75824,150976,70198,6065,856,6921,728,100,7749,5248,405,5653,1904,129,7686,63,0.041745906581937935,-1176,-0.7792569228628415,1239,0.8210028294447793
112330,埼玉県,北本市,32148,33126,65274,30966,2534,246,2780,289,39,3108,2172,106,2278,927,32,3237,-129,-0.19723865877712032,-638,-0.9754904209287035,509,0.7782517621515833
112348,埼玉県,八潮市,48575,45080,93655,47095,5304,781,6085,685,84,6854,4825,288,5113,963,188,6264,590,0.6339655079782948,-278,-0.29871595121689143,868,0.9326814591951862
112356,埼玉県,富士見市,55706,57698,113404,55994,6152,775,6927,781,54,7762,5960,294,6254,1192,57,7503,259,0.22890980600114896,-411,-0.36325069600954524,670,0.5921605020106943
112372,埼玉県,三郷市,71596,70556,142152,68602,6153,874,7027,846,66,7939,5440,408,5848,1663,218,7729,210,0.14794775330768906,-817,-0.5755872116780093,1027,0.7235349649856984
112381,埼玉県,蓮田市,30270,30841,61111,28608,2319,172,2491,338,11,2840,2173,107,2280,743,43,3066,-226,-0.36845623359473073,-405,-0.6602866133002918,179,0.2918303797055611
112399,埼玉県,坂戸市,49680,49952,99632,48812,4570,1131,5701,408,41,6150,4406,247,4653,1235,157,6045,105,0.10549901031880796,-827,-0.8309303003205161,932,0.9364293106393241
112402,埼玉県,幸手市,24569,24232,48801,23545,1776,215,1991,175,22,2188,1561,74,1635,769,46,2450,-262,-0.534007296740925,-594,-1.2106882987179748,332,0.67668100197705
112411,埼玉県,鶴ヶ島市,34552,35284,69836,33874,3214,427,3641,354,15,4010,3155,199,3354,799,84,4237,-227,-0.32399411957809404,-445,-0.6351426573226954,218,0.31114853774460133
112429,埼玉県,日高市,26910,27282,54192,25300,1842,287,2129,217,10,2356,1628,169,1797,743,20,2560,-204,-0.37502757555702626,-526,-0.9669828663872344,322,0.5919552908302081
112437,埼玉県,吉川市,36077,36319,72396,32303,2716,302,3018,429,27,3474,2797,166,2963,711,82,3756,-282,-0.3880128787253364,-282,-0.3880128787253364,0,0
112453,埼玉県,ふじみ野市,56618,57941,114559,55346,5594,439,6033,631,61,6725,4835,257,5092,1297,140,6529,196,0.17138410150135971,-666,-0.5823561816321712,862,0.7537402831335309
112461,埼玉県,白岡市,26008,26396,52404,23127,1891,159,2050,329,8,2387,1840,142,1982,627,23,2632,-245,-0.4653459704837699,-298,-0.5660126498129119,53,0.10066667932914207
113000,埼玉県,北足立郡,22698,22344,45042,19973,1839,276,2115,229,12,2356,1786,80,1866,469,24,2359,-3,-0.00666000666000666,-240,-0.5328005328005327,237,0.5261405261405261
113018,埼玉県,北足立郡伊奈町,22698,22344,45042,19973,1839,276,2115,229,12,2356,1786,80,1866,469,24,2359,-3,-0.00666000666000666,-240,-0.5328005328005327,237,0.5261405261405261
113204,埼玉県,入間郡,39813,40364,80177,38604,3089,328,3417,303,62,3782,2870,196,3066,1150,70,4286,-504,-0.6246823911453749,-847,-1.0498134628970885,343,0.42513107175171355
113247,埼玉県,入間郡三芳町,18515,18862,37377,17122,1449,142,1591,172,38,1801,1304,83,1387,451,39,1877,-76,-0.20292099431287214,-279,-0.7449336501748859,203,0.5420126558620137
113263,埼玉県,入間郡毛呂山町,15964,16079,32043,16356,1278,133,1411,93,18,1522,1216,82,1298,525,21,1844,-322,-0.9949019002008344,-432,-1.3347752201452185,110,0.33987331994438436
113271,埼玉県,入間郡越生町,5334,5423,10757,5126,362,53,415,38,6,459,350,31,381,174,10,565,-106,-0.9757893767835772,-136,-1.2519561815336464,30,0.27616680475006905
113409,埼玉県,比企郡,62307,61519,123826,57063,3839,644,4483,416,39,4938,3924,355,4279,2012,82,6373,-1435,-1.145607970557476,-1596,-1.2741395965224611,161,0.12853162596498513
113417,埼玉県,比企郡滑川町,10099,9658,19757,8439,830,149,979,128,10,1117,778,101,879,207,19,1105,12,0.060774879716383894,-79,-0.400101291466194,91,0.46087617118257784
113425,埼玉県,比企郡嵐山町,8597,8731,17328,8455,645,147,792,47,3,842,665,79,744,271,15,1030,-188,-1.0733044073989495,-224,-1.2788307832838548,36,0.20552637588490524
113433,埼玉県,比企郡小川町,13697,13751,27448,13112,750,70,820,82,10,912,778,38,816,518,16,1350,-438,-1.5706806282722512,-436,-1.5635085706089076,-2,-0.0071720576633436135
113468,埼玉県,比企郡川島町,9581,9090,18671,8280,507,82,589,55,7,651,520,42,562,273,19,854,-203,-1.075553671717707,-218,-1.1550280809579314,15,0.07947440924022464
113476,埼玉県,比企郡吉見町,8896,8724,17620,7955,531,50,581,55,4,640,522,46,568,304,7,879,-239,-1.338260820874629,-249,-1.394254997480262,10,0.055994176605633016
113484,埼玉県,比企郡鳩山町,6260,6522,12782,6094,304,40,344,25,0,369,328,14,342,211,1,554,-185,-1.4266985424539216,-186,-1.434410426467186,1,0.00771188401326444
113492,埼玉県,比企郡ときがわ町,5177,5043,10220,4728,272,106,378,24,5,407,333,35,368,228,5,601,-194,-1.8628768964855003,-204,-1.9589014787785672,10,0.09602458229306703
113603,埼玉県,秩父郡,17552,17761,35313,15665,750,88,838,85,139,1062,981,62,1043,669,140,1852,-790,-2.1881838074398248,-584,-1.6175941057529846,-206,-0.5705897016868404
113611,埼玉県,秩父郡横瀬町,3772,3829,7601,3319,228,20,248,20,124,392,282,4,286,125,128,539,-147,-1.8972638100154877,-105,-1.3551884357253485,-42,-0.5420753742901394
113620,埼玉県,秩父郡皆野町,4419,4459,8878,3954,221,25,246,22,9,277,236,25,261,187,1,449,-172,-1.9005524861878453,-165,-1.8232044198895028,-7,-0.07734806629834254
113638,埼玉県,秩父郡長瀞町,3147,3220,6367,2862,125,24,149,15,3,167,166,18,184,131,1,316,-149,-2.286678944137508,-116,-1.780233271945979,-33,-0.5064456721915286
113654,埼玉県,秩父郡小鹿野町,5005,5056,10061,4484,149,19,168,20,3,191,239,15,254,182,10,446,-255,-2.4718883288096163,-162,-1.5703761147731679,-93,-0.9015122140364482
113697,埼玉県,秩父郡東秩父村,1209,1197,2406,1046,27,0,27,8,0,35,58,0,58,44,0,102,-67,-2.7092600080873432,-36,-1.4557217953902144,-31,-1.253538212697129
113808,埼玉県,児玉郡,27173,26801,53974,24272,2102,368,2470,244,51,2765,1866,153,2019,976,52,3047,-282,-0.5197581834267178,-732,-1.3491595399587144,450,0.8294013565319964
113816,埼玉県,児玉郡美里町,5404,5281,10685,4585,322,25,347,60,4,411,278,14,292,248,5,545,-134,-1.2385617894444958,-188,-1.73768370459377,54,0.49912191514927445
113832,埼玉県,児玉郡神川町,6536,6223,12759,5951,514,129,643,37,12,692,482,70,552,252,17,821,-129,-1.000931098696462,-215,-1.6682184978274364,86,0.6672873991309746
113859,埼玉県,児玉郡上里町,15233,15297,30530,13736,1266,214,1480,147,35,1662,1106,69,1175,476,30,1681,-19,-0.06219516187109234,-329,-1.0769583292415463,310,1.014763167370454
114006,埼玉県,大里郡,15757,15918,31675,15169,1029,196,1225,122,18,1365,1095,106,1201,503,27,1731,-366,-1.1422864454917139,-381,-1.189101463749571,15,0.04681501825785712
114081,埼玉県,大里郡寄居町,15757,15918,31675,15169,1029,196,1225,122,18,1365,1095,106,1201,503,27,1731,-366,-1.1422864454917139,-381,-1.189101463749571,15,0.04681501825785712
114405,埼玉県,南埼玉郡,16717,16754,33471,15820,1507,86,1593,173,6,1772,1156,48,1204,440,28,1672,100,0.2996613826376195,-267,-0.8000958916424441,367,1.0997572742800636
114421,埼玉県,南埼玉郡宮代町,16717,16754,33471,15820,1507,86,1593,173,6,1772,1156,48,1204,440,28,1672,100,0.2996613826376195,-267,-0.8000958916424441,367,1.0997572742800636
114600,埼玉県,北葛飾郡,35840,35579,71419,32809,2378,213,2591,258,13,2862,2384,100,2484,1064,49,3597,-735,-1.0186545444466004,-806,-1.1170551875155916,71,0.09840064306899131
114642,埼玉県,北葛飾郡杉戸町,21750,21812,43562,20330,1498,85,1583,162,8,1753,1435,55,1490,678,37,2205,-452,-1.0269459717362657,-516,-1.1723542509201619,64,0.14540827918389604
114651,埼玉県,北葛飾郡松伏町,14090,13767,27857,12479,880,128,1008,96,5,1109,949,45,994,386,12,1392,-283,-1.0056858564321252,-290,-1.0305614783226724,7,0.02487562189054726
120006,千葉県,-,3141610,3169969,6311579,3102148,287999,57098,345097,35589,3087,383773,282117,18081,300198,75251,6903,382352,1421,0.022519245952320053,-39662,-0.6285421062356917,41083,0.6510613521880118
121002,千葉県,千葉市,488345,495551,983896,496438,56425,6570,62995,5502,324,68821,48087,3034,51121,11517,1186,63824,4997,0.5104714582403292,-6015,-0.6144658437693776,11012,1.1249373020097069
121011,千葉県,千葉市中央区,109244,107719,216963,118364,16146,1585,17731,1412,69,19212,12907,540,13447,2407,276,16130,3082,1.4409882130717548,-995,-0.4652119636620364,4077,1.906200176733791
121029,千葉県,千葉市花見川区,87818,89146,176964,90489,9711,1252,10963,966,38,11967,9097,723,9820,2200,237,12257,-290,-0.1636070272038995,-1234,-0.6961761088607309,944,0.5325690816568315
121037,千葉県,千葉市稲毛区,78888,79538,158426,79814,9267,848,10115,808,60,10983,7965,508,8473,1784,150,10407,576,0.3649033892936332,-976,-0.6183085207475452,1552,0.9832119100411784
121045,千葉県,千葉市若葉区,73971,72790,146761,75647,7061,788,7849,746,50,8645,6397,310,6707,2208,219,9134,-489,-0.33208828522920203,-1462,-0.9928692699490662,973,0.6607809847198642
121053,千葉県,千葉市緑区,63481,65921,129402,57856,5213,348,5561,784,41,6386,5118,225,5343,1416,73,6832,-446,-0.34347852874129753,-632,-0.48672293758856505,186,0.14324440884726758
121061,千葉県,千葉市美浜区,74943,80437,155380,74268,9027,1749,10776,786,66,11628,6603,728,7331,1502,231,9064,2564,1.6778347816982515,-716,-0.4685373259344571,3280,2.1463721076327085
122025,千葉県,銚子市,26413,27573,53986,26731,1224,380,1604,126,31,1761,1433,255,1688,989,114,2791,-1030,-1.8721826377781008,-863,-1.5686345790315543,-167,-0.30354805874654645
122033,千葉県,市川市,249810,244910,494720,259981,28301,3708,32009,3415,295,35719,27120,1597,28717,4486,691,33894,1825,0.3702614147029286,-1071,-0.21728765761470495,2896,0.5875490723176335
122041,千葉県,船橋市,322801,326592,649393,323527,30666,4050,34716,4003,549,39268,29017,1699,30716,6840,650,38206,1062,0.1638052167797005,-2837,-0.4375851224143223,3899,0.6013903391940227
122050,千葉県,館山市,21082,22472,43554,23295,1682,138,1820,171,18,2009,1784,77,1861,738,16,2615,-606,-1.3722826086956523,-567,-1.283967391304348,-39,-0.08831521739130435
122068,千葉県,木更津市,69044,67799,136843,66950,6087,499,6586,883,21,7490,5039,348,5387,1733,138,7258,232,0.16982527029302177,-850,-0.6222046540908126,1082,0.7920299243838345
122076,千葉県,松戸市,248140,252255,500395,255254,24129,4044,28173,2911,157,31241,21823,1258,23081,5882,105,29068,2173,0.43615095278811455,-2971,-0.5963205157540212,5144,1.032471468542136
122084,千葉県,野田市,77174,76364,153538,73103,5514,912,6426,767,109,7302,4886,431,5317,2006,256,7579,-277,-0.18008646750967072,-1239,-0.8055131164060721,962,0.6254266488964015
122106,千葉県,茂原市,42487,43374,85861,42158,2796,307,3103,381,40,3524,2703,141,2844,1343,89,4276,-752,-0.8682299423874015,-962,-1.1106877720434576,210,0.24245782965605628
122114,千葉県,成田市,66452,66647,133099,67462,7555,4892,12447,763,39,13249,10032,532,10564,1285,324,12173,1076,0.8150095059194231,-522,-0.39538565249994323,1598,1.2103951584193664
122122,千葉県,佐倉市,83129,86377,169506,80664,5389,1354,6743,691,63,7497,5581,502,6083,2144,170,8397,-900,-0.5281504172388296,-1453,-0.8526695069422437,553,0.3245190897034142
122131,千葉県,東金市,28362,28162,56524,28049,2449,512,2961,267,61,3289,2525,221,2746,780,106,3632,-343,-0.6031617634128756,-513,-0.9021049114600734,170,0.29894314804719785
122157,千葉県,旭市,30710,31276,61986,27482,1742,566,2308,319,29,2656,2179,231,2410,934,73,3417,-761,-1.212806986788213,-615,-0.9801265399142589,-146,-0.23268044687395412
122165,千葉県,習志野市,86985,88120,175105,85177,9211,1310,10521,1063,28,11612,8901,661,9562,1755,153,11470,142,0.08116001668924287,-692,-0.3955121940067329,834,0.4766722106959757
122173,千葉県,柏市,216041,221593,437634,209482,20664,3665,24329,2735,254,27318,18870,1214,20084,4620,509,25213,2105,0.4833202840683399,-1885,-0.4328070002227177,3990,0.9161272842910576
122181,千葉県,勝浦市,7592,7621,15213,8040,525,44,569,36,8,613,652,42,694,358,11,1063,-450,-2.8730128327906534,-322,-2.0558002936857562,-128,-0.8172125391048968
122190,千葉県,市原市,137547,129314,266861,131992,8663,2040,10703,1287,134,12124,9553,477,10030,3512,238,13780,-1656,-0.6167207290413642,-2225,-0.8286253756745384,569,0.21190464663317404
122203,千葉県,流山市,104506,108056,212562,95449,10758,836,11594,1973,67,13634,9223,526,9749,1936,120,11805,1829,0.8679229166765529,37,0.01755776266650216,1792,0.8503651540100507
122211,千葉県,八千代市,101990,104702,206692,98729,9790,1724,11514,1373,99,12986,8746,765,9511,2215,316,12042,944,0.458813694422303,-842,-0.40923848591480844,1786,0.8680521803371114
122220,千葉県,我孫子市,64174,67143,131317,63175,4996,1455,6451,618,30,7099,5018,295,5313,1669,86,7068,31,0.023612571028137047,-1051,-0.8005423274378075,1082,0.8241548984659446
122238,千葉県,鴨川市,14517,15692,30209,16011,1071,447,1518,144,5,1667,1576,82,1658,599,21,2278,-611,-1.9824789097988318,-455,-1.4763140817650877,-156,-0.5061648280337444
122246,千葉県,鎌ケ谷市,54001,55756,109757,53125,5083,841,5924,626,34,6584,4801,198,4999,1313,72,6384,200,0.18255337404273575,-687,-0.6270708398367973,887,0.809624213879533
122254,千葉県,君津市,40494,39026,79520,39428,2571,312,2883,380,12,3275,2751,111,2862,1230,58,4150,-875,-1.0883761427949499,-850,-1.057279681572237,-25,-0.031096461222712854
122262,千葉県,富津市,20653,19774,40427,20033,1143,134,1277,127,16,1420,1209,75,1284,806,22,2112,-692,-1.682920304482113,-679,-1.651304749629125,-13,-0.03161555485298767
122271,千葉県,浦安市,82954,88368,171322,87287,9852,1321,11173,945,100,12218,9480,870,10350,1126,91,11567,651,0.3814356276110177,-181,-0.1060519947735702,832,0.48748762238458787
122289,千葉県,四街道市,48312,48112,96424,44407,3438,566,4004,615,56,4675,3313,172,3485,1117,128,4730,-55,-0.05700722437007017,-502,-0.5203204842504586,447,0.46331325988038846
122297,千葉県,袖ケ浦市,33529,32562,66091,29951,2578,205,2783,475,35,3293,2298,148,2446,724,54,3224,69,0.10451061767289692,-249,-0.3771470116021932,318,0.4816576292750901
122301,千葉県,八街市,34288,32343,66631,33961,2305,2427,4732,249,42,5023,4034,209,4243,957,198,5398,-375,-0.5596513745037758,-708,-1.0566217950631287,333,0.4969704205593529
122319,千葉県,印西市,55381,56350,111731,46185,3913,1861,5774,800,98,6672,4769,401,5170,944,101,6215,457,0.4106979168538922,-144,-0.12941028452288944,601,0.5401082013767816
122327,千葉県,白井市,31050,31168,62218,27338,1915,1213,3128,263,35,3426,2976,138,3114,617,80,3811,-385,-0.6149865022443014,-354,-0.565468108557098,-31,-0.04951839368720349
122335,千葉県,富里市,25595,24404,49999,25587,2627,2809,5436,227,40,5703,4432,251,4683,574,115,5372,331,0.6664250624144318,-347,-0.6986389627124104,678,1.3650640251268422
122343,千葉県,南房総市,16357,17709,34066,16890,787,99,886,73,11,970,816,75,891,798,30,1719,-749,-2.151371535257791,-725,-2.082435731724831,-24,-0.06893580353295993
122351,千葉県,匝瑳市,16613,16681,33294,14977,758,427,1185,100,10,1295,1091,92,1183,579,36,1798,-503,-1.4882977779092819,-479,-1.4172855578897536,-24,-0.07101222001952837
122360,千葉県,香取市,34699,34876,69575,31497,1603,1035,2638,247,30,2915,2629,121,2750,1310,71,4131,-1216,-1.717732480117529,-1063,-1.5016033111553728,-153,-0.21612916896215623
122378,千葉県,山武市,24311,23434,47745,22824,1338,1035,2373,155,22,2550,2007,127,2134,846,194,3174,-624,-1.2900824908515784,-691,-1.4286009634269883,67,0.1385184725754099
122386,千葉県,いすみ市,17081,17624,34705,16930,921,301,1222,100,10,1332,1067,75,1142,757,17,1916,-584,-1.6549066281277451,-657,-1.8617699566437134,73,0.20686332851596814
122394,千葉県,大網白里市,23526,24134,47660,22547,1570,188,1758,169,21,1948,1650,102,1752,694,22,2468,-520,-1.0792860107928601,-525,-1.0896637608966375,5,0.0103777501037775
123200,千葉県,印旛郡,19678,20041,39719,19391,1595,648,2243,159,39,2441,2030,118,2148,570,53,2771,-330,-0.8239906115009114,-411,-1.0262428525056806,81,0.20225224100476916
123226,千葉県,印旛郡酒々井町,9991,10104,20095,10028,984,527,1511,98,25,1634,1395,52,1447,267,32,1746,-112,-0.5542633740782896,-169,-0.8363438412431337,57,0.28208046716484386
123293,千葉県,印旛郡栄町,9687,9937,19624,9363,611,121,732,61,14,807,635,66,701,303,21,1025,-218,-1.0986795685918758,-242,-1.2196351174276787,24,0.12095554883580284
123404,千葉県,香取郡,16140,15527,31667,14042,851,243,1094,95,45,1234,955,118,1073,603,64,1740,-506,-1.5727473347216612,-508,-1.5789637273490194,2,0.0062163926273583435
123421,千葉県,香取郡神崎町,2861,2773,5634,2571,212,24,236,22,32,290,198,5,203,121,11,335,-45,-0.7923930269413629,-99,-1.7432646592709984,54,0.9508716323296356
123471,千葉県,香取郡多古町,6870,6556,13426,6129,389,137,526,41,7,574,398,73,471,241,24,736,-162,-1.1922284368560494,-200,-1.4718869590815424,38,0.2796585222254931
123498,千葉県,香取郡東庄町,6409,6198,12607,5342,250,82,332,32,6,370,359,40,399,241,29,669,-299,-2.3167518983418565,-209,-1.6194018286068497,-90,-0.697350069735007
124001,千葉県,山武郡,21298,21445,42743,19942,1172,322,1494,127,25,1646,1310,153,1463,844,83,2390,-744,-1.7108561179202981,-717,-1.6487685975119002,-27,-0.06208752040839791
124036,千葉県,山武郡九十九里町,6978,7026,14004,6950,367,96,463,24,11,498,435,69,504,300,23,827,-329,-2.295402218656248,-276,-1.9256261773529615,-53,-0.3697760413032861
124095,千葉県,山武郡芝山町,3400,3244,6644,3038,198,122,320,17,5,342,307,34,341,104,29,474,-132,-1.948051948051948,-87,-1.2839433293978748,-45,-0.6641086186540732
124109,千葉県,山武郡横芝光町,10920,11175,22095,9954,607,104,711,86,9,806,568,50,618,440,31,1089,-283,-1.264634909285906,-354,-1.5819108052551614,71,0.31727589596925554
124206,千葉県,長生郡,27814,27981,55795,25781,1659,1584,3243,186,39,3468,3098,98,3196,981,33,4210,-742,-1.3124148787519676,-795,-1.4061587986628226,53,0.09374391991085484
124214,千葉県,長生郡一宮町,6087,6207,12294,5739,564,745,1309,60,16,1385,1146,43,1189,177,9,1375,10,0.08140670791273201,-117,-0.9524584825789646,127,1.0338651904916965
124222,千葉県,長生郡睦沢町,3205,3344,6549,2827,155,8,163,19,4,186,122,6,128,120,3,251,-65,-0.9827638342908981,-101,-1.527063804052011,36,0.5442999697611128
124231,千葉県,長生郡長生村,6582,6687,13269,6087,402,21,423,39,6,468,475,22,497,213,4,714,-246,-1.8201997780244172,-174,-1.2874583795782464,-72,-0.5327413984461709
124249,千葉県,長生郡白子町,5230,5146,10376,5003,256,770,1026,31,3,1060,1022,16,1038,205,6,1249,-189,-1.7889256980596309,-174,-1.6469474680548983,-15,-0.14197823000473261
124265,千葉県,長生郡長柄町,3173,3060,6233,2960,156,21,177,19,1,197,160,9,169,109,2,280,-83,-1.3141228625712476,-90,-1.4249525015832807,7,0.11082963901203294
124273,千葉県,長生郡長南町,3537,3537,7074,3165,126,19,145,18,9,172,173,2,175,157,9,341,-169,-2.3332873118873394,-139,-1.9190942979428411,-30,-0.4141930139444981
124401,千葉県,夷隅郡,7293,7624,14917,7453,508,42,550,23,4,577,438,20,458,359,7,824,-247,-1.628857821155368,-336,-2.2157742020575046,89,0.5869163809021366
124419,千葉県,夷隅郡大多喜町,3958,4047,8005,3761,216,26,242,15,0,257,221,10,231,184,1,416,-159,-1.9475747182753553,-169,-2.0700636942675157,10,0.1224889759921607
124435,千葉県,夷隅郡御宿町,3335,3577,6912,3692,292,16,308,8,4,320,217,10,227,175,6,408,-88,-1.2571428571428571,-167,-2.3857142857142857,79,1.1285714285714286
124605,千葉県,安房郡,3242,3437,6679,3423,175,32,207,20,2,229,215,21,236,161,2,399,-170,-2.4821141772521536,-141,-2.058694699956198,-29,-0.4234194772959556
124630,千葉県,安房郡鋸南町,3242,3437,6679,3423,175,32,207,20,2,229,215,21,236,161,2,399,-170,-2.4821141772521536,-141,-2.058694699956198,-29,-0.4234194772959556
130001,東京都,-,6875969,7126562,14002534,7682155,927032,156301,1083333,88622,12466,1184421,851730,71747,923477,141081,29231,1093789,90632,0.6514709491196818,-52459,-0.3770799995572137,143091,1.0285509486768956
131016,東京都,千代田区,34502,34333,68835,39410,6775,1201,7976,547,96,8619,7204,618,7822,489,228,8539,80,0.11635517416915134,58,0.08435750127263472,22,0.031997672896516616
131024,東京都,中央区,89617,97787,187404,106555,22946,3097,26043,1955,186,28184,14520,1639,16159,1082,374,17615,10569,5.9767579947408604,873,0.49368054966494196,9696,5.483077445075919
131032,東京都,港区,126062,141718,267780,153885,21001,5921,26922,2412,268,29602,21852,3383,25235,1804,1089,28128,1474,0.5534986068657859,608,0.22830878763527673,866,0.32518981923050927
131041,東京都,新宿区,177370,175347,352717,231609,34417,13987,48404,2107,687,51198,37940,4127,42067,3026,2614,47707,3491,0.9996392021212626,-919,-0.26315337346016615,4410,1.2627925755814287
131059,東京都,文京区,112018,123326,235345,130932,19634,4568,24202,1796,205,26203,17928,2598,20526,1861,648,23035,3168,1.3644762401099162,-65,-0.02799588245175017,3233,1.3924721225616663
131067,東京都,台東区,109947,106137,216084,137054,21519,4278,25797,1567,335,27699,19483,1328,20811,2176,1016,24003,3696,1.740211311373524,-609,-0.28673936380586473,4305,2.0269506751793887
131075,東京都,墨田区,141451,145851,287302,170273,24521,3500,28021,2147,289,30457,22849,1349,24198,2800,712,27710,2747,0.9653669765071778,-653,-0.2294811196429513,3400,1.194848096150129
131083,東京都,江東区,265630,276055,541685,294261,36823,6167,42990,3732,393,47115,34863,3652,38515,4777,1246,44538,2577,0.47801182694376637,-1045,-0.19383871135282726,3622,0.6718505382965936
131091,東京都,品川区,202245,210541,412786,238169,32837,3510,36347,3119,347,39813,28921,2228,31149,3564,594,35307,4506,1.1036543548545117,-445,-0.10899382776525914,4951,1.2126481826197708
131105,東京都,目黒区,132760,148640,281400,161512,23533,3153,26686,2011,298,28995,22120,2277,24397,2292,426,27115,1880,0.6725815684029766,-281,-0.10052947910704063,2161,0.7731110475100172
131113,東京都,大田区,368378,372141,740519,418230,50642,6783,57425,4670,158,62253,43333,4153,47486,7527,355,55368,6885,0.9384788600310237,-2857,-0.38943124228157366,9742,1.3279101023125972
131121,東京都,世田谷区,436905,486305,923210,502617,58663,7652,66315,6000,950,73265,54016,5192,59208,7830,1158,68196,5069,0.5520938505087999,-1830,-0.19931579136537853,6899,0.7514096418741784
131130,東京都,渋谷区,111018,120384,231402,143626,20275,3181,23456,1669,153,25278,19871,2027,21898,1821,766,24485,793,0.3438720951914279,-152,-0.06591243186519173,945,0.4097845270566196
131148,東京都,中野区,172721,168601,341322,217716,31150,6262,37412,2188,204,39804,29453,2688,32141,3098,620,35859,3945,1.1693150392587521,-910,-0.2697279304754029,4855,1.439042969734155
131156,東京都,杉並区,277809,299337,577147,334466,42268,6845,49113,3582,219,52914,38996,3329,42325,5249,1036,48610,4304,0.7513402450584191,-1667,-0.2910046906394946,5971,1.0423449356979138
131164,東京都,豊島区,147717,146927,294644,188094,28351,9245,37596,1814,425,39835,29322,2848,32170,2679,1992,36841,2994,1.0265729470255442,-865,-0.2965883764786559,3859,1.3231613235042003
131172,東京都,北区,179986,182103,362089,211567,29311,6201,35512,2518,270,38300,26600,1905,28505,4015,1392,33912,4388,1.2267228774870633,-1497,-0.4185059588874507,5885,1.645228836374514
131181,東京都,荒川区,110539,111739,222278,125357,17260,4296,21556,1478,281,23315,16248,940,17188,2273,844,20305,3010,1.3727493295875368,-795,-0.36257000565517994,3805,1.7353193352427168
131199,東京都,板橋区,283229,295685,578914,334750,41218,6965,48183,3382,566,52131,36286,2326,38612,6127,1405,46144,5987,1.044984788637994,-2745,-0.47911863116941605,8732,1.5241034198074102
131202,東京都,練馬区,360504,385423,745927,395526,45576,5737,51313,4876,333,56522,41068,2685,43753,7474,908,52135,4387,0.5916066564177253,-2598,-0.3503519702241282,6985,0.9419586266418534
131211,東京都,足立区,349165,349111,698276,379192,40626,6328,46954,4120,389,51463,34611,1808,36419,8735,1256,46410,5053,0.7289140723836341,-4615,-0.6657309408372197,9668,1.3946450132208539
131229,東京都,葛飾区,233991,235925,469916,252845,26853,5697,32550,2952,322,35824,24778,1712,26490,5484,934,32908,2916,0.6244111349036402,-2532,-0.5421841541755889,5448,1.166595289079229
131237,東京都,江戸川区,348893,344677,693570,359749,38197,8092,46289,4516,1868,52673,36361,2967,39328,6938,2798,49064,3609,0.5230730432589669,-2422,-0.3510343338246655,6031,0.8741073770836322
132012,東京都,八王子市,279079,280004,559083,284931,23086,3302,26388,2547,371,29306,21515,1763,23278,6664,973,30915,-1609,-0.2869668195729563,-4117,-0.7342712219899695,2508,0.44730440241701325
132021,東京都,立川市,92181,94076,186257,97736,10889,983,11872,1114,93,13079,9792,617,10409,2076,162,12647,432,0.23247679268128615,-962,-0.5176913762949011,1394,0.7501681689761873
132039,東京都,武蔵野市,70910,77124,148034,79250,9973,1214,11187,969,66,12222,9676,800,10476,1364,157,11997,225,0.15222347759608684,-395,-0.26723677177979693,620,0.4194602493758837
132047,東京都,三鷹市,92633,97863,190497,97663,11300,1439,12739,1143,95,13977,10412,1018,11430,1813,196,13439,538,0.2832190104180376,-670,-0.3527076895540617,1208,0.6359266999720993
132055,東京都,青梅市,65013,64092,129105,66053,4945,702,5647,515,54,6216,4204,279,4483,1995,101,6579,-363,-0.28037816294373896,-1480,-1.143139617511663,1117,0.8627614545679242
132063,東京都,府中市,130361,130637,260998,131330,13632,1774,15406,1505,297,17208,12385,1134,13519,2533,236,16288,920,0.3537400318366029,-1028,-0.3952660355739432,1948,0.7490060674105461
132071,東京都,昭島市,57486,58146,115632,58040,6120,609,6729,694,68,7491,4697,254,4951,1311,113,6375,1116,0.9745363093366867,-617,-0.5387893394809459,1733,1.5133256488176325
132080,東京都,調布市,116306,123042,239348,124600,13389,1242,14631,1531,47,16209,12419,805,13224,2262,149,15635,574,0.24039468283816495,-731,-0.30614723546114736,1305,0.5465419182993123
132098,東京都,町田市,209990,220180,430170,208738,17893,1495,19388,2168,132,21688,15524,985,16509,5054,335,21898,-210,-0.04879408894465356,-2886,-0.6705701937822389,2676,0.6217761048375854
132101,東京都,小金井市,61595,63579,125174,63469,7810,881,8691,868,81,9640,7269,573,7842,1123,115,9080,560,0.4493877092461521,-255,-0.20463190331744427,815,0.6540196125635964
132110,東京都,小平市,96317,100482,196799,97150,10037,1617,11654,1188,88,12930,9628,1163,10791,2081,172,13044,-114,-0.05789358752342405,-893,-0.4534997689334884,779,0.3956061814100643
132128,東京都,日野市,94173,94304,188477,94540,9973,819,10792,1124,85,12001,8354,445,8799,2069,150,11018,983,0.5242834437368662,-945,-0.5040161285161125,1928,1.0282995722529786
132136,東京都,東村山市,73872,77923,151795,76101,6760,707,7467,786,756,9009,6000,327,6327,1770,868,8965,44,0.02899486659066497,-984,-0.6484306528457803,1028,0.6774255194364452
132144,東京都,国分寺市,63439,66061,129500,64650,8163,660,8823,889,49,9761,7269,414,7683,1267,73,9023,738,0.5731504636461068,-378,-0.29356487162361566,1116,0.8667153352697224
132152,東京都,国立市,36854,39225,76079,39828,4716,410,5126,366,40,5532,4220,256,4476,782,84,5342,190,0.2503656656432421,-416,-0.5481690363557301,606,0.7985347019989721
132187,東京都,福生市,28555,28027,56582,31353,3453,924,4377,323,60,4760,3528,224,3752,719,219,4690,70,0.12386749716874293,-396,-0.7007361268403172,466,0.8246036240090601
132195,東京都,狛江市,39625,42423,82048,43237,4721,419,5140,480,52,5672,4520,301,4821,865,40,5726,-54,-0.06577184477844632,-385,-0.4689288933278118,331,0.4031570485493654
132209,東京都,東大和市,41647,43349,84996,41125,3336,204,3540,481,47,4068,2920,159,3079,1039,39,4157,-89,-0.10460128107186932,-558,-0.6558147734618323,469,0.551213492389963
132217,東京都,清瀬市,36070,38941,75011,37538,3967,247,4214,437,32,4683,3135,132,3267,961,40,4268,415,0.556330098128586,-524,-0.7024505335406724,939,1.2587806316692585
132225,東京都,東久留米市,56338,59987,116325,56959,4953,494,5447,627,118,6192,4428,400,4828,1454,97,6379,-187,-0.16049848942598188,-827,-0.7097981323812139,640,0.549299642955232
132233,東京都,武蔵村山市,35172,35524,70696,33142,2745,258,3003,324,30,3357,2629,192,2821,812,46,3679,-322,-0.4534061787152553,-488,-0.6871497366864738,166,0.23374355797121854
132241,東京都,多摩市,72420,75664,148084,76009,7067,655,7722,665,47,8434,6049,420,6469,1606,51,8126,308,0.20842355998267648,-941,-0.636774577739281,1249,0.8451981377219576
132250,東京都,稲城市,46914,47002,93916,43266,4256,163,4419,609,259,5287,3987,233,4220,870,62,5152,135,0.14395239973981935,-261,-0.27830797283031744,396,0.4222603725701368
132276,東京都,羽村市,27339,26787,54126,26790,2533,400,2933,286,25,3244,2668,136,2804,673,57,3534,-290,-0.5329314907380183,-387,-0.7111878859159071,97,0.17825639517788885
132284,東京都,あきる野市,39496,39748,79244,37542,2887,303,3190,360,44,3594,2494,189,2683,1148,32,3863,-269,-0.33830945883063146,-788,-0.9910329128570171,519,0.6527234540263857
132292,東京都,西東京市,100219,106026,206245,103012,10226,1420,11646,1148,154,12948,9709,593,10302,2087,213,12602,346,0.16804355533538287,-939,-0.45604883947955066,1285,0.6240923948149336
133001,東京都,西多摩郡,27392,27097,54489,26672,2259,202,2461,195,26,2682,1875,122,1997,1114,33,3144,-462,-0.8407490309548507,-919,-1.6723990464231768,457,0.8316500154683264
133035,東京都,西多摩郡瑞穂町,16290,15723,32013,15535,1383,154,1537,132,18,1687,1177,87,1264,447,25,1736,-49,-0.15282889401784044,-315,-0.9824714615432599,266,0.8296425675254194
133051,東京都,西多摩郡日の出町,7920,8141,16061,7553,594,37,631,48,5,684,487,26,513,406,4,923,-239,-1.4662576687116564,-358,-2.1963190184049077,119,0.7300613496932515
133078,東京都,西多摩郡檜原村,961,962,1923,1105,86,1,87,4,0,91,73,0,73,79,2,154,-63,-3.1722054380664653,-75,-3.7764350453172204,12,0.6042296072507553
133086,東京都,西多摩郡奥多摩町,2221,2271,4492,2479,196,10,206,11,3,220,138,9,147,182,2,331,-111,-2.4114707799261352,-171,-3.714968498805127,60,1.303497718878992
133604,東京都,島しょ,12116,11156,23272,14036,1547,92,1639,122,8,1769,1801,34,1835,448,7,2290,-521,-2.189719665447821,-326,-1.3701508847139916,-195,-0.8195687807338293
133612,東京都,大島町,3556,3257,6813,4252,426,45,471,26,0,497,495,20,515,151,0,666,-169,-2.420509882555142,-125,-1.7903179604697794,-44,-0.6301919220853625
133621,東京都,利島村,161,139,300,178,33,1,34,2,0,36,45,2,47,3,0,50,-14,-4.45859872611465,-1,-0.3184713375796179,-13,-4.140127388535031
133639,東京都,新島村,1186,1229,2415,1336,137,4,141,8,2,151,137,2,139,48,2,189,-38,-1.5491235222176927,-40,-1.6306563391765185,2,0.08153281695882593
133647,東京都,神津島村,898,839,1737,911,96,2,98,7,0,105,109,3,112,31,0,143,-38,-2.140845070422535,-24,-1.352112676056338,-14,-0.7887323943661971
133817,東京都,三宅村,1228,983,2211,1457,172,10,182,9,0,191,186,2,188,45,1,234,-43,-1.9077196095829636,-36,-1.5971606033717833,-7,-0.3105590062111801
133825,東京都,御蔵島村,163,139,302,170,42,1,43,2,0,45,34,0,34,0,0,34,11,3.7800687285223367,2,0.6872852233676976,9,3.0927835051546393
134015,東京都,八丈町,3419,3419,6838,4128,359,19,378,43,5,426,400,5,405,148,3,556,-130,-1.8656716417910446,-105,-1.5068886337543055,-25,-0.3587830080367394
134023,東京都,青ヶ島村,93,67,160,114,37,0,37,0,0,37,30,0,30,3,0,33,4,2.564102564102564,-3,-1.9230769230769231,7,4.487179487179487
134210,東京都,小笠原村,1412,1084,2496,1490,245,10,255,25,1,281,365,0,365,19,1,385,-104,-4,6,0.23076923076923078,-110,-4.230769230769231
140007,神奈川県,-,4578234,4624325,9202559,4604332,445812,52273,498085,53629,6122,557836,422416,30459,452875,102509,8581,563965,-6129,-0.06655671253060154,-48880,-0.5308030850866052,42751,0.4642463725560036
141003,神奈川県,横浜市,1857643,1895755,3753398,1888048,193965,24004,217969,22137,3790,243896,185962,13358,199320,40559,3588,243467,429,0.011430949736062302,-18422,-0.49086469938867067,18851,0.502295649124733
141011,神奈川県,横浜市鶴見区,152880,143067,295947,154977,17580,2748,20328,1784,267,22379,16207,1078,17285,2781,472,20538,1841,0.625964788205613,-997,-0.33899342413959593,2838,0.964958212345209
141020,神奈川県,横浜市神奈川区,123819,122013,245832,135124,17932,1747,19679,1553,394,21626,15755,1047,16802,2420,298,19520,2106,0.8640850791462543,-867,-0.35572733315280275,2973,1.2198124122990572
141038,神奈川県,横浜市西区,53235,52953,106188,61676,8820,1253,10073,687,138,10898,8082,602,8684,933,230,9847,1051,0.9996480782217487,-246,-0.2339804255400097,1297,1.2336285037617585
141046,神奈川県,横浜市中区,80137,75229,155366,91987,11567,2928,14495,724,306,15525,10771,1105,11876,1768,571,14215,1310,0.8503401360544218,-1044,-0.6776756504128368,2354,1.5280157864672586
141054,神奈川県,横浜市南区,100111,100475,200586,114840,12559,1898,14457,1027,262,15746,11685,781,12466,2549,314,15329,417,0.20832396624852,-1522,-0.7603574979142624,1939,0.9686814641627824
141062,神奈川県,横浜市保土ケ谷区,100254,102452,202706,105439,10463,1329,11792,1109,199,13100,10210,690,10900,2473,201,13574,-474,-0.23329067821635988,-1364,-0.6713259179053056,890,0.43803523968894575
141071,神奈川県,横浜市磯子区,81489,84097,165586,83982,7719,1468,9187,856,201,10244,8200,484,8684,1940,177,10801,-557,-0.3352533660762115,-1084,-0.652449997893381,527,0.31719663181716956
141089,神奈川県,横浜市金沢区,93799,98210,192009,94468,7254,1056,8310,831,131,9272,7655,517,8172,2269,101,10542,-1270,-0.657081214203302,-1438,-0.7440021937199592,168,0.08692097951665727
141097,神奈川県,横浜市港北区,177988,180177,358165,182371,22822,2200,25022,2855,365,28242,20574,1726,22300,3059,246,25605,2637,0.7417137328142931,-204,-0.057379446907135305,2841,0.7990931797214283
141101,神奈川県,横浜市戸塚区,137833,143013,280846,131794,11109,996,12105,1735,191,14031,10917,815,11732,3002,153,14887,-856,-0.30386720719057725,-1267,-0.4497660648486699,411,0.14589885765809257
141119,神奈川県,横浜市港南区,102446,109023,211469,103671,7966,662,8628,1152,201,9981,8533,423,8956,2607,101,11664,-1683,-0.7895773907821648,-1455,-0.6826114697492869,-228,-0.10696592103287796
141127,神奈川県,横浜市旭区,117796,124158,241954,118542,9493,786,10279,1307,172,11758,8713,507,9220,3358,125,12703,-945,-0.3890505930448458,-2051,-0.8443838797195543,1106,0.4553332866747084
141135,神奈川県,横浜市緑区,89476,92082,181558,86089,8502,842,9344,1104,151,10599,8177,587,8764,1923,127,10814,-215,-0.11827939242901862,-819,-0.4505619646482151,604,0.3322825722191965
141143,神奈川県,横浜市瀬谷区,59556,62175,121731,58817,5077,382,5459,728,81,6268,4697,231,4928,1642,72,6642,-374,-0.3062937635641456,-914,-0.7485360959829654,540,0.4422423324188199
141151,神奈川県,横浜市栄区,58640,62043,120683,58266,5119,323,5442,681,56,6179,4947,200,5147,1516,72,6735,-556,-0.4585983058256832,-835,-0.6887222758353335,279,0.23012397000965035
141160,神奈川県,横浜市泉区,73833,77223,151056,71921,5982,404,6386,894,102,7382,5317,297,5614,1932,66,7612,-230,-0.15202993006623217,-1038,-0.6861176843858652,808,0.534087754319633
141178,神奈川県,横浜市青葉区,148149,158811,306960,140787,13860,1860,15720,1776,398,17894,14929,1300,16229,2701,155,19085,-1191,-0.3864988268738378,-925,-0.3001775103764064,-266,-0.08632131649743145
141186,神奈川県,横浜市都筑区,106202,108554,214756,93297,10141,1122,11263,1334,175,12772,10593,968,11561,1686,107,13354,-582,-0.270272780466058,-352,-0.16346394969768457,-230,-0.10680883076837344
141305,神奈川県,川崎市,775836,759305,1535141,799973,96119,9517,105636,10873,747,117256,89924,5701,95625,14071,1555,111251,6005,0.3927054231932281,-3198,-0.20913770913770913,9203,0.6018431323309372
141313,神奈川県,川崎市川崎区,126425,107462,233887,134192,14638,2438,17076,1308,219,18603,13395,1072,14467,2709,462,17638,965,0.41430178342964596,-1401,-0.6014889104507088,2366,1.015790693880355
141321,神奈川県,川崎市幸区,88963,85845,174808,88597,10951,972,11923,1403,89,13415,9313,637,9950,1785,170,11905,1510,0.8713314637214509,-382,-0.22042954910039353,1892,1.0917610128218445
141330,神奈川県,川崎市中原区,132648,131083,263731,141400,19420,1718,21138,2340,122,23600,18905,1213,20118,1853,198,22169,1431,0.5455585207777354,487,0.18566526877621045,944,0.35989325200152494
141348,神奈川県,川崎市高津区,115952,116005,231957,120080,15080,1091,16171,1622,119,17912,14326,706,15032,2007,226,17265,647,0.2797112100644157,-385,-0.16644330119752715,1032,0.44615451126194283
141356,神奈川県,川崎市多摩区,110999,107534,218533,119386,15853,1154,17007,1715,70,18792,13952,550,14502,1960,176,16638,2154,0.9954755313593279,-245,-0.11322725403112133,2399,1.1087027853904492
141364,神奈川県,川崎市宮前区,114539,119710,234249,110989,11482,1227,12709,1468,77,14254,11546,933,12479,2073,166,14718,-464,-0.19768824053205403,-605,-0.257761606728217,141,0.06007336619616297
141372,神奈川県,川崎市麻生区,86310,91666,177976,85329,8695,917,9612,1017,51,10680,8487,590,9077,1684,157,10918,-238,-0.13354730829227782,-667,-0.37426913710482906,429,0.24072182881255122
141500,神奈川県,相模原市,358771,357723,716494,358556,31394,3515,34909,3902,365,39176,29177,2251,31428,8237,878,40543,-1367,-0.19042683750753975,-4335,-0.6038773523007936,2968,0.4134505147932539
141518,神奈川県,相模原市緑区,83451,82321,165772,80860,6476,758,7234,764,75,8073,6298,489,6787,1967,172,8926,-853,-0.5119279819954988,-1203,-0.7219804951237809,350,0.21005251312828208
141526,神奈川県,相模原市中央区,137027,134835,271862,135777,11632,1402,13034,1485,103,14622,10686,884,11570,3154,361,15085,-463,-0.1700174423941981,-1669,-0.6128706508767098,1206,0.4428532084825117
141534,神奈川県,相模原市南区,138293,140567,278860,141919,13286,1355,14641,1653,187,16481,12193,878,13071,3116,345,16532,-51,-0.01828540287044971,-1463,-0.524540086264077,1412,0.5062546833936273
142018,神奈川県,横須賀市,188643,190398,379041,191977,12662,1308,13970,1530,175,15675,13385,923,14308,5548,266,20122,-4447,-1.1596190754339117,-4018,-1.047751168224299,-429,-0.11186790720961282
142034,神奈川県,平塚市,128048,128501,256549,124949,9118,1036,10154,1315,118,11587,7703,719,8422,3210,262,11894,-307,-0.11952222256828729,-1895,-0.7377674650387767,1588,0.6182452424704893
142042,神奈川県,鎌倉市,82577,91958,174535,85103,6639,628,7267,811,21,8099,6373,502,6875,2247,67,9189,-1090,-0.6206405693950178,-1436,-0.8176512455516014,346,0.1970106761565836
142051,神奈川県,藤沢市,220078,224963,445041,214096,18203,1893,20096,2793,105,22994,16701,1381,18082,4748,295,23125,-131,-0.0294268282821022,-1955,-0.43915610146190687,1824,0.4097292731798046
142069,神奈川県,小田原市,90919,95545,186464,92321,6678,1159,7837,880,44,8761,6286,440,6726,2547,64,9337,-576,-0.30795551753635586,-1667,-0.8912532078699744,1091,0.5832976903336184
142077,神奈川県,茅ヶ崎市,120290,127055,247345,115013,8512,788,9300,1447,47,10794,7844,622,8466,2719,49,11234,-440,-0.17757329943297617,-1272,-0.513348265633513,832,0.3357749662005367
142085,神奈川県,逗子市,27150,30677,57827,27853,1882,208,2090,246,12,2348,1998,209,2207,813,11,3031,-683,-1.1673218253290036,-567,-0.9690651170740046,-116,-0.19825670825499914
142107,神奈川県,三浦市,19343,20499,39842,19887,1104,148,1252,135,15,1402,1153,86,1239,884,15,2138,-736,-1.8137907240376556,-749,-1.8458277884567993,13,0.032037064419143384
142115,神奈川県,秦野市,79592,78981,158573,76876,5639,672,6311,647,91,7049,5144,483,5627,1957,149,7733,-684,-0.42949446492147914,-1310,-0.8225698085484469,626,0.3930753436269677
142123,神奈川県,厚木市,115364,108060,223424,111618,9327,1482,10809,1154,189,12152,8932,736,9668,2560,440,12668,-516,-0.23041886219523086,-1406,-0.6278467446637492,890,0.39742788246851835
142131,神奈川県,大和市,122451,123299,245750,122687,11787,1105,12892,1779,73,14744,10606,603,11209,2635,188,14032,712,0.29056717733576015,-856,-0.34933357275198135,1568,0.6399007500877415
142140,神奈川県,伊勢原市,50705,49111,99816,48554,4382,566,4948,582,38,5568,4262,364,4626,1160,122,5908,-340,-0.33947042613522904,-578,-0.5770997244298893,238,0.23762929829466034
142158,神奈川県,海老名市,70753,70010,140763,66166,6913,613,7526,1027,13,8566,5519,368,5887,1415,105,7407,1159,0.830205438239592,-388,-0.2779289991690782,1547,1.1081344374086703
142166,神奈川県,座間市,65724,65495,131219,65201,5925,577,6502,702,28,7232,5448,391,5839,1436,94,7369,-137,-0.10429672036298303,-734,-0.5587868083680989,597,0.45449008800511587
142174,神奈川県,南足柄市,19697,20467,40164,18470,1229,126,1355,111,40,1506,1285,84,1369,613,26,2008,-502,-1.2344464663355137,-502,-1.2344464663355137,0,0
142182,神奈川県,綾瀬市,42914,41038,83952,39630,3476,753,4229,411,92,4732,3498,243,3741,940,199,4880,-148,-0.1759809750297265,-529,-0.629013079667063,381,0.45303210463733645
143006,神奈川県,三浦郡,15006,16807,31813,14567,945,127,1072,108,17,1197,1095,103,1198,452,6,1656,-459,-1.4222855726326227,-344,-1.065939514129896,-115,-0.3563460585027268
143014,神奈川県,三浦郡葉山町,15006,16807,31813,14567,945,127,1072,108,17,1197,1095,103,1198,452,6,1656,-459,-1.4222855726326227,-344,-1.065939514129896,-115,-0.3563460585027268
143201,神奈川県,高座郡,24933,24064,48997,22695,1805,202,2007,292,11,2310,1744,119,1863,546,39,2448,-138,-0.280858858247685,-254,-0.5169431159051593,116,0.2360842576574743
143219,神奈川県,高座郡寒川町,24933,24064,48997,22695,1805,202,2007,292,11,2310,1744,119,1863,546,39,2448,-138,-0.280858858247685,-254,-0.5169431159051593,116,0.2360842576574743
143405,神奈川県,中郡,28794,30378,59172,27686,1932,205,2137,184,17,2338,1909,122,2031,924,17,2972,-634,-1.060094304919239,-740,-1.2373340467511622,106,0.1772397418319232
143413,神奈川県,中郡大磯町,15514,16243,31757,14736,1068,99,1167,99,7,1273,1033,48,1081,479,10,1570,-297,-0.9265614275909403,-380,-1.185499469644974,83,0.2589380420540338
143421,神奈川県,中郡二宮町,13280,14135,27415,12950,864,106,970,85,10,1065,876,74,950,445,7,1402,-337,-1.214326895358893,-360,-1.2972038051311616,23,0.08287690977226866
143600,神奈川県,足柄上郡,31816,32759,64575,28422,2276,536,2812,279,29,3120,2492,107,2599,896,26,3521,-401,-0.617150948042354,-617,-0.9495813838955922,216,0.3324304358532381
143618,神奈川県,足柄上郡中井町,4497,4404,8901,3871,259,59,318,28,12,358,237,32,269,115,5,389,-31,-0.3470667263770712,-87,-0.974025974025974,56,0.6269592476489028
143626,神奈川県,足柄上郡大井町,8574,8852,17426,7623,717,37,754,89,4,847,637,25,662,227,5,894,-47,-0.2689864362158759,-138,-0.789789961655125,91,0.5208035254392491
143634,神奈川県,足柄上郡松田町,5137,5282,10419,4855,450,376,826,34,8,868,750,11,761,166,9,936,-68,-0.6484218556307809,-132,-1.2587012491656338,64,0.6102793935348526
143642,神奈川県,足柄上郡山北町,4561,4702,9263,4249,208,41,249,12,2,263,222,18,240,192,3,435,-172,-1.8229994700582934,-180,-1.9077901430842605,8,0.08479067302596714
143669,神奈川県,足柄上郡開成町,9047,9519,18566,7824,642,23,665,116,3,784,646,21,667,196,4,867,-83,-0.4450640785028688,-80,-0.42897742506300607,-3,-0.01608665343986273
143804,神奈川県,足柄下郡,19161,21410,40571,23284,2246,720,2966,107,17,3090,2428,342,2770,815,34,3619,-529,-1.2871046228710463,-708,-1.7226277372262775,179,0.43552311435523117
143821,神奈川県,足柄下郡箱根町,5203,5632,10835,6973,1105,467,1572,29,8,1609,1192,266,1458,209,14,1681,-72,-0.6601265242504814,-180,-1.6503163106262035,108,0.990189786375722
143839,神奈川県,足柄下郡真鶴町,3065,3488,6553,3379,165,18,183,16,0,199,205,15,220,133,3,356,-157,-2.339791356184799,-117,-1.7436661698956781,-40,-0.5961251862891207
143847,神奈川県,足柄下郡湯河原町,10893,12290,23183,12932,976,235,1211,62,9,1282,1031,61,1092,473,17,1582,-300,-1.2775199080185666,-411,-1.7502022739854364,111,0.47268236596686963
144002,神奈川県,愛甲郡,22026,20067,42093,20700,1654,385,2039,177,28,2244,1548,202,1750,577,86,2413,-169,-0.3998864227911599,-400,-0.9464767403341062,231,0.5465903175429464
144011,神奈川県,愛甲郡愛川町,20624,18753,39377,19429,1569,360,1929,170,25,2124,1435,190,1625,538,82,2245,-121,-0.30634462504430604,-368,-0.9316927439364018,247,0.6253481188920957
144029,神奈川県,愛甲郡清川村,1402,1314,2716,1271,85,25,110,7,3,120,113,12,125,39,4,168,-48,-1.7366136034732274,-32,-1.1577424023154848,-16,-0.5788712011577424
150002,新潟県,-,1027395,1083359,2110754,920725,53978,5824,59802,10021,401,70224,60028,3577,63605,33020,517,97142,-26918,-1.2592203106931277,-22999,-1.0758900336440764,-3919,-0.1833302770490515
151009,新潟県,新潟市,366552,394951,761503,351489,26620,1449,28069,4111,159,32339,26731,810,27541,10614,246,38401,-6062,-0.7897702474708982,-6503,-0.8472246650120837,441,0.05745441754118544
151017,新潟県,新潟市北区,34277,35878,70155,30125,1772,188,1960,298,12,2270,2057,67,2124,1013,30,3167,-897,-1.262455666272589,-715,-1.006305241231774,-182,-0.2561504250408152
151025,新潟県,新潟市東区,63050,67783,130833,62451,4696,264,4960,737,22,5719,4546,114,4660,1863,28,6551,-832,-0.6319067329966203,-1126,-0.855200698743022,294,0.22329396574640187
151033,新潟県,新潟市中央区,81453,90588,172041,90496,9401,416,9817,984,50,10851,8667,202,8869,2180,61,11110,-259,-0.1503192106790482,-1196,-0.69413813116657,937,0.5438189204875218
151041,新潟県,新潟市江南区,32925,34595,67520,28635,2393,61,2454,433,15,2902,2149,48,2197,866,6,3069,-167,-0.24672389085053262,-433,-0.639709249929824,266,0.39298535907929144
151050,新潟県,新潟市秋葉区,35549,38358,73907,31090,1774,41,1815,394,11,2220,1689,38,1727,1123,6,2856,-636,-0.8531988248393544,-729,-0.9779590303583167,93,0.12476020551896222
151068,新潟県,新潟市南区,20585,21629,42214,16833,978,72,1050,212,12,1274,1092,31,1123,661,12,1796,-522,-1.221452639460876,-449,-1.0506364657431675,-73,-0.17081617371770874
151076,新潟県,新潟市西区,73215,79051,152266,70827,4661,338,4999,837,28,5864,5334,262,5596,2041,84,7721,-1857,-1.2048818151735952,-1204,-0.7811942409633864,-653,-0.42368757421020875
151084,新潟県,新潟市西蒲区,25498,27069,52567,21032,945,69,1014,216,9,1239,1197,48,1245,867,19,2131,-892,-1.668568435623562,-651,-1.2177556632185413,-241,-0.45081277240502066
152021,新潟県,長岡市,125171,130090,255261,110416,5531,792,6323,1288,6,7617,6347,502,6849,3683,29,10561,-2944,-1.1401793148854593,-2395,-0.9275575608528107,-549,-0.21262175403264846
152048,新潟県,三条市,44486,46692,91178,37418,1707,193,1900,400,31,2331,1955,129,2084,1396,32,3512,-1181,-1.2787059192931929,-996,-1.0784005890059443,-185,-0.20030533028724865
152056,新潟県,柏崎市,37740,38477,76217,34644,1681,124,1805,307,18,2130,2007,100,2107,1287,12,3406,-1276,-1.6466003380950538,-980,-1.2646303537093673,-296,-0.3819699843856864
152064,新潟県,新発田市,44757,46920,91677,37623,2062,202,2264,431,22,2717,2343,95,2438,1440,17,3895,-1178,-1.268644661030639,-1009,-1.0866404609337137,-169,-0.1820042000969253
152081,新潟県,小千谷市,16089,16513,32602,13023,622,46,668,119,71,858,836,62,898,542,2,1442,-584,-1.7597782197312122,-423,-1.2746338817573675,-161,-0.48514433797384443
152099,新潟県,加茂市,11757,12322,24079,10066,342,40,382,75,0,457,482,28,510,437,0,947,-490,-1.9943831657780131,-362,-1.473401440840083,-128,-0.5209817249379298
152102,新潟県,十日町市,23083,24041,47124,19369,695,74,769,161,0,930,1071,29,1100,829,5,1934,-1004,-2.086103723404255,-668,-1.387965425531915,-336,-0.6981382978723404
152111,新潟県,見附市,18579,19482,38061,15343,733,70,803,187,9,999,820,71,891,613,18,1522,-523,-1.3554841385030065,-426,-1.1040845946506324,-97,-0.25139954385237406
152129,新潟県,村上市,25687,27805,53492,22161,813,100,913,193,2,1108,1248,50,1298,1083,0,2381,-1273,-2.324477312151922,-890,-1.6251255363827262,-383,-0.6993517757691956
152137,新潟県,燕市,37241,38694,75935,31291,1694,174,1868,401,21,2290,1742,173,1915,1119,33,3067,-777,-1.0128793409114611,-718,-0.9359682970069871,-59,-0.07691104390447387
152161,新潟県,糸魚川市,18663,19378,38041,17025,723,71,794,136,1,931,925,49,974,772,3,1749,-818,-2.105046449985846,-636,-1.636686481896086,-182,-0.4683599680897604
152170,新潟県,妙高市,14499,15015,29514,12471,712,322,1034,107,1,1142,784,196,980,532,1,1513,-371,-1.2414254642797389,-425,-1.422118119457922,54,0.18069265517818303
152188,新潟県,五泉市,22088,23602,45690,19094,636,207,843,153,3,999,880,129,1009,810,13,1832,-833,-1.790512219762268,-657,-1.4122047159469509,-176,-0.37830750381531714
152226,新潟県,上越市,88694,91746,180440,77693,3776,336,4112,910,33,5055,4506,199,4705,2801,20,7526,-2471,-1.3509302338295675,-1891,-1.0338361279529389,-580,-0.3170941058766285
152234,新潟県,阿賀野市,19021,20144,39165,14990,629,116,745,150,5,900,795,86,881,715,12,1608,-708,-1.775637649537281,-565,-1.4169989717352596,-143,-0.3586386778020214
152242,新潟県,佐渡市,23492,24611,48103,22601,914,55,969,172,8,1149,1210,27,1237,1135,10,2382,-1233,-2.4991892330144316,-963,-1.9519215177557971,-270,-0.5472677152586347
152251,新潟県,魚沼市,15960,16562,32522,13168,550,67,617,121,2,740,797,37,834,531,2,1367,-627,-1.8914597725421582,-410,-1.2368397236719055,-217,-0.6546200488702525
152269,新潟県,南魚沼市,25656,26720,52376,20391,1087,508,1595,229,1,1825,1513,382,1895,872,2,2769,-944,-1.770442610652663,-643,-1.2059264816204052,-301,-0.564516129032258
152277,新潟県,胎内市,13163,13628,26791,10908,587,96,683,102,0,785,740,84,824,454,0,1278,-493,-1.8069198064799883,-352,-1.290133411523237,-141,-0.5167863949567513
153001,新潟県,北蒲原郡,7025,6961,13986,5111,457,184,641,95,0,736,579,45,624,176,5,805,-69,-0.49092849519743864,-81,-0.576307363927428,12,0.08537886872998933
153079,新潟県,北蒲原郡聖籠町,7025,6961,13986,5111,457,184,641,95,0,736,579,45,624,176,5,805,-69,-0.49092849519743864,-81,-0.576307363927428,12,0.08537886872998933
153401,新潟県,西蒲原郡,3641,3893,7534,2820,170,10,180,32,0,212,150,6,156,113,0,269,-57,-0.7508892109076538,-81,-1.0670530891845607,24,0.3161638782769069
153427,新潟県,西蒲原郡弥彦村,3641,3893,7534,2820,170,10,180,32,0,212,150,6,156,113,0,269,-57,-0.7508892109076538,-81,-1.0670530891845607,24,0.3161638782769069
153605,新潟県,南蒲原郡,5115,5466,10581,4232,160,17,177,27,2,206,241,12,253,185,2,440,-234,-2.163661581137309,-158,-1.460933888118354,-76,-0.7027276930189552
153613,新潟県,南蒲原郡田上町,5115,5466,10581,4232,160,17,177,27,2,206,241,12,253,185,2,440,-234,-2.163661581137309,-158,-1.460933888118354,-76,-0.7027276930189552
153800,新潟県,東蒲原郡,4423,4624,9047,4167,96,8,104,20,1,125,242,4,246,245,3,494,-369,-3.9188615123194563,-225,-2.389549702633815,-144,-1.5293118096856415
153851,新潟県,東蒲原郡阿賀町,4423,4624,9047,4167,96,8,104,20,1,125,242,4,246,245,3,494,-369,-3.9188615123194563,-225,-2.389549702633815,-144,-1.5293118096856415
154008,新潟県,三島郡,1881,2005,3886,1643,86,2,88,12,0,100,92,0,92,118,0,210,-110,-2.7527527527527527,-106,-2.6526526526526526,-4,-0.10010010010010009
154059,新潟県,三島郡出雲崎町,1881,2005,3886,1643,86,2,88,12,0,100,92,0,92,118,0,210,-110,-2.7527527527527527,-106,-2.6526526526526526,-4,-0.10010010010010009
154601,新潟県,南魚沼郡,4237,4031,8268,4540,538,509,1047,37,4,1088,498,239,737,156,49,942,146,1.7975868012804728,-119,-1.4651563654272348,265,3.262743166707707
154610,新潟県,南魚沼郡湯沢町,4237,4031,8268,4540,538,509,1047,37,4,1088,498,239,737,156,49,942,146,1.7975868012804728,-119,-1.4651563654272348,265,3.262743166707707
154806,新潟県,中魚沼郡,4101,4355,8456,3406,132,34,166,23,0,189,193,20,213,192,0,405,-216,-2.4907749077490773,-169,-1.94880073800738,-47,-0.5419741697416974
154822,新潟県,中魚沼郡津南町,4101,4355,8456,3406,132,34,166,23,0,189,193,20,213,192,0,405,-216,-2.4907749077490773,-169,-1.94880073800738,-47,-0.5419741697416974
155004,新潟県,刈羽郡,2172,2050,4222,1637,129,12,141,12,0,153,156,8,164,53,0,217,-64,-1.4932337844143724,-41,-0.9566028931404572,-23,-0.5366308912739151
155047,新潟県,刈羽郡刈羽村,2172,2050,4222,1637,129,12,141,12,0,153,156,8,164,53,0,217,-64,-1.4932337844143724,-41,-0.9566028931404572,-23,-0.5366308912739151
155802,新潟県,岩船郡,2422,2581,5003,1985,96,6,102,10,1,113,145,5,150,117,1,268,-155,-3.0050407134548274,-107,-2.074447460255913,-48,-0.9305932531989143
155811,新潟県,岩船郡関川村,2268,2423,4691,1818,69,5,74,10,0,84,117,5,122,106,0,228,-144,-2.9782833505687694,-96,-1.985522233712513,-48,-0.9927611168562565
155861,新潟県,岩船郡粟島浦村,154,158,312,167,27,1,28,0,1,29,28,0,28,11,1,40,-11,-3.4055727554179565,-11,-3.4055727554179565,0,0
160008,富山県,-,491818,516718,1008536,436122,24536,4763,29299,5210,247,34756,26805,2534,29339,15209,676,45224,-10468,-1.0272776161820758,-9999,-0.9812522816397188,-469,-0.04602533454235705
162019,富山県,富山市,197110,206647,403757,186736,10012,2434,12446,2326,154,14926,10930,921,11851,5503,298,17652,-2726,-0.6706307520855731,-3177,-0.7815825016052331,451,0.11095174951966011
162027,富山県,高岡市,79097,83575,162672,70909,4356,638,4994,843,16,5853,4175,394,4569,2552,113,7234,-1381,-0.8418011252461095,-1709,-1.0417365119808843,328,0.1999353867347747
162043,富山県,魚津市,18937,19680,38617,16916,963,166,1129,174,1,1304,1129,119,1248,703,10,1961,-657,-1.6728624535315983,-529,-1.3469470896776494,-128,-0.3259153638539492
162051,富山県,氷見市,20288,21879,42167,17338,578,94,672,156,7,835,935,70,1005,845,23,1873,-1038,-2.402499710681634,-689,-1.594722833005439,-349,-0.8077768776761949
162060,富山県,滑川市,15980,16509,32489,12999,886,129,1015,202,5,1222,898,100,998,450,13,1461,-239,-0.730261549743339,-248,-0.7577609386458078,9,0.027499388902468835
162078,富山県,黒部市,19373,19782,39155,15897,1049,145,1194,196,8,1398,1201,160,1361,562,17,1940,-542,-1.365342469204222,-366,-0.9219840290198252,-176,-0.4433584401843968
162086,富山県,砺波市,22796,23878,46674,17823,1346,308,1654,279,6,1939,1536,106,1642,631,16,2289,-350,-0.7443007825791086,-352,-0.748553929908132,2,0.004253147329023477
162094,富山県,小矢部市,13683,14174,27857,10750,562,124,686,119,1,806,642,129,771,510,24,1305,-499,-1.7597686556637044,-391,-1.3788968824940047,-108,-0.3808717731696995
162108,富山県,南砺市,22189,23882,46071,17533,817,165,982,147,5,1134,1004,119,1123,852,37,2012,-878,-1.8701143794330017,-705,-1.5016294276768407,-173,-0.36848495175616097
162116,富山県,射水市,44293,45891,90184,37330,2268,391,2659,496,15,3170,2420,253,2673,1224,86,3983,-813,-0.8934360473422202,-728,-0.8000263744958624,-85,-0.09340967284635758
163201,富山県,中新川郡,22386,23878,46264,18507,1045,88,1133,172,22,1327,1113,89,1202,724,30,1956,-629,-1.3413515876570064,-552,-1.1771479751775318,-77,-0.16420361247947454
163210,富山県,中新川郡舟橋村,1643,1670,3313,1223,131,6,137,25,0,162,103,10,113,29,6,148,14,0.4243710215216732,-4,-0.12124886329190664,18,0.5456198848135798
163228,富山県,中新川郡上市町,8970,9687,18657,7660,349,47,396,61,20,477,462,38,500,326,21,847,-370,-1.9446050349503339,-265,-1.392757660167131,-105,-0.5518473747832029
163236,富山県,中新川郡立山町,11773,12521,24294,9624,565,35,600,86,2,688,548,41,589,369,3,961,-273,-1.1112467944804005,-283,-1.1519518052672284,10,0.04070501078682786
163406,富山県,下新川郡,15686,16943,32629,13384,654,81,735,100,7,842,822,74,896,653,9,1558,-716,-2.1472484630379367,-553,-1.6584195531563952,-163,-0.4888289098815415
163422,富山県,下新川郡入善町,10766,11490,22256,8847,497,62,559,78,5,642,528,53,581,427,7,1015,-373,-1.648327367537231,-349,-1.5422687701621811,-24,-0.1060585973750497
163431,富山県,下新川郡朝日町,4920,5453,10373,4537,157,19,176,22,2,200,294,21,315,226,2,543,-343,-3.2008212019410225,-204,-1.9036954087346025,-139,-1.2971257932064204
170003,石川県,-,533242,564877,1098121,501139,34568,5609,40177,6193,337,46707,39212,2973,42185,15058,569,57812,-11105,-1.0011485486276017,-8865,-0.799205932785564,-2240,-0.20194261584203763
172014,石川県,金沢市,213712,229409,443123,214900,14961,2957,17918,2563,160,20641,15673,1162,16835,5354,325,22514,-1873,-0.4209026597991892,-2791,-0.6271966489586422,918,0.2062939891594531
172022,石川県,七尾市,22284,24216,46500,21242,921,128,1049,153,9,1211,1931,64,1995,961,23,2979,-1768,-3.6628822408220767,-808,-1.6739869064390487,-960,-1.988895334383028
172031,石川県,小松市,51955,53520,105475,46011,3490,509,3999,654,19,4672,3523,367,3890,1401,10,5301,-629,-0.5928145969991706,-747,-0.7040262384076001,118,0.11121164140842947
172049,石川県,輪島市,9939,10989,20928,10385,348,20,368,53,10,431,1938,12,1950,667,5,2622,-2191,-9.477053505774471,-614,-2.65582421385008,-1577,-6.821229291924391
172057,石川県,珠洲市,5352,6022,11374,5473,181,12,193,35,6,234,1007,1,1008,415,11,1434,-1200,-9.543502465404803,-380,-3.0221091140448544,-820,-6.521393351359948
172065,石川県,加賀市,29445,32258,61703,28899,1447,375,1822,259,25,2106,1687,249,1936,990,22,2948,-842,-1.3462307138860021,-731,-1.1687584938844033,-111,-0.17747222000159885
172073,石川県,羽咋市,9280,10305,19585,8500,520,71,591,78,11,680,549,33,582,363,13,958,-278,-1.3995871721290842,-285,-1.4348285757438453,7,0.035241403614761115
172090,石川県,かほく市,17611,18589,36200,14519,1287,70,1357,287,14,1658,961,82,1043,437,2,1482,176,0.4885631801021541,-150,-0.4163890739506996,326,0.9049522540528536
172103,石川県,白山市,55145,57379,112524,46898,3123,542,3665,673,9,4347,2780,370,3150,1270,55,4475,-128,-0.11362425877924937,-597,-0.5299506444625928,469,0.41632638568334335
172111,石川県,能美市,24720,24984,49704,20349,1655,299,1954,340,13,2307,1452,277,1729,551,20,2300,7,0.014085357265026056,-211,-0.4245729118457855,218,0.4386582691108115
172120,石川県,野々市市,27529,27054,54583,25838,3309,126,3435,490,4,3929,2942,111,3053,444,12,3509,420,0.7754371065118254,46,0.08492882595129517,374,0.6905082805605303
173207,石川県,能美郡,3006,3035,6041,2043,118,21,139,36,1,176,158,18,176,57,1,234,-58,-0.9509755697655353,-21,-0.3443187407771766,-37,-0.6066568289883587
173240,石川県,能美郡川北町,3006,3035,6041,2043,118,21,139,36,1,176,158,18,176,57,1,234,-58,-0.9509755697655353,-21,-0.3443187407771766,-37,-0.6066568289883587
173606,石川県,河北郡,30837,32346,63183,26556,1906,148,2054,384,12,2450,1956,105,2061,658,35,2754,-304,-0.4788381873454408,-274,-0.43158441885740384,-30,-0.04725376848803692
173614,石川県,河北郡津幡町,18406,19115,37521,15209,1203,88,1291,252,11,1554,1055,44,1099,374,17,1490,64,0.17086258910217048,-122,-0.32570681047601246,186,0.49656939957818297
173657,石川県,河北郡内灘町,12431,13231,25662,11347,703,60,763,132,1,896,901,61,962,284,18,1264,-368,-1.4137533615059548,-152,-0.583941605839416,-216,-0.8298117556665386
173801,石川県,羽咋郡,14144,15287,29431,12612,545,262,807,72,7,886,1060,64,1124,601,10,1735,-849,-2.8038309114927347,-529,-1.7470277410832231,-320,-1.0568031704095113
173843,石川県,羽咋郡志賀町,8441,9168,17609,7727,259,166,425,33,4,462,687,32,719,394,3,1116,-654,-3.581010786836774,-361,-1.9766741499206046,-293,-1.6043366369161693
173860,石川県,羽咋郡宝達志水町,5703,6119,11822,4885,286,96,382,39,3,424,373,32,405,207,7,619,-195,-1.6227011733377716,-168,-1.39801947241408,-27,-0.22468170092369144
174009,石川県,鹿島郡,8094,8435,16529,6600,336,41,377,59,14,450,437,26,463,268,11,742,-292,-1.7359253314309493,-209,-1.2424945009214672,-83,-0.49343083050948217
174076,石川県,鹿島郡中能登町,8094,8435,16529,6600,336,41,377,59,14,450,437,26,463,268,11,742,-292,-1.7359253314309493,-209,-1.2424945009214672,-83,-0.49343083050948217
174602,石川県,鳳珠郡,10189,11049,21238,10314,421,28,449,57,23,529,1158,32,1190,621,14,1825,-1296,-5.751309132865892,-564,-2.50288453004349,-732,-3.2484246028224013
174611,石川県,鳳珠郡穴水町,3323,3584,6907,3392,184,7,191,23,9,223,444,8,452,211,0,663,-440,-5.988838981897373,-188,-2.558867564992514,-252,-3.429971416904859
174637,石川県,鳳珠郡能登町,6866,7465,14331,6922,237,21,258,34,14,306,714,24,738,410,14,1162,-856,-5.636399552248634,-376,-2.4758016724830445,-480,-3.1605978797655894
180009,福井県,-,364197,382493,746690,306635,18733,4642,23375,4502,186,28063,20545,2234,22779,10543,441,33763,-5700,-0.7575858264995547,-6041,-0.8029080662954053,341,0.04532223979585055
182010,福井県,福井市,123197,130832,254029,108630,6129,1496,7625,1663,105,9393,7160,664,7824,3395,94,11313,-1920,-0.7501494438345139,-1732,-0.6766973107923844,-188,-0.07345213304212948
182028,福井県,敦賀市,30735,31647,62382,29302,1836,272,2108,361,20,2489,2055,100,2155,870,24,3049,-560,-0.8897079851291666,-509,-0.808681007912046,-51,-0.08102697721712052
182044,福井県,小浜市,13660,13984,27644,12253,716,79,795,166,9,970,819,46,865,434,1,1300,-330,-1.179666833488239,-268,-0.9580324587116609,-62,-0.22163437477657824
182052,福井県,大野市,14262,15559,29821,11624,479,252,731,116,5,852,772,100,872,595,15,1482,-630,-2.068897573150307,-479,-1.5730189484745984,-151,-0.4958786246757085
182061,福井県,勝山市,10081,10975,21056,7954,319,49,368,85,1,454,485,45,530,349,2,881,-427,-1.9876181166503748,-264,-1.228878648233487,-163,-0.7587394684168878
182079,福井県,鯖江市,33480,34822,68302,26136,1870,186,2056,474,10,2540,1685,102,1787,810,43,2640,-100,-0.14619455571474518,-336,-0.49121370720154384,236,0.3450191514867986
182087,福井県,あわら市,12560,13746,26306,10477,690,223,913,110,0,1023,673,63,736,425,93,1254,-231,-0.8704827222368767,-315,-1.1870218939593775,84,0.3165391717225006
182095,福井県,越前市,39754,40664,80418,32391,2688,1199,3887,512,18,4417,2197,590,2787,1058,61,3906,511,0.6394934110903926,-546,-0.6832943296582277,1057,1.3227877407486204
182109,福井県,坂井市,43144,45286,88430,33642,2099,638,2737,538,5,3280,2340,288,2628,1129,79,3836,-556,-0.6248173870046974,-591,-0.6641494167621873,35,0.03933202975748994
183202,福井県,吉田郡,8619,9025,17644,6646,440,41,481,81,1,563,513,41,554,264,1,819,-256,-1.4301675977653632,-183,-1.0223463687150838,-73,-0.4078212290502793
183229,福井県,吉田郡永平寺町,8619,9025,17644,6646,440,41,481,81,1,563,513,41,554,264,1,819,-256,-1.4301675977653632,-183,-1.0223463687150838,-73,-0.4078212290502793
183806,福井県,今立郡,1056,1130,2186,875,38,6,44,11,0,55,59,1,60,42,5,107,-52,-2.323503127792672,-31,-1.3851653261840928,-21,-0.938337801608579
183822,福井県,今立郡池田町,1056,1130,2186,875,38,6,44,11,0,55,59,1,60,42,5,107,-52,-2.323503127792672,-31,-1.3851653261840928,-21,-0.938337801608579
184004,福井県,南条郡,4600,4848,9448,3335,150,18,168,43,0,211,195,17,212,160,2,374,-163,-1.6959733638539174,-117,-1.217355113931953,-46,-0.4786182499219644
184047,福井県,南条郡南越前町,4600,4848,9448,3335,150,18,168,43,0,211,195,17,212,160,2,374,-163,-1.6959733638539174,-117,-1.217355113931953,-46,-0.4786182499219644
184209,福井県,丹生郡,9644,10125,19769,7267,371,95,466,107,2,575,442,115,557,336,13,906,-331,-1.646766169154229,-229,-1.1393034825870645,-102,-0.5074626865671642
184233,福井県,丹生郡越前町,9644,10125,19769,7267,371,95,466,107,2,575,442,115,557,336,13,906,-331,-1.646766169154229,-229,-1.1393034825870645,-102,-0.5074626865671642
184403,福井県,三方郡,4282,4394,8676,3604,238,6,244,68,2,314,289,7,296,183,1,480,-166,-1.877403302420267,-115,-1.300610721556209,-51,-0.5767925808640579
184420,福井県,三方郡美浜町,4282,4394,8676,3604,238,6,244,68,2,314,289,7,296,183,1,480,-166,-1.877403302420267,-115,-1.300610721556209,-51,-0.5767925808640579
184802,福井県,大飯郡,8609,8616,17225,7562,445,62,507,102,4,613,527,40,567,257,7,831,-218,-1.2497850140457492,-155,-0.8886086109040877,-63,-0.3611764031416614
184811,福井県,大飯郡高浜町,4799,4745,9544,4292,234,24,258,52,2,312,286,21,307,145,2,454,-142,-1.466033450340698,-93,-0.9601486681808796,-49,-0.5058847821598182
184837,福井県,大飯郡おおい町,3810,3871,7681,3270,211,38,249,50,2,301,241,19,260,112,5,377,-76,-0.9797602165785742,-62,-0.7992780714193631,-14,-0.18048214515921104
185001,福井県,三方上中郡,6514,6840,13354,4937,225,20,245,65,4,314,334,15,349,236,0,585,-271,-1.9889908256880733,-171,-1.255045871559633,-100,-0.7339449541284404
185019,福井県,三方上中郡若狭町,6514,6840,13354,4937,225,20,245,65,4,314,334,15,349,236,0,585,-271,-1.9889908256880733,-171,-1.255045871559633,-100,-0.7339449541284404
190004,山梨県,-,393986,407068,801056,377101,28720,4413,33133,4277,428,37838,28874,2316,31190,11212,749,43151,-5313,-0.6588794956155308,-6935,-0.860028101278695,1622,0.20114860566316414
192015,山梨県,甲府市,89607,94241,183850,94633,7158,1654,8812,1081,150,10043,7456,720,8176,2566,278,11020,-977,-0.5286024228061917,-1485,-0.8034540408057265,508,0.2748516179995347
192023,山梨県,富士吉田市,22768,23596,46364,20860,1482,174,1656,230,22,1908,1550,77,1627,647,40,2314,-406,-0.868077827667308,-417,-0.8915971776779987,11,0.023519350010690613
192040,山梨県,都留市,13904,14605,28509,13491,1224,146,1370,148,7,1525,1270,114,1384,409,21,1814,-289,-1.0035419126328218,-261,-0.9063129383985,-28,-0.09722897423432182
192058,山梨県,山梨市,15725,16985,32710,14858,820,70,890,148,11,1049,856,36,892,551,10,1453,-404,-1.2200277828108956,-403,-1.2170079120613637,-1,-0.00301987074953192
192066,山梨県,大月市,10534,10780,21314,10209,495,79,574,45,15,634,628,46,674,374,14,1062,-428,-1.9685401526998436,-329,-1.5132002575660013,-99,-0.4553398951338423
192074,山梨県,韮崎市,13920,13878,27798,12895,1017,102,1119,122,22,1263,1050,86,1136,382,36,1554,-291,-1.035992737370501,-260,-0.9256292498842963,-31,-0.11036348748620457
192082,山梨県,南アルプス市,35587,36139,71726,30313,2143,155,2298,462,24,2784,1746,116,1862,823,33,2718,66,0.09210159084566005,-361,-0.503767792352777,427,0.5958693831984371
192091,山梨県,北杜市,22202,23178,45380,22334,1722,177,1899,164,27,2090,1298,147,1445,774,24,2243,-153,-0.33602002942920517,-610,-1.3396876990314717,457,1.0036676696022664
192104,山梨県,甲斐市,37775,38595,76370,35200,2909,318,3227,531,32,3790,2861,178,3039,858,37,3934,-144,-0.18820085213163604,-327,-0.42737276838225685,183,0.23917191625062081
192112,山梨県,笛吹市,32591,34266,66857,30759,2183,312,2495,418,13,2926,2200,143,2343,931,66,3340,-414,-0.6154212067607141,-513,-0.7625871475078414,99,0.14716594074712727
192121,山梨県,上野原市,10634,10574,21208,10056,525,113,638,60,14,712,704,77,781,342,18,1141,-429,-1.9827147941026944,-282,-1.303323011508065,-147,-0.6793917825946296
192139,山梨県,甲州市,14081,14998,29079,13084,652,54,706,99,13,818,770,41,811,515,13,1339,-521,-1.760135135135135,-416,-1.4054054054054055,-105,-0.35472972972972977
192147,山梨県,中央市,15130,15467,30597,14210,1501,216,1717,148,12,1877,1434,181,1615,288,34,1937,-60,-0.1957138663274293,-140,-0.45666568809733504,80,0.2609518217699057
193402,山梨県,西八代郡,7046,7388,14434,6567,330,27,357,46,3,406,363,26,389,271,5,665,-259,-1.7627441638875654,-225,-1.5313414551146804,-34,-0.23140270877288505
193461,山梨県,西八代郡市川三郷町,7046,7388,14434,6567,330,27,357,46,3,406,363,26,389,271,5,665,-259,-1.7627441638875654,-225,-1.5313414551146804,-34,-0.23140270877288505
193607,山梨県,南巨摩郡,15374,15853,31227,14776,784,108,892,86,18,996,989,45,1034,694,23,1751,-755,-2.36070289537865,-608,-1.9010693515102244,-147,-0.459633543868426
193640,山梨県,南巨摩郡早川町,434,425,859,533,47,4,51,2,0,53,50,3,53,24,1,78,-25,-2.828054298642534,-22,-2.48868778280543,-3,-0.3393665158371041
193658,山梨県,南巨摩郡身延町,4771,4906,9677,4949,199,59,258,15,10,283,348,15,363,288,6,657,-374,-3.7210227838026064,-273,-2.7161476470002985,-101,-1.0048751368023083
193666,山梨県,南巨摩郡南部町,3363,3402,6765,3006,143,3,146,19,2,167,185,5,190,131,1,322,-155,-2.239884393063584,-112,-1.6184971098265895,-43,-0.6213872832369942
193682,山梨県,南巨摩郡富士川町,6806,7120,13926,6288,395,42,437,50,6,493,406,22,428,251,15,694,-201,-1.422807390104056,-201,-1.422807390104056,0,0
193801,山梨県,中巨摩郡,10713,10674,21387,9754,1346,105,1451,175,4,1630,1177,61,1238,196,22,1456,174,0.8202517324282279,-21,-0.09899589874133786,195,0.9192476311695659
193844,山梨県,中巨摩郡昭和町,10713,10674,21387,9754,1346,105,1451,175,4,1630,1177,61,1238,196,22,1456,174,0.8202517324282279,-21,-0.09899589874133786,195,0.9192476311695659
194204,山梨県,南都留郡,25814,25315,51129,22480,2362,602,2964,308,41,3313,2439,220,2659,566,75,3300,13,0.025432349949135298,-258,-0.5047343297597621,271,0.5301666797088974
194221,山梨県,南都留郡道志村,759,750,1509,622,45,1,46,7,2,55,67,1,68,21,2,91,-36,-2.3300970873786406,-14,-0.9061488673139159,-22,-1.423948220064725
194239,山梨県,南都留郡西桂町,1883,2005,3888,1544,91,10,101,14,1,116,171,4,175,51,3,229,-113,-2.8242939265183704,-37,-0.9247688077980505,-76,-1.89952511872032
194247,山梨県,南都留郡忍野村,5298,4439,9737,4232,535,127,662,74,16,752,593,65,658,97,18,773,-21,-0.2152080344332855,-23,-0.23570403771264603,2,0.020496003279360527
194255,山梨県,南都留郡山中湖村,2929,2893,5822,2666,347,106,453,31,4,488,309,42,351,71,12,434,54,0.9361997226074895,-40,-0.6934812760055479,94,1.6296809986130374
194298,山梨県,南都留郡鳴沢村,1535,1523,3058,1360,108,7,115,9,1,125,90,7,97,48,1,146,-21,-0.6820396232543033,-39,-1.2666450146151347,18,0.5846053913608315
194301,山梨県,南都留郡富士河口湖町,13410,13705,27115,12056,1236,351,1587,173,17,1777,1209,101,1310,278,39,1627,150,0.5562766549230485,-105,-0.3893936584461339,255,0.9456703133691824
194409,山梨県,北都留郡,581,536,1117,622,67,1,68,6,0,74,83,2,85,25,0,110,-36,-3.1222896790980053,-19,-1.647875108412836,-17,-1.4744145706851692
194425,山梨県,北都留郡小菅村,317,299,616,331,34,1,35,4,0,39,49,2,51,11,0,62,-23,-3.599374021909233,-7,-1.0954616588419406,-16,-2.503912363067293
194433,山梨県,北都留郡丹波山村,264,237,501,291,33,0,33,2,0,35,34,0,34,14,0,48,-13,-2.529182879377432,-12,-2.3346303501945527,-1,-0.19455252918287938
200000,長野県,-,985768,1026630,2012399,903498,63266,12349,75615,10712,760,87087,65232,7111,72343,28869,1611,102823,-15736,-0.7758852344641752,-18157,-0.8952559864111609,2421,0.11937075194698578
202011,長野県,長野市,176280,186329,362609,165256,9784,849,10633,2080,94,12807,10272,405,10677,4920,173,15770,-2963,-0.8105106518004661,-2840,-0.776864748941385,-123,-0.03364590285908111
202029,長野県,松本市,114778,119333,234111,110016,8504,881,9385,1457,37,10879,8616,592,9208,2931,104,12243,-1364,-0.5792546979509502,-1474,-0.6259687864953817,110,0.046714088544431466
202037,長野県,上田市,74348,77192,151540,70281,4262,956,5218,852,52,6122,4367,433,4800,2085,181,7066,-944,-0.6190813462396054,-1233,-0.8086094278743998,289,0.18952808163479448
202045,長野県,岡谷市,22692,23777,46469,21083,1251,177,1428,242,17,1687,1416,112,1528,713,15,2256,-569,-1.2096602746715421,-471,-1.001318083251839,-98,-0.2083421914197032
202053,長野県,飯田市,45988,48956,94944,40394,2440,606,3046,562,41,3649,3157,174,3331,1517,54,4902,-1253,-1.3025354221025602,-955,-0.9927544518020313,-298,-0.3097809703005291
202061,長野県,諏訪市,23447,24112,47559,22608,1678,361,2039,291,1,2331,1948,131,2079,652,49,2780,-449,-0.9352607898683554,-361,-0.7519580069988335,-88,-0.18330278286952173
202070,長野県,須坂市,23931,25218,49149,20772,1264,112,1376,250,24,1650,1302,80,1382,672,29,2083,-433,-0.8733007946432173,-422,-0.8511153241095559,-11,-0.02218547053366141
202088,長野県,小諸市,20266,20982,41248,19872,1364,335,1699,226,23,1948,1498,126,1624,580,17,2221,-273,-0.6574986151585945,-354,-0.8525806218540016,81,0.19508200669540715
202096,長野県,伊那市,31836,33065,64901,28726,2176,274,2450,340,17,2807,2073,177,2250,977,36,3263,-456,-0.6977064430741925,-637,-0.9746469391189927,181,0.2769404960448001
202100,長野県,駒ヶ根市,15541,15784,31325,13744,951,169,1120,154,24,1298,1072,78,1150,463,24,1637,-339,-1.0706164729661445,-309,-0.9758716523496715,-30,-0.09474482061647296
202118,長野県,中野市,20515,21647,42162,17933,1132,236,1368,174,17,1559,1194,161,1355,608,20,1983,-424,-0.9956323674447001,-434,-1.0191142629033014,10,0.02348189545860142
202126,長野県,大町市,12350,12951,25301,12007,752,126,878,89,7,974,801,82,883,468,6,1357,-383,-1.491200747547111,-379,-1.4756268494004048,-4,-0.01557389814670612
202134,長野県,飯山市,9164,9648,18812,7920,448,90,538,69,5,612,592,76,668,344,2,1014,-402,-2.092224419693973,-275,-1.431248048298116,-127,-0.6609763713958572
202142,長野県,茅野市,26979,27087,54066,25052,1915,351,2266,269,30,2565,1855,202,2057,687,34,2778,-213,-0.3924169568341348,-418,-0.7700952486228559,205,0.3776782917887212
202151,長野県,塩尻市,32705,32500,65205,29077,2366,236,2602,424,29,3055,2322,226,2548,871,54,3473,-418,-0.6369717934260855,-447,-0.6811636164149765,29,0.044191822988891086
202177,長野県,佐久市,47853,49527,97380,43746,3414,535,3949,550,57,4556,3260,175,3435,1356,61,4852,-296,-0.30304271264179533,-806,-0.8251771161800238,510,0.5221344035382284
202185,長野県,千曲市,28623,30222,58845,24809,1642,151,1793,291,21,2105,1460,102,1562,848,29,2439,-334,-0.5643893948866997,-557,-0.9412122543469813,223,0.3768228594602815
202193,長野県,東御市,14427,14531,28958,12564,930,75,1005,167,13,1185,987,58,1045,426,12,1483,-298,-1.0185944763467323,-259,-0.8852884878315559,-39,-0.13330598851517636
202207,長野県,安曇野市,46561,49307,95868,42018,3013,260,3273,442,59,3774,2643,213,2856,1287,12,4155,-381,-0.3958482685534395,-845,-0.8779311992851874,464,0.48208293073174785
203009,長野県,南佐久郡,11349,11207,22556,9709,1058,1302,2360,103,12,2475,1161,1132,2293,383,136,2812,-337,-1.4720656969379287,-280,-1.2230812912243918,-57,-0.24898440571353692
203033,長野県,南佐久郡小海町,2067,2129,4196,1942,158,82,240,20,0,260,156,60,216,89,6,311,-51,-1.2008476571697668,-69,-1.6246762420532141,18,0.4238285848834471
203041,長野県,南佐久郡川上村,1960,1671,3631,1406,374,818,1192,18,8,1218,433,731,1164,43,121,1328,-110,-2.9403902699812883,-25,-0.6682705159048383,-85,-2.27211975407645
203050,長野県,南佐久郡南牧村,1565,1412,2977,1330,207,351,558,15,1,574,250,303,553,56,5,614,-40,-1.3258203513423932,-41,-1.3589658601259529,1,0.033145508783559825
203068,長野県,南佐久郡南相木村,452,474,926,412,34,7,41,5,0,46,26,6,32,18,1,51,-5,-0.5370569280343717,-13,-1.3963480128893664,8,0.8592910848549946
203076,長野県,南佐久郡北相木村,324,323,647,331,31,27,58,2,0,60,40,14,54,18,0,72,-12,-1.8209408194233687,-16,-2.4279210925644916,4,0.6069802731411229
203092,長野県,南佐久郡佐久穂町,4981,5198,10179,4288,254,17,271,43,3,317,256,18,274,159,3,436,-119,-1.1555641872208195,-116,-1.1264323169547485,-3,-0.02913187026607108
203203,長野県,北佐久郡,22007,23188,45196,22017,2733,683,3416,206,40,3662,2321,366,2687,576,77,3340,322,0.7175647368186479,-370,-0.8245309087667692,692,1.542095645585417
203211,長野県,北佐久郡軽井沢町,10381,11370,21752,11097,1445,412,1857,86,23,1966,1258,235,1493,268,52,1813,153,0.7083661280614844,-182,-0.8426316033149682,335,1.5509977313764527
203238,長野県,北佐久郡御代田町,8306,8464,16770,7998,1094,221,1315,93,15,1423,882,110,992,187,25,1204,219,1.3231828892514048,-94,-0.5679415141079088,313,1.8911244033593135
203246,長野県,北佐久郡立科町,3320,3354,6674,2922,194,50,244,27,2,273,181,21,202,121,0,323,-50,-0.74360499702558,-94,-1.3979773944080904,44,0.6543723973825104
203408,長野県,小県郡,4752,4848,9600,4380,212,21,233,31,3,267,246,12,258,162,3,423,-156,-1.5990159901599015,-131,-1.3427634276342764,-25,-0.2562525625256252
203491,長野県,小県郡青木村,2009,2077,4086,1760,84,6,90,19,0,109,98,6,104,70,0,174,-65,-1.565887737894483,-51,-1.2286196097325945,-14,-0.33726812816188867
203505,長野県,小県郡長和町,2743,2771,5514,2620,128,15,143,12,3,158,148,6,154,92,3,249,-91,-1.623550401427297,-80,-1.4272970561998217,-11,-0.19625334522747548
203602,長野県,諏訪郡,19768,20899,40667,18577,1215,227,1442,137,13,1592,1233,131,1364,659,27,2050,-458,-1.113677811550152,-522,-1.2693009118541032,64,0.15562310030395138
203611,長野県,諏訪郡下諏訪町,8895,9575,18470,8714,465,72,537,68,2,607,580,39,619,334,7,960,-353,-1.8753652446475058,-266,-1.4131647452584604,-87,-0.46220049938904534
203629,長野県,諏訪郡富士見町,6935,7172,14107,6285,454,115,569,39,7,615,424,59,483,219,15,717,-102,-0.7178548807094095,-180,-1.2668027306636638,78,0.5489478499542544
203637,長野県,諏訪郡原村,3938,4152,8090,3578,296,40,336,30,4,370,229,33,262,106,5,373,-3,-0.03706907203756332,-76,-0.9390831582849375,73,0.9020140862473743
203807,長野県,上伊那郡,39868,40805,80673,33684,2589,350,2939,467,27,3433,2624,270,2894,1094,46,4034,-601,-0.7394738784851244,-627,-0.7714644289686738,26,0.03199055048354948
203823,長野県,上伊那郡辰野町,8785,9224,18009,7576,468,46,514,71,3,588,486,43,529,330,9,868,-280,-1.5309749029471267,-259,-1.416151785226092,-21,-0.11482311772103448
203831,長野県,上伊那郡箕輪町,12259,12128,24387,10353,896,116,1012,160,10,1182,837,92,929,311,18,1258,-76,-0.3106732616604668,-151,-0.6172587172464539,75,0.306585455585987
203840,長野県,上伊那郡飯島町,4336,4527,8863,3659,250,33,283,35,3,321,233,39,272,134,7,413,-92,-1.027359017308766,-99,-1.105527638190955,7,0.07816862088218872
203858,長野県,上伊那郡南箕輪村,7986,8065,16051,6794,645,50,695,139,5,839,701,25,726,163,8,897,-58,-0.36004717859581603,-24,-0.14898503941895835,-34,-0.21106213917685765
203866,長野県,上伊那郡中川村,2208,2412,4620,1707,104,15,119,24,0,143,108,14,122,64,1,187,-44,-0.9433962264150944,-40,-0.8576329331046313,-4,-0.08576329331046312
203882,長野県,上伊那郡宮田村,4294,4449,8743,3595,226,90,316,38,6,360,259,57,316,92,3,411,-51,-0.5799408687741642,-54,-0.6140550375255857,3,0.034114168751421425
204005,長野県,下伊那郡,27291,28419,55710,21923,1542,205,1747,271,15,2033,1747,131,1878,1073,16,2967,-934,-1.6488948520584703,-802,-1.4158604618317916,-132,-0.2330343902266789
204021,長野県,下伊那郡松川町,6083,6362,12445,4786,300,22,322,59,0,381,349,28,377,218,0,595,-214,-1.690496879690339,-159,-1.256023382573663,-55,-0.43447349711667593
204030,長野県,下伊那郡高森町,6177,6429,12606,4610,343,78,421,63,7,491,400,56,456,194,5,655,-164,-1.284259984338293,-131,-1.0258418167580265,-33,-0.25841816758026626
204048,長野県,下伊那郡阿南町,1908,2023,3931,1909,127,10,137,10,2,149,134,11,145,148,3,296,-147,-3.604708190289357,-138,-3.3840117704757233,-9,-0.2206964198136341
204072,長野県,下伊那郡阿智村,2901,3040,5941,2397,171,63,234,19,1,254,175,20,195,102,5,302,-48,-0.8014693604942394,-83,-1.385874102521289,35,0.5844047420270496
204099,長野県,下伊那郡平谷村,185,192,377,191,27,0,27,2,0,29,21,0,21,6,0,27,2,0.5333333333333333,-4,-1.0666666666666667,6,1.6
204102,長野県,下伊那郡根羽村,408,398,806,400,44,4,48,1,0,49,42,2,44,24,0,68,-19,-2.3030303030303028,-23,-2.7878787878787876,4,0.48484848484848486
204111,長野県,下伊那郡下條村,1663,1758,3421,1263,88,1,89,21,1,111,89,5,94,73,2,169,-58,-1.6671457315320497,-52,-1.4946823799942512,-6,-0.1724633515377982
204129,長野県,下伊那郡売木村,226,246,472,263,37,3,40,1,0,41,29,0,29,13,0,42,-1,-0.21141649048625794,-12,-2.536997885835095,11,2.3255813953488373
204137,長野県,下伊那郡天龍村,487,541,1028,596,33,1,34,2,0,36,53,0,53,43,0,96,-60,-5.514705882352941,-41,-3.768382352941176,-19,-1.7463235294117647
204145,長野県,下伊那郡泰阜村,672,754,1426,644,48,0,48,8,0,56,62,0,62,47,0,109,-53,-3.583502366463827,-39,-2.636916835699797,-14,-0.9465855307640297
204153,長野県,下伊那郡喬木村,2914,2974,5888,2156,140,9,149,37,2,188,164,1,165,107,0,272,-84,-1.406563965170797,-70,-1.172136637642331,-14,-0.23442732752846618
204161,長野県,下伊那郡豊丘村,3238,3263,6501,2253,152,9,161,43,2,206,197,5,202,72,1,275,-69,-1.0502283105022832,-29,-0.4414003044140031,-40,-0.60882800608828
204170,長野県,下伊那郡大鹿村,429,439,868,455,32,5,37,5,0,42,32,3,35,26,0,61,-19,-2.142051860202931,-21,-2.367531003382187,2,0.2254791431792559
204200,長野県,木曽郡,11512,12271,23783,11294,642,51,693,70,8,771,799,33,832,507,4,1343,-572,-2.3485937179223977,-437,-1.7942927530281256,-135,-0.5543009648942723
204226,長野県,木曽郡上松町,1927,2003,3930,1973,127,10,137,12,0,149,120,1,121,99,0,220,-71,-1.7745563609097725,-87,-2.174456385903524,16,0.3999000249937516
204234,長野県,木曽郡南木曽町,1776,1898,3674,1632,93,9,102,11,0,113,135,1,136,68,0,204,-91,-2.4169986719787517,-57,-1.5139442231075697,-34,-0.9030544488711819
204251,長野県,木曽郡木祖村,1169,1347,2516,1079,36,7,43,8,3,54,62,2,64,52,1,117,-63,-2.44280728964715,-44,-1.7060876308646764,-19,-0.7367196587824738
204293,長野県,木曽郡王滝村,297,343,640,356,29,0,29,1,0,30,28,1,29,18,0,47,-17,-2.5875190258751903,-17,-2.5875190258751903,0,0
204307,長野県,木曽郡大桑村,1581,1625,3206,1460,73,11,84,14,4,102,128,15,143,73,2,218,-116,-3.491872366044552,-59,-1.7760385310054183,-57,-1.715833835039133
204323,長野県,木曽郡木曽町,4762,5055,9817,4794,284,14,298,24,1,323,326,13,339,197,1,537,-214,-2.133386501844283,-173,-1.7246535739208455,-41,-0.40873292792343735
204404,長野県,東筑摩郡,10259,10493,20752,8318,586,62,648,71,16,735,628,25,653,324,14,991,-256,-1.2185833968012185,-253,-1.2043031226199543,-3,-0.01428027418126428
204463,長野県,東筑摩郡麻績村,1176,1236,2412,1039,42,4,46,8,0,54,48,5,53,60,0,113,-59,-2.3876972885471472,-52,-2.1044111695669767,-7,-0.28328611898017
204480,長野県,東筑摩郡生坂村,817,798,1615,714,60,1,61,2,0,63,71,0,71,27,0,98,-35,-2.1212121212121215,-25,-1.5151515151515151,-10,-0.6060606060606061
204501,長野県,東筑摩郡山形村,4186,4300,8486,3232,244,48,292,40,9,341,265,13,278,91,12,381,-40,-0.46915317851278443,-51,-0.5981703026038001,11,0.1290171240910157
204510,長野県,東筑摩郡朝日村,2091,2172,4263,1557,124,5,129,13,7,149,129,3,132,69,2,203,-54,-1.250868658790827,-56,-1.2971971276349317,2,0.0463284688441047
204528,長野県,東筑摩郡筑北村,1989,1987,3976,1776,116,4,120,8,0,128,115,4,119,77,0,196,-68,-1.6815034619188922,-69,-1.7062314540059347,1,0.02472799208704253
204803,長野県,北安曇郡,15361,15737,31098,14911,1371,1753,3124,125,27,3276,1366,886,2252,396,240,2888,388,1.2634321068056007,-271,-0.882448713774015,659,2.145880820579616
204811,長野県,北安曇郡池田町,4421,4693,9114,4095,253,20,273,23,1,297,248,11,259,160,3,422,-125,-1.3529602770862648,-137,-1.482844463686546,12,0.12988418660028142
204820,長野県,北安曇郡松川村,4688,4960,9648,4116,418,20,438,55,1,494,303,16,319,110,3,432,62,0.6467765491341539,-55,-0.5737533903609431,117,1.220529939495097
204854,長野県,北安曇郡白馬村,4790,4735,9525,5276,561,1454,2015,34,24,2073,631,776,1407,87,213,1707,366,3.996069439895185,-53,-0.5786657932088656,419,4.57473523310405
204862,長野県,北安曇郡小谷村,1462,1349,2811,1424,139,259,398,13,1,412,184,83,267,39,21,327,85,3.1181217901687455,-26,-0.9537784299339692,111,4.071900220102714
205206,長野県,埴科郡,6884,6988,13872,6222,405,88,493,58,5,556,505,70,575,229,12,816,-260,-1.8397962071893574,-171,-1.2100198131899236,-89,-0.6297763939994339
205214,長野県,埴科郡坂城町,6884,6988,13872,6222,405,88,493,58,5,556,505,70,575,229,12,816,-260,-1.8397962071893574,-171,-1.2100198131899236,-89,-0.6297763939994339
205401,長野県,上高井郡,8461,8939,17400,6594,450,40,490,94,6,590,398,39,437,265,6,708,-118,-0.6735928758990752,-171,-0.9761388286334056,53,0.3025459527343304
205419,長野県,上高井郡小布施町,5271,5716,10987,4133,298,15,313,72,3,388,238,6,244,146,4,394,-6,-0.05458018739197671,-74,-0.6731556445010461,68,0.6185754571090694
205435,長野県,上高井郡高山村,3190,3223,6413,2461,152,25,177,22,3,202,160,33,193,119,2,314,-112,-1.7164750957854407,-97,-1.4865900383141764,-15,-0.22988505747126436
205605,長野県,下高井郡,9319,9729,19048,8604,589,647,1236,60,11,1307,712,343,1055,394,96,1545,-238,-1.234055791766048,-334,-1.731826195167479,96,0.4977704034014311
205613,長野県,下高井郡山ノ内町,5505,5724,11229,5132,317,258,575,37,2,614,414,147,561,222,0,783,-169,-1.4827162660115811,-185,-1.6230917704860501,16,0.14037550447446923
205621,長野県,下高井郡木島平村,2081,2156,4237,1790,109,14,123,6,0,129,141,3,144,110,2,256,-127,-2.9101741521539872,-104,-2.383134738771769,-23,-0.5270394133822182
205630,長野県,下高井郡野沢温泉村,1733,1849,3582,1682,163,375,538,17,9,564,157,193,350,62,94,506,58,1.6458569807037458,-45,-1.2769580022701474,103,2.922814982973893
205800,長野県,上水内郡,9911,10121,20032,8618,521,137,658,85,9,752,612,68,680,344,21,1045,-293,-1.4415744157441575,-259,-1.2742927429274293,-34,-0.16728167281672815
205834,長野県,上水内郡信濃町,3756,3804,7560,3384,193,122,315,23,4,342,289,51,340,125,15,480,-138,-1.7926734216679656,-102,-1.3250194855806703,-36,-0.46765393608729544
205885,長野県,上水内郡小川村,1085,1113,2198,1005,62,5,67,6,2,75,82,3,85,54,1,140,-65,-2.8722934158197084,-48,-2.1210782147591694,-17,-0.7512152010605391
205907,長野県,上水内郡飯綱町,5070,5204,10274,4229,266,10,276,56,3,335,241,14,255,165,5,425,-90,-0.868390582786569,-109,-1.0517174835970668,19,0.18332690081049788
206008,長野県,下水内郡,742,818,1560,769,67,3,70,5,0,75,45,2,47,58,1,106,-31,-1.9484600879949718,-53,-3.331238214959145,22,1.3827781269641735
206024,長野県,下水内郡栄村,742,818,1560,769,67,3,70,5,0,75,45,2,47,58,1,106,-31,-1.9484600879949718,-53,-3.331238214959145,22,1.3827781269641735
210005,岐阜県,-,951437,999855,1951292,860512,58159,13326,71485,10344,839,82668,63839,6885,70724,26512,2002,99238,-16570,-0.8420305895433725,-16168,-0.8216023278055066,-402,-0.020428261737865765
212016,岐阜県,岐阜市,190555,208572,399127,188486,12096,2913,15009,2366,286,17661,12748,859,13607,5242,622,19471,-1810,-0.4514424959532296,-2876,-0.7173196786527559,1066,0.2658771826995263
212024,岐阜県,大垣市,76656,80256,156912,69861,4851,1004,5855,901,98,6854,5232,541,5773,2048,170,7991,-1137,-0.7193971489854413,-1147,-0.7257243006915577,10,0.006327151706116458
212032,岐阜県,高山市,39414,43072,82486,36473,2219,467,2686,399,26,3111,2416,216,2632,1244,30,3906,-795,-0.9545994884787646,-845,-1.0146371921566744,50,0.060037703677909726
212041,岐阜県,多治見市,51115,53933,105048,48188,2839,525,3364,479,35,3878,3141,408,3549,1431,31,5011,-1133,-1.0670458933330822,-952,-0.8965822510618661,-181,-0.17046364227121613
212059,岐阜県,関市,41135,42795,83930,36548,2372,477,2849,405,5,3259,2611,340,2951,1098,105,4154,-895,-1.0551134689065722,-693,-0.816976127320955,-202,-0.23813734158561745
212067,岐阜県,中津川市,36134,37401,73535,31939,2043,367,2410,387,22,2819,2186,383,2569,1175,72,3816,-997,-1.3376804593999894,-788,-1.057263993989159,-209,-0.2804164654108302
212075,岐阜県,美濃市,9209,9782,18991,8249,489,148,637,63,8,708,556,103,659,323,14,996,-288,-1.493853415633591,-260,-1.3486176668914363,-28,-0.14523574874215467
212083,岐阜県,瑞浪市,17229,18050,35279,15672,1101,169,1270,189,11,1470,1185,159,1344,553,25,1922,-452,-1.265007976267107,-364,-1.0187232375248383,-88,-0.2462847387422686
212091,岐阜県,羽島市,32825,33692,66517,28351,1964,1185,3149,380,34,3563,2823,146,2969,770,82,3821,-258,-0.3863721452639461,-390,-0.5840509172594534,132,0.1976787719955073
212105,岐阜県,恵那市,22481,23573,46054,19992,1145,216,1361,180,0,1541,1302,169,1471,850,34,2355,-814,-1.7367926943756935,-670,-1.4295468123239736,-144,-0.3072458820517197
212113,岐阜県,美濃加茂市,28620,28975,57595,24514,2217,542,2759,379,34,3172,2083,407,2490,587,40,3117,55,0.09558567952728537,-208,-0.36148766075773375,263,0.4570733402850191
212121,岐阜県,土岐市,26413,27830,54243,24825,1356,308,1664,260,34,1958,1628,172,1800,849,56,2705,-747,-1.358428805237316,-589,-1.0711038370612838,-158,-0.28732496817603204
212130,岐阜県,各務原市,71306,72889,144195,63277,4688,717,5405,839,23,6267,4811,397,5208,1683,121,7012,-745,-0.5140057955015869,-844,-0.5823099213467642,99,0.06830412584517731
212148,岐阜県,可児市,49286,50493,99779,44571,3354,893,4247,571,43,4861,3439,667,4106,1063,120,5289,-428,-0.42711587014879204,-492,-0.4909836638159011,64,0.06386779366710908
212156,岐阜県,山県市,12067,12700,24767,10933,495,196,691,72,5,768,714,114,828,375,31,1234,-466,-1.8467879364324498,-303,-1.2008084651052193,-163,-0.6459794713272302
212164,岐阜県,瑞穂市,28052,28291,56343,23714,2268,424,2692,437,25,3154,2360,191,2551,516,73,3140,14,0.024853982850751834,-79,-0.1402474746578139,93,0.16510145750856575
212172,岐阜県,飛騨市,10484,11190,21674,8832,480,169,649,85,3,737,665,56,721,441,7,1169,-432,-1.9542205735999276,-356,-1.6104225097258662,-76,-0.34379806387406137
212181,岐阜県,本巣市,16027,16858,32885,13304,1043,211,1254,151,3,1408,1073,113,1186,416,30,1632,-224,-0.6765532030565707,-265,-0.8003866018303181,41,0.12383339877374733
212199,岐阜県,郡上市,18498,19230,37728,15520,715,200,915,151,6,1072,961,131,1092,677,25,1794,-722,-1.8777633289986995,-526,-1.3680104031209364,-196,-0.5097529258777633
212202,岐阜県,下呂市,13810,15105,28915,12069,691,269,960,102,8,1070,917,93,1010,600,40,1650,-580,-1.9664349889811832,-498,-1.688421766401085,-82,-0.2780132225800983
212211,岐阜県,海津市,15631,15874,31505,12616,654,240,894,108,13,1015,904,155,1059,513,22,1594,-579,-1.804637825707518,-405,-1.2623114324897144,-174,-0.5423263932178033
213004,岐阜県,羽島郡,23674,24521,48195,21427,2446,323,2769,409,26,3204,2323,142,2465,534,53,3052,152,0.31638324001415397,-125,-0.26018358553795556,277,0.5765668255521096
213021,岐阜県,羽島郡岐南町,13110,13256,26366,11866,1419,179,1598,232,15,1845,1340,78,1418,259,29,1706,139,0.5299881801197239,-27,-0.1029473443398025,166,0.6329355244595264
213039,岐阜県,羽島郡笠松町,10564,11265,21829,9561,1027,144,1171,177,11,1359,983,64,1047,275,24,1346,13,0.059589292262559594,-98,-0.44921158782544923,111,0.5088008800880087
213403,岐阜県,養老郡,12835,13136,25971,10435,584,145,729,70,8,807,710,98,808,412,13,1233,-426,-1.6138197522445732,-342,-1.295601772928742,-84,-0.31821797931583135
213411,岐阜県,養老郡養老町,12835,13136,25971,10435,584,145,729,70,8,807,710,98,808,412,13,1233,-426,-1.6138197522445732,-342,-1.295601772928742,-84,-0.31821797931583135
213608,岐阜県,不破郡,15728,16153,31881,13393,758,158,916,131,23,1070,921,132,1053,452,29,1534,-464,-1.4345339310558047,-321,-0.992425413510589,-143,-0.44210851754521563
213616,岐阜県,不破郡垂井町,12744,13002,25746,10773,641,129,770,119,21,910,743,108,851,348,23,1222,-312,-1.1973290352291044,-229,-0.8788088111136695,-83,-0.3185202241154348
213624,岐阜県,不破郡関ケ原町,2984,3151,6135,2620,117,29,146,12,2,160,178,24,202,104,6,312,-152,-2.4176872912358838,-92,-1.4633370446954033,-60,-0.9543502465404804
213802,岐阜県,安八郡,20613,21139,41752,16669,1216,299,1515,187,17,1719,1333,215,1548,502,58,2108,-389,-0.9230915260672503,-315,-0.7474905673809354,-74,-0.17560095868631498
213811,岐阜県,安八郡神戸町,8900,9310,18210,7364,450,117,567,85,2,654,549,50,599,248,6,853,-199,-1.080992992557988,-163,-0.8854364712912164,-36,-0.1955565212667717
213829,岐阜県,安八郡輪之内町,4574,4512,9086,3482,248,82,330,43,4,377,338,97,435,100,23,558,-181,-1.9531671522607101,-57,-0.6150857882809971,-124,-1.3380813639797131
213837,岐阜県,安八郡安八町,7139,7317,14456,5823,518,100,618,59,11,688,446,68,514,154,29,697,-9,-0.062219149671621156,-95,-0.6567576909782233,86,0.5945385413066021
214001,岐阜県,揖斐郡,30696,31847,62543,24945,1385,303,1688,218,23,1929,1818,203,2021,885,54,2960,-1031,-1.6217321546544186,-667,-1.0491710447667284,-364,-0.5725611098876899
214019,岐阜県,揖斐郡揖斐川町,9031,9602,18633,7821,384,55,439,50,8,497,486,52,538,381,7,926,-429,-2.250550834120239,-331,-1.7364389885636342,-98,-0.5141118455566047
214035,岐阜県,揖斐郡大野町,10584,10865,21449,8400,488,59,547,68,8,623,644,41,685,260,27,972,-349,-1.6010643178273234,-192,-0.8808147536471236,-157,-0.7202495641802
214043,岐阜県,揖斐郡池田町,11081,11380,22461,8724,513,189,702,100,7,809,688,110,798,244,20,1062,-253,-1.1138504886853922,-144,-0.6339702386193538,-109,-0.4798802500660386
214205,岐阜県,本巣郡,8882,9686,18568,8116,800,86,886,140,3,1029,922,32,954,191,13,1158,-129,-0.6899502593999037,-51,-0.27277103278600845,-78,-0.4171792266138953
214213,岐阜県,本巣郡北方町,8882,9686,18568,8116,800,86,886,140,3,1029,922,32,954,191,13,1158,-129,-0.6899502593999037,-51,-0.27277103278600845,-78,-0.4171792266138953
215007,岐阜県,加茂郡,22525,23356,45881,19303,1249,300,1549,206,12,1767,1433,173,1606,809,22,2437,-670,-1.439281648084896,-603,-1.2953534832764064,-67,-0.14392816480848963
215015,岐阜県,加茂郡坂祝町,4295,3969,8264,3574,407,81,488,53,5,546,359,43,402,89,4,495,51,0.620966760014611,-36,-0.4383294776573725,87,1.0592962376719834
215023,岐阜県,加茂郡富加町,2920,2964,5884,2213,231,38,269,50,3,322,157,41,198,84,3,285,37,0.6328031469129468,-34,-0.5814947836497348,71,1.2142979305626818
215031,岐阜県,加茂郡川辺町,4834,4927,9761,4063,259,102,361,39,3,403,308,22,330,147,8,485,-82,-0.8330793457279285,-108,-1.097226455348979,26,0.26414710962105054
215040,岐阜県,加茂郡七宗町,1521,1665,3186,1403,41,7,48,10,0,58,95,5,100,62,0,162,-104,-3.1610942249240126,-52,-1.5805471124620063,-52,-1.5805471124620063
215058,岐阜県,加茂郡八百津町,4758,5103,9861,4264,169,28,197,33,0,230,232,28,260,201,0,461,-231,-2.288941736028537,-168,-1.6646848989298455,-63,-0.6242568370986921
215066,岐阜県,加茂郡白川町,3249,3665,6914,2971,111,42,153,14,1,168,218,32,250,192,6,448,-280,-3.8921323324993047,-178,-2.4742841256602723,-102,-1.4178482068390326
215074,岐阜県,加茂郡東白川村,948,1063,2011,815,31,2,33,7,0,40,64,2,66,34,1,101,-61,-2.9440154440154442,-27,-1.303088803088803,-34,-1.6409266409266408
215201,岐阜県,可児郡,8812,8711,17523,7685,589,61,650,67,5,722,562,66,628,245,8,881,-159,-0.8992195453003053,-178,-1.0066734532292727,19,0.10745390792896731
215210,岐阜県,可児郡御嵩町,8812,8711,17523,7685,589,61,650,67,5,722,562,66,628,245,8,881,-159,-0.8992195453003053,-178,-1.0066734532292727,19,0.10745390792896731
216003,岐阜県,大野郡,725,745,1470,605,52,11,63,12,0,75,62,4,66,28,2,96,-21,-1.4084507042253522,-16,-1.0731052984574112,-5,-0.335345405767941
216046,岐阜県,大野郡白川村,725,745,1470,605,52,11,63,12,0,75,62,4,66,28,2,96,-21,-1.4084507042253522,-16,-1.0731052984574112,-5,-0.335345405767941
220001,静岡県,-,1768928,1806776,3575704,1655220,114961,20417,135378,18344,1013,154735,122408,11850,134258,49167,2075,185500,-30765,-0.8530504490680497,-30823,-0.8546586702949617,58,0.0016082212269119742
221007,静岡県,静岡市,327566,345209,672775,327008,23862,3076,26938,3486,144,30568,24326,1574,25900,9363,266,35529,-4961,-0.7319959394218397,-5877,-0.8671518113247636,916,0.13515587190292386
221015,静岡県,静岡市葵区,117654,126380,244034,118691,8801,838,9639,1216,52,10907,8520,441,8961,3450,17,12428,-1521,-0.6194131660931359,-2234,-0.9097758139724297,713,0.29036264787929383
221023,静岡県,静岡市駿河区,101196,104369,205565,102123,9216,1415,10631,1253,47,11931,9631,567,10198,2554,146,12898,-967,-0.4682083163868068,-1301,-0.6299265973311642,334,0.1617182809443573
221031,静岡県,静岡市清水区,108716,114460,223176,106194,5845,823,6668,1017,45,7730,6175,566,6741,3359,103,10203,-2473,-1.0959499044976933,-2342,-1.0378951380240995,-131,-0.05805476647359394
221309,静岡県,浜松市,390875,393049,783924,358071,22746,4446,27192,4527,155,31874,23831,2727,26558,10055,322,36935,-5061,-0.6414570619213293,-5528,-0.7006470338472848,467,0.0591899719259555
221384,静岡県,浜松市中央区,301835,302575,604410,282366,17744,3741,21485,3704,110,25299,18744,2203,20947,7311,276,28534,-3235,-0.5323832171745015,-3607,-0.5936031729052325,372,0.061219955730730934
221392,静岡県,浜松市浜名区,76911,77758,154669,63932,4423,654,5077,771,39,5887,4409,478,4887,2133,44,7064,-1177,-0.7552327297460314,-1362,-0.8739396583807091,185,0.11870692863467783
221406,静岡県,浜松市天竜区,12129,12716,24845,11773,579,51,630,52,6,688,678,46,724,611,2,1337,-649,-2.5456970267513923,-559,-2.1926727857535107,-90,-0.3530242409978819
222038,静岡県,沼津市,91685,94073,185758,94175,5936,1213,7149,828,50,8027,6653,365,7018,2949,128,10095,-2068,-1.10101902824955,-2121,-1.129236633905849,53,0.028217605656298914
222054,静岡県,熱海市,15135,18155,33290,20781,1802,378,2180,72,18,2270,1896,152,2048,829,37,2914,-644,-1.8978016148995107,-757,-2.2308009665821893,113,0.33299935168267814
222062,静岡県,三島市,51312,53649,104961,49998,3619,385,4004,518,57,4579,4086,209,4295,1408,91,5794,-1215,-1.1443264014466545,-890,-0.8382308619650392,-325,-0.30609553948161544
222071,静岡県,富士宮市,63069,63788,126857,59291,3472,839,4311,542,28,4881,4023,383,4406,1728,59,6193,-1312,-1.023648464137194,-1186,-0.9253407610264573,-126,-0.0983077031107366
222089,静岡県,伊東市,30588,33850,64438,35726,2143,415,2558,190,60,2808,2255,121,2376,1399,28,3803,-995,-1.5206394327021533,-1209,-1.8476915317958829,214,0.32705209909372945
222097,静岡県,島田市,46410,48337,94747,39636,2452,105,2557,495,30,3082,2394,280,2674,1336,23,4033,-951,-0.9937511755731573,-841,-0.8788062446446112,-110,-0.11494493092854606
222101,静岡県,富士市,122463,124028,246491,111984,6431,1249,7680,1263,35,8978,6501,607,7108,3120,146,10374,-1396,-0.5631598268565919,-1857,-0.7491316607970567,461,0.1859718339404648
222119,静岡県,磐田市,83574,81852,165426,71606,5141,1357,6498,804,41,7343,5422,1024,6446,1976,179,8601,-1258,-0.7547215089630678,-1172,-0.7031268748050202,-86,-0.05159463415804756
222127,静岡県,焼津市,66716,68578,135294,60727,3596,698,4294,749,50,5093,3863,499,4362,1733,47,6142,-1049,-0.7693830999757963,-984,-0.7217092186617575,-65,-0.04767388131403886
222135,静岡県,掛川市,57995,57131,115126,48191,4011,792,4803,673,20,5496,3791,401,4192,1431,166,5789,-293,-0.2538576837435777,-758,-0.6567376255209281,465,0.40287994177735037
222143,静岡県,藤枝市,68336,71534,139870,62025,3958,491,4449,689,33,5171,4049,353,4402,1817,61,6280,-1109,-0.7866419821391838,-1128,-0.8001191666843998,19,0.013477184545215954
222151,静岡県,御殿場市,42624,40863,83487,38137,3671,539,4210,488,47,4745,4237,231,4468,965,65,5498,-753,-0.8938746438746439,-477,-0.5662393162393162,-276,-0.32763532763532766
222160,静岡県,袋井市,44665,43276,87941,37243,3041,899,3940,554,32,4526,3448,570,4018,918,78,5014,-488,-0.5518551606373475,-364,-0.4116296689999887,-124,-0.14022549163735878
222194,静岡県,下田市,9320,9962,19282,10352,674,115,789,69,9,867,778,75,853,434,8,1295,-428,-2.1714865550481988,-365,-1.8518518518518516,-63,-0.31963470319634707
222208,静岡県,裾野市,24507,24181,48688,21742,1807,311,2118,277,17,2412,2234,144,2378,564,7,2949,-537,-1.090909090909091,-287,-0.5830370746571863,-250,-0.5078720162519045
222216,静岡県,湖西市,29561,27655,57216,25226,2188,502,2690,244,26,2960,2505,500,3005,777,41,3823,-863,-1.485907126500112,-533,-0.9177155254050517,-330,-0.5681916010950602
222224,静岡県,伊豆市,13356,14392,27748,13541,928,114,1042,75,18,1135,1008,64,1072,565,21,1658,-523,-1.8499522478865267,-490,-1.733224859396555,-33,-0.11672738848997205
222232,静岡県,御前崎市,15117,14598,29715,12131,760,110,870,106,5,981,997,109,1106,430,18,1554,-573,-1.891838351822504,-324,-1.06973058637084,-249,-0.8221077654516641
222241,静岡県,菊川市,23888,23291,47179,19087,1627,369,1996,285,20,2301,1798,261,2059,552,52,2663,-362,-0.7614480132937885,-267,-0.5616204959929324,-95,-0.1998275173008561
222259,静岡県,伊豆の国市,22274,23709,45983,21576,1382,116,1498,191,11,1700,1602,77,1679,675,27,2381,-681,-1.4593691068061032,-484,-1.037202125835762,-197,-0.42216698097034117
222267,静岡県,牧之原市,20994,21332,42326,17420,1202,572,1774,162,12,1948,1609,378,1987,656,46,2689,-741,-1.7205749181507883,-494,-1.1470499454338587,-247,-0.5735249727169294
223000,静岡県,賀茂郡,17847,19281,37128,19747,1243,258,1501,69,33,1603,1406,115,1521,961,21,2503,-900,-2.3666771852319344,-892,-2.3456400546965397,-8,-0.021037130535394973
223018,静岡県,賀茂郡東伊豆町,5338,5755,11093,6321,526,164,690,17,18,725,588,59,647,283,7,937,-212,-1.875276426360018,-266,-2.3529411764705883,54,0.4776647501105706
223026,静岡県,賀茂郡河津町,3088,3310,6398,3260,201,27,228,16,11,255,231,18,249,159,1,409,-154,-2.3504273504273505,-143,-2.1825396825396823,-11,-0.1678876678876679
223042,静岡県,賀茂郡南伊豆町,3557,3783,7340,3805,208,19,227,20,2,249,213,15,228,186,0,414,-165,-2.1985343104596935,-166,-2.2118587608261158,1,0.013324450366422385
223051,静岡県,賀茂郡松崎町,2666,2992,5658,2829,114,13,127,9,0,136,159,7,166,135,1,302,-166,-2.8502747252747254,-126,-2.1634615384615383,-40,-0.6868131868131868
223069,静岡県,賀茂郡西伊豆町,3198,3441,6639,3532,194,35,229,7,2,238,215,16,231,198,12,441,-203,-2.966968722595732,-191,-2.791581408944753,-12,-0.17538731365097923
223204,静岡県,田方郡,17701,18404,36105,16817,1155,191,1346,165,5,1516,1392,72,1464,583,14,2061,-545,-1.4870395634379263,-418,-1.140518417462483,-127,-0.34652114597544337
223255,静岡県,田方郡函南町,17701,18404,36105,16817,1155,191,1346,165,5,1516,1392,72,1464,583,14,2061,-545,-1.4870395634379263,-418,-1.140518417462483,-127,-0.34652114597544337
223409,静岡県,駿東郡,45609,46708,92317,41321,4533,455,4988,608,34,5630,4438,223,4661,1193,73,5927,-297,-0.32068585742976224,-585,-0.6316539616040772,288,0.31096810417431486
223417,静岡県,駿東郡清水町,15453,16184,31637,14652,1377,170,1547,182,9,1738,1410,55,1465,430,29,1924,-186,-0.5844829211576532,-248,-0.7793105615435377,62,0.19482764038588443
223425,静岡県,駿東郡長泉町,21558,22147,43705,19191,2329,193,2522,353,20,2895,2069,118,2187,501,30,2718,177,0.4066348097776144,-148,-0.3400110273846719,325,0.7466458371622863
223441,静岡県,駿東郡小山町,8598,8377,16975,7478,827,92,919,73,5,997,959,50,1009,262,14,1285,-288,-1.6683079418409315,-189,-1.0948270868331114,-99,-0.5734808550078202
224201,静岡県,榛原郡,17244,17420,34664,14933,1182,340,1522,160,21,1703,1401,246,1647,510,44,2201,-498,-1.4163016893237017,-350,-0.9953927535407543,-148,-0.4209089357829475
224243,静岡県,榛原郡吉田町,14487,14477,28964,12272,1069,314,1383,148,20,1551,1237,230,1467,333,42,1842,-291,-0.9947017603828404,-185,-0.6323705349512904,-106,-0.36233122543155016
224294,静岡県,榛原郡川根本町,2757,2943,5700,2661,113,26,139,12,1,152,164,16,180,177,2,359,-207,-3.5043169121381412,-165,-2.793296089385475,-42,-0.7110208227526663
224600,静岡県,周智郡,8497,8471,16968,6728,399,82,481,55,2,538,465,90,555,240,7,802,-264,-1.532033426183844,-185,-1.0735840297121635,-79,-0.4584493964716806
224618,静岡県,周智郡森町,8497,8471,16968,6728,399,82,481,55,2,538,465,90,555,240,7,802,-264,-1.532033426183844,-185,-1.0735840297121635,-79,-0.4584493964716806
230006,愛知県,-,3744409,3739346,7483755,3499090,330018,64164,394182,48233,3954,446369,339151,33796,372947,83093,7456,463496,-17127,-0.2283331480217926,-34860,-0.46474534594731665,17733,0.23641219792552398
231002,愛知県,名古屋市,1136651,1166353,2303004,1188651,147294,23075,170369,15586,1563,187518,143488,9071,152559,26865,2835,182259,5259,0.22887657246561302,-11279,-0.4908725728921181,16538,0.7197491453577312
231011,愛知県,名古屋市千種区,77009,83416,160425,85702,12362,1443,13805,935,95,14835,11436,788,12224,1744,234,14202,633,0.3961399819765695,-809,-0.5062831681185541,1442,0.9024231500951236
231029,愛知県,名古屋市東区,40532,44653,85185,47438,7849,1136,8985,650,50,9685,6956,468,7424,789,119,8332,1353,1.6139421700543943,-139,-0.1658078060883672,1492,1.7797499761427618
231037,愛知県,名古屋市北区,78634,82699,161333,86026,9374,1121,10495,1071,122,11688,9026,435,9461,2270,164,11895,-207,-0.1281416367463167,-1199,-0.7422310263711774,992,0.6140893896248607
231045,愛知県,名古屋市西区,73467,74532,147999,77535,9783,931,10714,1050,86,11850,8729,482,9211,1775,152,11138,712,0.4834099411353344,-725,-0.49223624624033346,1437,0.9756461873756679
231053,愛知県,名古屋市中村区,69761,68187,137948,80705,12491,2538,15029,1024,101,16154,11783,517,12300,1790,213,14303,1851,1.36005936942034,-766,-0.5628338611431553,2617,1.9228932305634951
231061,愛知県,名古屋市中区,50098,49406,99504,70012,15224,2617,17841,701,164,18706,13209,634,13843,845,359,15047,3659,3.8176222025144764,-144,-0.15024257916427564,3803,3.9678647816787525
231070,愛知県,名古屋市昭和区,51853,54638,106491,55641,7919,1741,9660,771,88,10519,8132,904,9036,1113,156,10305,214,0.20136059542516255,-342,-0.3218005777355401,556,0.5231611731607028
231088,愛知県,名古屋市瑞穂区,51959,55792,107751,53399,6439,502,6941,741,55,7737,5741,356,6097,1229,67,7393,344,0.32027707691305035,-488,-0.454346550969676,832,0.7746236278827264
231096,愛知県,名古屋市熱田区,32934,32970,65904,35412,5090,600,5690,427,29,6146,4472,269,4741,802,82,5625,521,0.796843216126516,-375,-0.5735435816649588,896,1.370386797791475
231100,愛知県,名古屋市中川区,107733,108259,215992,109128,11833,1570,13403,1518,149,15070,12146,512,12658,2683,213,15554,-484,-0.22358136698756442,-1165,-0.538165893678745,681,0.31458452669118053
231118,愛知県,名古屋市港区,71411,69860,141271,71362,6304,1337,7641,827,114,8582,6621,583,7204,1965,302,9471,-889,-0.6253517163759145,-1138,-0.8005064715813168,249,0.17515475520540236
231126,愛知県,名古屋市南区,67261,64656,131917,69146,6604,2945,9549,789,78,10416,8618,452,9070,2053,173,11296,-880,-0.6626655722644337,-1264,-0.951828731070732,384,0.28916315880629834
231134,愛知県,名古屋市守山区,86703,89258,175961,82509,7692,636,8328,1245,98,9671,7606,463,8069,2156,165,10390,-719,-0.4069504188363143,-911,-0.5156214625311297,192,0.10867104369481548
231142,愛知県,名古屋市緑区,123166,126038,249204,110430,10077,1880,11957,1804,148,13909,10580,855,11435,2401,168,14004,-95,-0.038106851611919824,-597,-0.23947147802438037,502,0.20136462641246056
231151,愛知県,名古屋市名東区,76743,82851,159594,76799,9762,1165,10927,1023,104,12054,10016,724,10740,1580,156,12476,-422,-0.2637236276372363,-557,-0.34809019098090194,135,0.08436656334366564
231169,愛知県,名古屋市天白区,77387,79138,156525,77407,8491,913,9404,1010,82,10496,8417,629,9046,1670,112,10828,-332,-0.21165775196516573,-660,-0.4207654105331608,328,0.20910765856799507
232017,愛知県,豊橋市,183516,182573,366089,166020,9472,3880,13352,2164,185,15701,11843,1751,13594,4292,412,18298,-2597,-0.7043934404886543,-2128,-0.5771849215863906,-469,-0.12720851890226373
232025,愛知県,岡崎市,193716,188940,382656,171331,12245,3172,15417,2520,215,18152,13822,1658,15480,3641,290,19411,-1259,-0.32793717359311303,-1121,-0.291991716916505,-138,-0.035945456676608104
232033,愛知県,一宮市,183875,192986,376861,169335,9952,2143,12095,2163,133,14391,10408,1022,11430,4331,265,16026,-1635,-0.4319728610077782,-2168,-0.5727933716604667,533,0.14082051065268855
232041,愛知県,瀬戸市,62202,64072,126274,58348,3307,743,4050,611,53,4714,3799,409,4208,1584,59,5851,-1137,-0.8923876274419006,-973,-0.7636703267378798,-164,-0.12871730070402085
232050,愛知県,半田市,58853,57356,116209,53399,3972,767,4739,648,57,5444,4508,450,4958,1389,95,6442,-998,-0.851484979566067,-741,-0.6322147994573704,-257,-0.2192701801086966
232068,愛知県,春日井市,151641,154261,305902,142351,10543,1398,11941,2014,160,14115,11161,873,12034,3377,275,15686,-1571,-0.510939171894768,-1363,-0.4432909556286243,-208,-0.06764821626614369
232076,愛知県,豊川市,92618,93282,185900,82503,5795,1247,7042,1230,92,8364,5643,856,6499,2130,211,8840,-476,-0.2553976906897884,-900,-0.4828947933210284,424,0.22749710263124007
232084,愛知県,津島市,29404,30162,59566,27453,2069,424,2493,246,21,2760,2125,336,2461,818,44,3323,-563,-0.9363202448069983,-572,-0.9512880639957425,9,0.014967819188744201
232092,愛知県,碧南市,37120,35122,72242,30500,2602,648,3250,490,39,3779,2705,442,3147,794,130,4071,-292,-0.4025698293214217,-304,-0.4191137949099732,12,0.016543965588551576
232106,愛知県,刈谷市,79960,73024,152984,69808,7773,1137,8910,1240,48,10198,7836,834,8670,1316,176,10162,36,0.02353741140779873,-76,-0.049690090749797314,112,0.07322750215759605
232114,愛知県,豊田市,215945,198805,414750,187968,14405,4078,18483,2433,143,21059,15361,3098,18459,3918,315,22692,-1633,-0.39218700091021963,-1485,-0.35664280241988744,-148,-0.03554419849033222
232122,愛知県,安城市,96036,91629,187665,79684,7227,2556,9783,1304,111,11198,8960,1151,10111,1764,76,11951,-753,-0.3996433461771168,-460,-0.2441380335212135,-293,-0.15550531265590337
232131,愛知県,西尾市,85896,83632,169528,68960,5041,1625,6666,1067,58,7791,5245,1157,6402,2039,80,8521,-730,-0.42876105674916887,-972,-0.5708982837810852,242,0.14213722703191625
232149,愛知県,蒲郡市,38250,39285,77535,33803,2085,351,2436,451,30,2917,2117,240,2357,1101,64,3522,-605,-0.7742513437420016,-650,-0.8318402866649603,45,0.0575889429229588
232157,愛知県,犬山市,35396,35938,71334,31991,2287,489,2776,348,36,3160,2561,314,2875,892,64,3831,-671,-0.9318797305742657,-544,-0.75550309006319,-127,-0.17637664051107563
232165,愛知県,常滑市,29048,29614,58662,26321,2387,754,3141,328,33,3502,2555,206,2761,661,39,3461,41,0.06994080619573191,-333,-0.5680558161750908,374,0.6379966223708228
232173,愛知県,江南市,48153,49971,98124,43301,3048,532,3580,481,82,4143,3208,305,3513,1181,54,4748,-605,-0.6127885423735681,-700,-0.7090115366305746,95,0.09622299425700655
232190,愛知県,小牧市,75346,73679,149025,70720,6262,1067,7329,900,130,8359,6349,901,7250,1541,258,9049,-690,-0.4608756637611462,-641,-0.42814681227665896,-49,-0.0327288514844872
232203,愛知県,稲沢市,65827,67052,132879,57185,4279,627,4906,781,92,5779,4267,496,4763,1586,143,6492,-713,-0.5337145936882448,-805,-0.6025809928738248,92,0.06886639918557996
232211,愛知県,新城市,21107,21268,42375,17746,979,318,1297,137,16,1450,1306,149,1455,721,21,2197,-747,-1.7322944204814248,-584,-1.3542971105236306,-163,-0.3779973099577942
232220,愛知県,東海市,58856,54496,113352,52385,4783,470,5253,815,40,6108,4536,377,4913,1131,66,6110,-2,-0.0017643841417153343,-316,-0.2787726943910228,314,0.2770083102493075
232238,愛知県,大府市,47221,45793,93014,40815,3828,1010,4838,731,48,5617,4198,552,4750,786,83,5619,-2,-0.0021501677130816204,-55,-0.05912961210974456,53,0.05697944439666294
232246,愛知県,知多市,41810,41207,83017,37359,2956,620,3576,444,32,4052,3392,277,3669,895,81,4645,-593,-0.7092453055854563,-451,-0.5394091615835426,-142,-0.16983614400191363
232254,愛知県,知立市,38294,34352,72646,34091,4456,756,5212,641,46,5899,4157,558,4715,644,108,5467,432,0.5982219514221618,-3,-0.004154319107098346,435,0.6023762705292602
232262,愛知県,尾張旭市,40980,42802,83782,37471,2828,486,3314,512,23,3849,2910,262,3172,808,34,4014,-165,-0.1965525867511644,-296,-0.35260342835360403,131,0.15605084160243962
232271,愛知県,高浜市,25605,23436,49041,21522,2253,465,2718,355,11,3084,2361,459,2820,452,20,3292,-208,-0.4223436008852972,-97,-0.1969583138743934,-111,-0.22538528701090377
232289,愛知県,岩倉市,23905,23856,47761,23643,2455,446,2901,381,13,3295,2489,305,2794,520,59,3373,-78,-0.16304688643157256,-139,-0.2905579129998537,61,0.12751102656828112
232297,愛知県,豊明市,34477,33425,67902,31343,2932,697,3629,454,16,4099,2952,415,3367,766,102,4235,-136,-0.1998882977159822,-312,-0.4585672712307828,176,0.2586789735148005
232301,愛知県,日進市,46925,47282,94207,40185,4081,970,5051,811,47,5909,4150,805,4955,716,64,5735,174,0.1850414216285772,95,0.1010283623834186,79,0.08401305924515862
232319,愛知県,田原市,29756,28514,58270,23641,1936,304,2240,229,10,2479,1780,244,2024,831,209,3064,-585,-0.9939682269985558,-602,-1.0228527737660353,17,0.0288845467674794
232327,愛知県,愛西市,29575,30882,60457,24524,1618,312,1930,259,26,2215,1657,306,1963,886,37,2886,-671,-1.0976966365658944,-627,-1.0257165292500983,-44,-0.07198010731579636
232335,愛知県,清須市,34536,34171,68707,30959,3317,391,3708,584,23,4315,3457,214,3671,758,70,4499,-184,-0.2670885892206529,-174,-0.2525729050238783,-10,-0.014515684196774613
232343,愛知県,北名古屋市,42883,42960,85843,38719,3554,533,4087,659,44,4790,3893,241,4134,898,83,5115,-325,-0.3771701791848482,-239,-0.2773651471543961,-86,-0.09980503203045213
232351,愛知県,弥富市,21923,21611,43534,19056,1947,429,2376,294,29,2699,2008,276,2284,544,59,2887,-188,-0.42998947898083345,-250,-0.571794519921321,62,0.14180504094048763
232360,愛知県,みよし市,31461,29947,61408,26076,2753,524,3277,420,20,3717,2830,390,3220,443,73,3736,-19,-0.03093102381688834,-23,-0.037442818304654304,4,0.006511794487765965
232378,愛知県,あま市,44006,44387,88393,39374,3229,590,3819,561,45,4425,3354,314,3668,1045,75,4788,-363,-0.40898643471990626,-484,-0.5453152462932084,121,0.1363288115733021
232386,愛知県,長久手市,30441,31071,61512,26098,3264,384,3648,483,15,4146,2976,354,3330,391,26,3747,399,0.6528889107063963,92,0.1505408014661365,307,0.5023481092402599
233005,愛知県,愛知郡,22039,21889,43928,18784,1685,288,1973,259,31,2263,1636,248,1884,372,52,2308,-45,-0.1023355240715894,-113,-0.25697587155754664,68,0.15464034748595729
233021,愛知県,愛知郡東郷町,22039,21889,43928,18784,1685,288,1973,259,31,2263,1636,248,1884,372,52,2308,-45,-0.1023355240715894,-113,-0.25697587155754664,68,0.15464034748595729
233404,愛知県,西春日井郡,8174,7810,15984,7315,892,101,993,111,10,1114,847,43,890,136,21,1047,67,0.42093359301375893,-25,-0.1570647735125966,92,0.5779983665263555
233421,愛知県,西春日井郡豊山町,8174,7810,15984,7315,892,101,993,111,10,1114,847,43,890,136,21,1047,67,0.42093359301375893,-25,-0.1570647735125966,92,0.5779983665263555
233609,愛知県,丹羽郡,29581,29466,59047,25259,2347,349,2696,395,11,3102,2400,284,2684,643,44,3371,-269,-0.4535032706183829,-248,-0.41809966956639016,-21,-0.035403601051992716
233617,愛知県,丹羽郡大口町,12145,11859,24004,10034,922,145,1067,154,4,1225,1064,133,1197,214,22,1433,-208,-0.8590781430695523,-60,-0.24781100280852472,-148,-0.6112671402610276
233625,愛知県,丹羽郡扶桑町,17436,17607,35043,15225,1425,204,1629,241,7,1877,1336,151,1487,429,22,1938,-61,-0.1737693710118505,-188,-0.5355515041020966,127,0.3617821330902461
234206,愛知県,海部郡,37719,37384,75103,34260,3163,456,3619,500,39,4158,3136,364,3500,852,79,4431,-273,-0.36218424962852896,-352,-0.4669921460411802,79,0.10480789641265124
234249,愛知県,海部郡大治町,16997,16569,33566,14950,1459,107,1566,230,16,1812,1361,77,1438,338,37,1813,-1,-0.0029791163940775167,-108,-0.3217445705603718,107,0.31876545416629426
234257,愛知県,海部郡蟹江町,18289,18535,36824,17421,1504,262,1766,252,22,2040,1651,199,1850,432,32,2314,-274,-0.7385842902582349,-180,-0.4852013585638039,-94,-0.253382931694431
234273,愛知県,海部郡飛島村,2433,2280,4713,1889,200,87,287,18,1,306,124,88,212,82,10,304,2,0.04245383145828911,-64,-1.3585226066652516,66,1.4009764381235408
234401,愛知県,知多郡,78584,78993,157577,68203,5112,2352,7464,899,58,8421,6960,623,7583,2002,75,9660,-1239,-0.780148095909732,-1103,-0.694514406608906,-136,-0.08563368930082611
234419,愛知県,知多郡阿久比町,13893,14190,28083,11122,713,88,801,146,4,951,774,73,847,333,6,1186,-235,-0.8298608658803587,-187,-0.6603573698707536,-48,-0.16950349600960518
234427,愛知県,知多郡東浦町,25050,24979,50029,21723,1865,229,2094,354,15,2463,1834,210,2044,557,37,2638,-175,-0.3485778025655326,-203,-0.40435025097601784,28,0.055772448410485224
234451,愛知県,知多郡南知多町,7572,7934,15506,7035,314,1138,1452,44,9,1505,1591,78,1669,336,11,2016,-511,-3.190360242242617,-292,-1.82306299556721,-219,-1.3672972466754074
234460,愛知県,知多郡美浜町,10175,10385,20560,9171,635,652,1287,56,17,1360,1336,62,1398,297,8,1703,-343,-1.640912787638138,-241,-1.1529445534133855,-102,-0.48796823422475244
234478,愛知県,知多郡武豊町,21894,21505,43399,19152,1585,245,1830,299,13,2142,1425,200,1625,479,13,2117,25,0.05763821644303038,-180,-0.41499515838981876,205,0.47263337483284923
235008,愛知県,額田郡,21339,20684,42023,16942,1393,188,1581,275,15,1871,1556,158,1714,401,29,2144,-273,-0.6454511064876111,-126,-0.29790051068658974,-147,-0.3475505958010214
235016,愛知県,額田郡幸田町,21339,20684,42023,16942,1393,188,1581,275,15,1871,1556,158,1714,401,29,2144,-273,-0.6454511064876111,-126,-0.29790051068658974,-147,-0.3475505958010214
235601,愛知県,北設楽郡,3759,3924,7683,3688,212,12,224,19,5,248,249,8,257,232,1,490,-242,-3.053627760252366,-213,-2.6876971608832805,-29,-0.3659305993690852
235610,愛知県,北設楽郡設楽町,1979,2072,4051,1916,105,5,110,9,4,123,134,2,136,123,1,260,-137,-3.2712511938872972,-114,-2.722063037249284,-23,-0.5491881566380133
235628,愛知県,北設楽郡東栄町,1323,1380,2703,1323,73,7,80,8,0,88,78,2,80,79,0,159,-71,-2.5594808940158615,-71,-2.5594808940158615,0,0
235636,愛知県,北設楽郡豊根村,457,472,929,449,34,0,34,2,1,37,37,4,41,30,0,71,-34,-3.5306334371754935,-28,-2.907580477673936,-6,-0.6230529595015576
240001,三重県,-,854465,886801,1741266,821382,53443,12403,65846,9379,540,75765,60030,6629,66659,24028,1339,92026,-16261,-0.92522049447889,-14649,-0.8335007086662112,-1612,-0.09171978581267884
242012,三重県,津市,130701,137687,268388,129079,8200,2030,10230,1476,83,11789,9186,1241,10427,3717,257,14401,-2612,-0.9638376383763837,-2241,-0.8269372693726937,-371,-0.13690036900369004
242021,三重県,四日市市,153870,152508,306378,146038,10455,2892,13347,1934,79,15360,11814,1014,12828,3704,275,16807,-1447,-0.47007228132867707,-1770,-0.575002030374401,323,0.10492974904572404
242039,三重県,伊勢市,56299,62550,118849,56354,2924,464,3388,568,28,3984,3383,211,3594,1828,19,5441,-1457,-1.2110784167040711,-1260,-1.04732931025884,-197,-0.16374910644523133
242047,三重県,松阪市,75126,80900,156026,74928,4049,910,4959,844,78,5881,4533,418,4951,2148,72,7171,-1290,-0.8200055938366091,-1304,-0.8289048793511149,14,0.008899285514505835
242055,三重県,桑名市,68413,69565,137978,63026,4768,1278,6046,738,64,6848,5370,761,6131,1634,68,7833,-985,-0.7088217727020862,-896,-0.6447759475543849,-89,-0.06404582514770119
242071,三重県,鈴鹿市,97276,97175,194451,89871,6438,1196,7634,1199,48,8881,6887,772,7659,2140,220,10019,-1138,-0.5818323116330673,-941,-0.48111090091978587,-197,-0.10072141071328143
242080,三重県,名張市,35730,38499,74229,34949,1855,272,2127,301,21,2449,2222,207,2429,1027,12,3468,-1019,-1.3541888156495854,-726,-0.9648096959387625,-293,-0.3893791197108229
242098,三重県,尾鷲市,7191,8333,15524,8783,459,44,503,45,4,552,501,34,535,365,5,905,-353,-2.2233419411727655,-320,-2.0154941109781443,-33,-0.20784783019462114
242101,三重県,亀山市,24853,24277,49130,22473,1918,447,2365,328,21,2714,1915,313,2228,613,56,2897,-183,-0.3710988988704804,-285,-0.5779409080769776,102,0.20684200920649728
242110,三重県,鳥羽市,7758,8666,16424,8183,488,149,637,50,8,695,667,91,758,349,6,1113,-418,-2.481890511815699,-299,-1.7753235957724736,-119,-0.7065669160432253
242128,三重県,熊野市,6944,8037,14981,8309,414,45,459,44,1,504,474,12,486,336,0,822,-318,-2.078567226616119,-292,-1.9086214785280085,-26,-0.16994574808811033
242144,三重県,いなべ市,22983,21524,44507,19477,1871,630,2501,256,7,2764,2101,225,2326,549,79,2954,-190,-0.4250844575698593,-293,-0.6555249793050988,103,0.2304405217352395
242152,三重県,志摩市,20563,23547,44110,22435,920,267,1187,144,20,1351,1294,138,1432,912,11,2355,-1004,-2.2254732455557034,-768,-1.7023540364410161,-236,-0.5231192091146872
242161,三重県,伊賀市,41679,42924,84603,40545,2171,870,3041,394,19,3454,2861,515,3376,1348,116,4840,-1386,-1.6118340717998816,-954,-1.1094442312388793,-432,-0.502389840561002
243001,三重県,桑名郡,3067,2808,5875,2611,251,107,358,19,3,380,292,48,340,82,22,444,-64,-1.0776224953695908,-63,-1.060784643879441,-1,-0.016837851490149856
243035,三重県,桑名郡木曽岬町,3067,2808,5875,2611,251,107,358,19,3,380,292,48,340,82,22,444,-64,-1.0776224953695908,-63,-1.060784643879441,-1,-0.016837851490149856
243205,三重県,員弁郡,12675,13062,25737,10330,699,108,807,170,6,983,691,90,781,275,28,1084,-101,-0.39089712826070133,-105,-0.40637820264726376,4,0.015481074386562429
243248,三重県,員弁郡東員町,12675,13062,25737,10330,699,108,807,170,6,983,691,90,781,275,28,1084,-101,-0.39089712826070133,-105,-0.40637820264726376,4,0.015481074386562429
243400,三重県,三重郡,33864,33746,67610,29271,2768,352,3120,445,18,3583,2667,253,2920,748,69,3737,-154,-0.22725931172894162,-303,-0.44714007437577474,149,0.21988076264683312
243418,三重県,三重郡菰野町,20238,20520,40758,17391,1238,210,1448,228,6,1682,1286,146,1432,505,43,1980,-298,-0.7258378799688231,-277,-0.6746882307092752,-21,-0.05114964925954793
243434,三重県,三重郡朝日町,5507,5600,11107,4425,498,39,537,72,9,618,439,26,465,106,5,576,42,0.37957523723452324,-34,-0.307275192046995,76,0.6868504292815183
243442,三重県,三重郡川越町,8119,7626,15745,7455,1032,103,1135,145,3,1283,942,81,1023,137,21,1181,102,0.6520488397366234,8,0.051141085469539084,94,0.6009077542670843
244406,三重県,多気郡,21290,23181,44471,19472,1124,114,1238,175,11,1424,1213,110,1323,717,8,2048,-624,-1.3837454263222086,-542,-1.2019070850426876,-82,-0.181838341279521
244414,三重県,多気郡多気町,6541,7096,13637,5790,332,49,381,43,3,427,342,38,380,226,1,607,-180,-1.3027429977563871,-183,-1.324455381052327,3,0.021712383295939785
244422,三重県,多気郡明和町,10836,11794,22630,9656,583,58,641,106,7,754,610,60,670,316,5,991,-237,-1.036428040407574,-210,-0.9183539598548127,-27,-0.11807408055276161
244431,三重県,多気郡大台町,3913,4291,8204,4026,209,7,216,26,1,243,261,12,273,175,2,450,-207,-2.461062893829509,-149,-1.7714897158482938,-58,-0.6895731779812151
244601,三重県,度会郡,19241,21066,40307,18454,890,87,977,133,11,1121,1024,93,1117,832,1,1950,-829,-2.015266433294438,-699,-1.6992415402567094,-130,-0.3160248930377285
244619,三重県,度会郡玉城町,7244,7791,15035,6000,451,23,474,74,6,554,400,41,441,184,1,626,-72,-0.4766002515390217,-110,-0.7281392731846164,38,0.2515390216455948
244708,三重県,度会郡度会町,3658,3898,7556,3160,145,27,172,26,0,198,187,23,210,140,0,350,-152,-1.9719771665801764,-114,-1.4789828749351324,-38,-0.4929942916450441
244716,三重県,度会郡大紀町,3424,3803,7227,3822,146,19,165,9,2,176,156,7,163,181,0,344,-168,-2.2718052738336714,-172,-2.325895875591616,4,0.054090601757944556
244724,三重県,度会郡南伊勢町,4915,5574,10489,5472,148,18,166,24,3,193,281,22,303,327,0,630,-437,-3.999633900787113,-303,-2.773201537616694,-134,-1.226432363170419
245402,三重県,北牟婁郡,6524,7235,13759,7598,311,76,387,41,8,436,397,41,438,356,14,808,-372,-2.6325100842120164,-315,-2.2291416035666267,-57,-0.4033684806453896
245437,三重県,北牟婁郡紀北町,6524,7235,13759,7598,311,76,387,41,8,436,397,41,438,356,14,808,-372,-2.6325100842120164,-315,-2.2291416035666267,-57,-0.4033684806453896
245607,三重県,南牟婁郡,8418,9511,17929,9196,470,65,535,75,2,612,538,42,580,348,1,929,-317,-1.7373670941576234,-273,-1.4962183492272279,-44,-0.24114874493039573
245615,三重県,南牟婁郡御浜町,3678,4131,7809,4048,241,9,250,29,1,280,225,14,239,169,1,409,-129,-1.6250944822373394,-140,-1.763668430335097,11,0.1385739480977576
245623,三重県,南牟婁郡紀宝町,4740,5380,10120,5148,229,56,285,46,1,332,313,28,341,179,0,520,-188,-1.8238261544431509,-133,-1.2902599922390376,-55,-0.5335661622041133
250007,滋賀県,-,693864,711382,1405246,623703,49616,7465,57081,9090,676,66847,50234,4986,55220,15572,1343,72135,-5288,-0.3748934800579072,-6482,-0.45954227264284303,1194,0.08464879258493592
252018,滋賀県,大津市,165273,178327,343600,158664,11615,1032,12647,2194,196,15037,10605,846,11451,3741,161,15353,-316,-0.09188290163877226,-1547,-0.44981914188348315,1231,0.3579362402447109
252026,滋賀県,彦根市,55304,55574,110878,51461,4315,1058,5373,686,47,6106,4379,550,4929,1232,185,6346,-240,-0.21598660883025253,-546,-0.49136953508882447,306,0.27538292625857197
252034,滋賀県,長浜市,54907,57387,112294,47770,2169,534,2703,632,38,3373,3056,403,3459,1453,107,5019,-1646,-1.4446199754256626,-821,-0.7205546779006495,-825,-0.7240652975250131
252042,滋賀県,近江八幡市,40293,41649,81942,36085,3000,435,3435,562,31,4028,2688,276,2964,957,40,3961,67,0.08183206106870229,-395,-0.48244274809160304,462,0.5642748091603054
252069,滋賀県,草津市,70416,70099,140515,64735,6996,840,7836,1085,57,8978,6529,615,7144,1160,98,8402,576,0.4116079148771965,-75,-0.0535947805829683,651,0.4652026954601648
252077,滋賀県,守山市,42250,43631,85881,35421,3013,415,3428,657,20,4105,3014,265,3279,778,23,4080,25,0.029118524040253446,-121,-0.1409336563548267,146,0.17005218039508013
252085,滋賀県,栗東市,35063,35349,70412,30213,3178,287,3465,686,83,4234,3535,218,3753,489,49,4291,-57,-0.08088663100086563,197,0.27955554924860576,-254,-0.3604421802494714
252093,滋賀県,甲賀市,44122,43607,87729,38098,2646,542,3188,505,42,3735,2871,417,3288,1110,101,4499,-764,-0.8633451233430893,-605,-0.6836698947939386,-159,-0.17967522854915077
252107,滋賀県,野洲市,25399,25208,50607,21899,2134,219,2353,328,15,2696,1810,193,2003,539,258,2800,-104,-0.20508370964879416,-211,-0.4160832955374573,107,0.2109995858886632
252115,滋賀県,湖南市,28098,25967,54065,25160,2326,623,2949,303,28,3280,2576,339,2915,607,75,3597,-317,-0.582913464013828,-304,-0.559008495458056,-13,-0.023904968555772132
252123,滋賀県,高島市,22014,23176,45190,20961,1264,163,1427,210,17,1654,1398,80,1478,750,19,2247,-593,-1.2952405914859226,-540,-1.1794770984863379,-53,-0.115763492999585
252131,滋賀県,東近江市,55689,55660,111349,47511,3668,639,4307,682,58,5047,3906,395,4301,1327,134,5762,-715,-0.6380282695602513,-645,-0.5755639634494575,-70,-0.06246430611079383
252140,滋賀県,米原市,18025,18903,36928,15048,919,180,1099,192,11,1302,1091,126,1217,511,21,1749,-447,-1.1959866220735784,-319,-0.8535117056856186,-128,-0.34247491638795985
253804,滋賀県,蒲生郡,16249,15692,31941,13339,1024,297,1321,161,14,1496,1296,121,1417,399,33,1849,-353,-1.09308230631077,-238,-0.7369790053879978,-115,-0.35610330092277204
253839,滋賀県,蒲生郡日野町,10453,10249,20702,8842,681,234,915,105,12,1032,813,83,896,267,28,1191,-159,-0.7621878145822347,-162,-0.7765687167441637,3,0.014380902161928959
253847,滋賀県,蒲生郡竜王町,5796,5443,11239,4497,343,63,406,56,2,464,483,38,521,132,5,658,-194,-1.6968424735415026,-76,-0.6647424123152278,-118,-1.0321000612262747
254207,滋賀県,愛知郡,10567,10475,21042,8545,804,128,932,132,12,1076,887,101,988,215,25,1228,-152,-0.7171841087100123,-83,-0.3916202698877041,-69,-0.3255638388223082
254258,滋賀県,愛知郡愛荘町,10567,10475,21042,8545,804,128,932,132,12,1076,887,101,988,215,25,1228,-152,-0.7171841087100123,-83,-0.3916202698877041,-69,-0.3255638388223082
254401,滋賀県,犬上郡,10195,10678,20873,8793,545,73,618,75,7,700,593,41,634,304,14,952,-252,-1.1928994082840236,-229,-1.0840236686390532,-23,-0.10887573964497041
254410,滋賀県,犬上郡豊郷町,3500,3617,7117,3145,226,36,262,28,6,296,268,21,289,83,3,375,-79,-1.0978321289605335,-55,-0.7643135075041689,-24,-0.33351862145636463
254428,滋賀県,犬上郡甲良町,3117,3293,6410,2693,143,15,158,16,1,175,158,9,167,106,3,276,-101,-1.5512210105974504,-90,-1.3822761480571342,-11,-0.16894486254031638
254436,滋賀県,犬上郡多賀町,3578,3768,7346,2955,176,22,198,31,0,229,167,11,178,115,8,301,-72,-0.9706120248045295,-84,-1.1323806956052844,12,0.1617686708007549
260002,京都府,-,1182339,1289674,2472013,1262791,105397,19582,124979,13290,1648,139917,111184,10277,121461,31739,2779,155979,-16062,-0.6455593179466053,-18449,-0.7414969404057354,2387,0.09593762245913005
261009,京都府,京都市,649681,724206,1373887,743206,71367,15198,86565,7294,1002,94861,73566,7282,80848,17337,2318,100503,-5642,-0.40898016641911844,-10043,-0.7280020934681329,4401,0.31902192704901455
261017,京都府,京都市北区,50055,56445,106500,55376,4651,1239,5890,481,90,6461,5013,723,5736,1444,151,7331,-870,-0.8102822017323273,-963,-0.8968985750209556,93,0.0866163732886281
261025,京都府,京都市上京区,34523,40785,75308,44121,5291,1634,6925,290,27,7242,5369,680,6049,983,237,7269,-27,-0.035839915046127296,-693,-0.9198911528506006,666,0.8840512378044733
261033,京都府,京都市左京区,71047,79457,150504,81076,7446,2628,10074,647,91,10812,7734,1699,9433,1876,479,11788,-976,-0.6443094797993134,-1229,-0.8113282281489306,253,0.1670187483496171
261041,京都府,京都市中京区,48182,57754,105936,61220,7625,1590,9215,582,76,9873,7133,704,7837,1163,206,9206,667,0.6336148343766921,-581,-0.5519193684750496,1248,1.1855342028517417
261050,京都府,京都市東山区,14883,18110,32993,20269,2314,633,2947,106,23,3076,2383,266,2649,492,87,3228,-152,-0.4585910393724544,-386,-1.1645798763011013,234,0.7059888369286469
261068,京都府,京都市下京区,35819,41672,77491,46982,6666,1375,8041,415,92,8548,6679,565,7244,866,220,8330,218,0.28211665135299524,-451,-0.5836449989000039,669,0.8657616502529991
261076,京都府,京都市南区,49947,50982,100929,55972,7104,903,8007,735,60,8802,6662,366,7028,1187,174,8389,413,0.41087985992279835,-452,-0.4496796529905687,865,0.860559512913367
261084,京都府,京都市右京区,89893,100697,190590,99972,8368,1543,9911,1067,195,11173,8781,703,9484,2471,199,12154,-981,-0.5120816825093568,-1404,-0.7328875456097218,423,0.22080586310036487
261092,京都府,京都市伏見区,127863,137405,265268,141929,11017,2684,13701,1442,168,15311,12314,994,13308,3409,331,17048,-1737,-0.6505496151757457,-1967,-0.7366903241512331,230,0.08614070897548734
261106,京都府,京都市山科区,59409,66193,125602,67622,5128,556,5684,695,104,6483,5426,234,5660,1740,128,7528,-1045,-0.8251281119963363,-1045,-0.8251281119963363,0,0
261114,京都府,京都市西京区,68060,74706,142766,68667,5757,413,6170,834,76,7080,6072,348,6420,1706,106,8232,-1152,-0.8004558151169415,-872,-0.6059005822760183,-280,-0.1945552328409233
262013,京都府,福知山市,37074,37466,74540,36891,2559,260,2819,520,23,3362,2913,183,3096,1066,45,4207,-845,-1.120912648404855,-546,-0.7242820189692909,-299,-0.3966306294355641
262021,京都府,舞鶴市,37402,37920,75322,38949,2810,39,2849,403,305,3557,3640,100,3740,1209,18,4967,-1410,-1.8375645102434446,-806,-1.0504092164937706,-604,-0.7871552937496742
262030,京都府,綾部市,14922,16150,31072,15695,916,215,1131,105,8,1244,956,137,1093,602,3,1698,-454,-1.4400812028167227,-497,-1.5764765590306415,43,0.13639535621391868
262048,京都府,宇治市,86460,93122,179582,86271,5479,698,6177,943,61,7181,5990,325,6315,2140,87,8542,-1361,-0.7521705730533925,-1197,-0.6615342953305737,-164,-0.09063627772281879
262056,京都府,宮津市,7568,8398,15966,8132,428,66,494,78,13,585,533,37,570,372,2,944,-359,-2.1990811638591117,-294,-1.800918836140888,-65,-0.3981623277182236
262064,京都府,亀岡市,41820,44389,86209,40271,2180,345,2525,474,28,3027,2351,177,2528,1025,30,3583,-556,-0.6408113870800438,-551,-0.6350486947501873,-5,-0.005762692329856509
262072,京都府,城陽市,35291,38030,73321,35496,1924,179,2103,397,28,2528,2121,139,2260,964,14,3238,-710,-0.9590576920479259,-567,-0.765895368156583,-143,-0.19316232389134283
262081,京都府,向日市,26935,29251,56186,25789,1958,128,2086,330,39,2455,2074,122,2196,631,13,2840,-385,-0.68056071131852,-301,-0.5320747379399339,-84,-0.1484859733785862
262099,京都府,長岡京市,39779,42439,82218,38114,3101,363,3464,571,8,4043,3017,266,3283,845,5,4133,-90,-0.10934538562472663,-274,-0.3328959517908344,184,0.2235505661661078
262102,京都府,八幡市,33377,35221,68598,34238,2156,550,2706,328,26,3060,2333,416,2749,849,83,3681,-621,-0.8971525159277077,-521,-0.7526835117525535,-100,-0.1444690041751542
262111,京都府,京田辺市,35193,36818,72011,32022,2878,483,3361,421,32,3814,2666,305,2971,654,43,3668,146,0.20315870034091701,-233,-0.32421902177694284,379,0.5273777221178598
262129,京都府,京丹後市,24074,25968,50042,22922,878,135,1013,242,2,1257,1229,69,1298,937,11,2246,-989,-1.938037663381082,-695,-1.3619172659755834,-294,-0.5761203974054986
262137,京都府,南丹市,14366,15165,29531,14242,910,104,1014,120,11,1145,1103,58,1161,559,17,1737,-592,-1.9652757029512333,-439,-1.4573581648574179,-153,-0.5079175380938153
262145,京都府,木津川市,38196,41143,79339,33456,2261,261,2522,458,36,3016,2493,259,2752,738,15,3505,-489,-0.6125670190910457,-280,-0.350754121360926,-209,-0.26181289773011973
263001,京都府,乙訓郡,8013,8620,16633,7401,637,21,658,170,8,836,650,25,675,170,9,854,-18,-0.10810161551858748,0,0,-18,-0.10810161551858748
263036,京都府,乙訓郡大山崎町,8013,8620,16633,7401,637,21,658,170,8,836,650,25,675,170,9,854,-18,-0.10810161551858748,0,0,-18,-0.10810161551858748
263206,京都府,久世郡,7559,7672,15231,7465,565,255,820,72,1,893,682,141,823,212,14,1049,-156,-1.0138428543575746,-140,-0.9098589718593617,-16,-0.10398388249821278
263222,京都府,久世郡久御山町,7559,7672,15231,7465,565,255,820,72,1,893,682,141,823,212,14,1049,-156,-1.0138428543575746,-140,-0.9098589718593617,-16,-0.10398388249821278
263401,京都府,綴喜郡,7830,7816,15646,7399,507,116,623,75,5,703,524,91,615,232,28,875,-172,-1.0873688203312681,-157,-0.9925401441395878,-15,-0.09482867619168037
263435,京都府,綴喜郡井手町,3419,3539,6958,3499,225,40,265,36,1,302,184,31,215,110,8,333,-31,-0.4435541565316926,-74,-1.0588066962369438,43,0.6152525397052512
263443,京都府,綴喜郡宇治田原町,4411,4277,8688,3900,282,76,358,39,4,401,340,60,400,122,20,542,-141,-1.5970098538905877,-83,-0.9400838147015518,-58,-0.6569260391890361
263605,京都府,相楽郡,20637,22395,43032,19002,1142,98,1240,165,7,1412,1373,110,1483,494,8,1985,-573,-1.3140694874441003,-329,-0.7545006306616214,-244,-0.559568856782479
263648,京都府,相楽郡笠置町,510,556,1066,561,17,0,17,1,0,18,35,0,35,33,0,68,-50,-4.480286738351254,-32,-2.867383512544803,-18,-1.6129032258064515
263656,京都府,相楽郡和束町,1596,1781,3377,1646,70,0,70,5,0,75,119,0,119,78,0,197,-122,-3.4867104887110605,-73,-2.0863103743926836,-49,-1.4004001143183766
263664,京都府,相楽郡精華町,17397,18813,36210,15602,1002,94,1096,156,6,1258,1159,106,1265,319,7,1591,-333,-0.911255233560463,-163,-0.44604985907013656,-170,-0.46520537449032645
263672,京都府,相楽郡南山城村,1134,1245,2379,1193,53,4,57,3,1,61,60,4,64,64,1,129,-68,-2.778912954638333,-61,-2.492848385778504,-7,-0.28606456885982834
264008,京都府,船井郡,5941,6443,12384,6095,290,43,333,35,4,372,397,24,421,299,10,730,-358,-2.809606027311254,-264,-2.07188824360383,-94,-0.7377177837074242
264075,京都府,船井郡京丹波町,5941,6443,12384,6095,290,43,333,35,4,372,397,24,421,299,10,730,-358,-2.809606027311254,-264,-2.07188824360383,-94,-0.7377177837074242
264601,京都府,与謝郡,10221,11042,21263,9735,451,25,476,89,1,566,573,11,584,404,6,994,-428,-1.9731685952699276,-315,-1.4522152044626804,-113,-0.5209533908072472
264636,京都府,与謝郡伊根町,913,948,1861,870,50,3,53,7,1,61,60,1,61,51,2,114,-53,-2.7690700104493207,-44,-2.2988505747126435,-9,-0.4702194357366771
264652,京都府,与謝郡与謝野町,9308,10094,19402,8865,401,22,423,82,0,505,513,10,523,353,4,880,-375,-1.8961419831116952,-271,-1.3702786064620518,-104,-0.5258633766496436
270008,大阪府,-,4216807,4555154,8771961,4565594,428064,66215,494279,55381,4371,554031,411406,25639,437045,109990,10743,557778,-3747,-0.04269740971326758,-54609,-0.622274578871585,50862,0.5795771691583175
271004,大阪府,大阪市,1345204,1433713,2778917,1622994,203189,35589,238778,18317,1769,258864,185885,9446,195331,34949,7309,237589,21275,0.7714924562361611,-16632,-0.6031239733076301,37907,1.3746164295437913
271021,大阪府,大阪市都島区,51196,55676,106872,61402,7730,743,8473,719,40,9232,6850,305,7155,1177,200,8532,700,0.6593075387107712,-458,-0.4313755038993332,1158,1.0906830426101044
271039,大阪府,大阪市福島区,38999,43016,82015,47135,6887,553,7440,681,50,8171,6093,233,6326,680,135,7141,1030,1.2718404642835093,1,0.001234796567265543,1029,1.2706056677162438
271047,大阪府,大阪市此花区,31372,32783,64155,35318,3225,497,3722,371,31,4124,3534,223,3757,839,133,4729,-605,-0.9342186534898085,-468,-0.7226683137739345,-137,-0.21155033971587398
271063,大阪府,大阪市西区,52076,58750,110826,70076,12200,1793,13993,805,71,14869,10853,501,11354,702,327,12383,2486,2.2946280228908993,103,0.09507107254938157,2383,2.1995569503415173
271071,大阪府,大阪市港区,39285,40962,80247,46769,5332,1197,6529,431,48,7008,4528,305,4833,1044,246,6123,885,1.1151432675587813,-613,-0.7724099695068168,1498,1.8875532370655983
271080,大阪府,大阪市大正区,30432,31458,61890,34537,3095,645,3740,304,21,4065,2548,206,2754,999,88,3841,224,0.3632471702396783,-695,-1.127039211234716,919,1.4902863814743943
271098,大阪府,大阪市天王寺区,39100,45626,84726,45286,7249,940,8189,622,77,8888,5805,298,6103,709,231,7043,1845,2.2260831794983167,-87,-0.10496977594382306,1932,2.3310529554421398
271110,大阪府,大阪市浪速区,40359,38673,79032,59998,12107,2524,14631,516,57,15204,10900,588,11488,784,674,12946,2258,2.941099851512231,-268,-0.34907651027691666,2526,3.2901763617891473
271136,大阪府,大阪市西淀川区,48406,49980,98386,54529,5975,1397,7372,615,46,8033,5764,398,6162,1178,217,7557,476,0.48616075988152385,-563,-0.5750178735573486,1039,1.0611786334388724
271144,大阪府,大阪市東淀川区,84938,86906,171844,104503,11576,1807,13383,1158,94,14635,11088,572,11660,2220,447,14327,308,0.17955414606846376,-1062,-0.6191120231321705,1370,0.7986661692006342
271152,大阪府,大阪市東成区,40906,45996,86902,51955,7437,1646,9083,574,66,9723,6708,310,7018,1013,268,8299,1424,1.6659257352769135,-439,-0.5135824422658462,1863,2.1795081775427594
271161,大阪府,大阪市生野区,61318,65566,126884,76280,8583,3081,11664,777,222,12663,8717,679,9396,2043,716,12155,508,0.401975058555422,-1266,-1.0017724884471735,1774,1.4037475470025955
271179,大阪府,大阪市旭区,43478,47135,90613,51024,5577,606,6183,590,33,6806,4646,170,4816,1377,111,6304,502,0.5570906992487044,-787,-0.873367291451654,1289,1.4304579907003585
271187,大阪府,大阪市城東区,80942,89255,170197,91153,9864,1121,10985,1169,53,12207,8726,356,9082,2014,249,11345,862,0.5090501077745297,-845,-0.4990108365075147,1707,1.0080609442820445
271195,大阪府,大阪市阿倍野区,52202,60415,112617,58619,7206,1704,8910,711,73,9694,6721,347,7068,1255,213,8536,1158,1.0389470567652679,-544,-0.48807184704689616,1702,1.5270189038121642
271209,大阪府,大阪市住吉区,71292,80968,152260,84329,8823,1436,10259,1000,64,11323,8059,416,8475,2147,227,10849,474,0.31228176511667743,-1147,-0.7556691657992173,1621,1.0679509309158948
271217,大阪府,大阪市東住吉区,63403,69888,133291,73595,8301,1690,9991,884,91,10966,7269,321,7590,2134,174,9898,1068,0.8077263411055566,-1250,-0.9453725902452674,2318,1.753098931350824
271225,大阪府,大阪市西成区,60589,44562,105151,74454,8578,2727,11305,464,103,11872,7924,485,8409,2922,675,12006,-134,-0.12727359072992353,-2458,-2.3346155672697915,2324,2.207341976539868
271233,大阪府,大阪市淀川区,91760,92628,184388,113013,15634,2155,17789,1230,121,19140,14298,582,14880,1923,489,17292,1848,1.0123808480333076,-693,-0.37964281801249045,2541,1.3920236660457983
271241,大阪府,大阪市鶴見区,53052,58564,111616,53524,4892,364,5256,825,38,6119,4905,178,5083,1230,70,6383,-264,-0.23596710761530212,-405,-0.3619949946371112,141,0.1260278870218091
271250,大阪府,大阪市住之江区,56577,60652,117229,65350,5566,882,6448,566,66,7080,5055,364,5419,1711,227,7357,-277,-0.23573264343948394,-1145,-0.9744183275747621,868,0.7386856841352782
271268,大阪府,大阪市平野区,89051,98597,187648,101502,8380,1788,10168,1102,111,11381,8738,424,9162,2993,294,12449,-1068,-0.5659297568833591,-1891,-1.0020348036202549,823,0.4361050467368957
271276,大阪府,大阪市北区,68656,72701,141357,89933,14369,1558,15927,1188,99,17214,12800,545,13345,1104,353,14802,2412,1.7359386807729675,84,0.060455575947317285,2328,1.6754831048256504
271284,大阪府,大阪市中央区,55815,62956,118771,78710,14603,2735,17338,1015,94,18447,13356,640,13996,751,545,15292,3155,2.7288610572931082,264,0.22834209797951843,2891,2.50051895931359
271403,大阪府,堺市,388259,423734,811993,404180,33787,3256,37043,5032,279,42354,34607,1526,36133,10666,603,47402,-5048,-0.6178392516409825,-5634,-0.6895614785549318,586,0.07172222691394924
271411,大阪府,堺市堺区,72319,74922,147241,81374,8239,1327,9566,1011,50,10627,8236,360,8596,2007,183,10786,-159,-0.10786974219810042,-996,-0.6757123473541384,837,0.5678426051560379
271420,大阪府,堺市中区,57194,60856,118050,57025,4358,330,4688,712,34,5434,4661,240,4901,1536,59,6496,-1062,-0.8915978238968366,-824,-0.691785882194909,-238,-0.1998119417019276
271438,大阪府,堺市東区,40914,45080,85994,41099,3599,425,4024,572,22,4618,3238,129,3367,1183,36,4586,32,0.0372257509131942,-611,-0.7107791814988018,643,0.748004932411996
271446,大阪府,堺市西区,64954,69922,134876,65412,5372,296,5668,831,38,6537,5318,231,5549,1713,79,7341,-804,-0.5925707547169812,-882,-0.6500589622641509,78,0.05748820754716981
271454,大阪府,堺市南区,61122,71055,132177,64432,3209,326,3535,504,44,4083,4058,185,4243,1945,87,6275,-2192,-1.6313286546748134,-1441,-1.0724199778222654,-751,-0.5589086768525479
271462,大阪府,堺市北区,73652,82789,156441,77323,7727,404,8131,1231,63,9425,7749,280,8029,1767,100,9896,-471,-0.3001682471703885,-536,-0.34159273987967775,65,0.04142449270928928
271471,大阪府,堺市美原区,18104,19110,37214,17515,1283,148,1431,171,28,1630,1347,101,1448,515,59,2022,-392,-1.0423868531617295,-344,-0.91474764665213,-48,-0.12763920650959953
272027,大阪府,岸和田市,89302,97294,186596,90600,4984,707,5691,1200,99,6990,5229,531,5760,2601,35,8396,-1406,-0.7478643844214423,-1401,-0.7452048382464016,-5,-0.002659546175040691
272035,大阪府,豊中市,192466,213489,405955,199010,17757,2474,20231,2798,108,23137,17949,1266,19215,4608,195,24018,-881,-0.21654917460598375,-1810,-0.4448967151382867,929,0.22834754053230297
272043,大阪府,池田市,48740,53896,102636,50360,4658,686,5344,652,41,6037,4584,582,5166,1147,57,6370,-333,-0.32339830434402583,-495,-0.48072720916003847,162,0.15732890481601258
272051,大阪府,吹田市,183107,201399,384506,186886,21127,2406,23533,2864,236,26633,19235,1564,20799,3764,245,24808,1825,0.47689851338320954,-900,-0.23518282851774716,2725,0.7120813419009566
272060,大阪府,泉大津市,34615,38147,72762,35757,2683,331,3014,495,26,3535,2854,151,3005,876,37,3918,-383,-0.5236174721443707,-381,-0.5208831772506665,-2,-0.002734294893704286
272078,大阪府,高槻市,164274,181315,345589,166053,10686,867,11553,2179,174,13906,10280,680,10960,4206,123,15289,-1383,-0.39859124079176417,-2027,-0.5841969957229978,644,0.18560575493123366
272086,大阪府,貝塚市,39253,42167,81420,38640,2160,706,2866,401,45,3312,3056,177,3233,1084,75,4392,-1080,-1.309090909090909,-683,-0.8278787878787879,-397,-0.4812121212121212
272094,大阪府,守口市,68333,72590,140923,74266,6216,503,6719,997,75,7791,5657,262,5919,2081,111,8111,-320,-0.22655990031364387,-1084,-0.7674716623124687,764,0.5409117619988247
272108,大阪府,枚方市,187474,204854,392328,186991,12071,2078,14149,2296,271,16716,11983,1670,13653,4707,249,18609,-1893,-0.4801875090368093,-2411,-0.611585887103934,518,0.1313983780671248
272116,大阪府,茨木市,137728,148314,286042,134643,11706,1202,12908,2155,134,15197,11042,951,11993,2816,61,14870,327,0.11444971387571531,-661,-0.23134942162644592,988,0.34579913550216124
272124,大阪府,八尾市,123560,135598,259158,128591,7644,977,8621,1612,95,10328,7712,573,8285,3490,147,11922,-1594,-0.6113088298459839,-1878,-0.7202245812112659,284,0.10891575136528196
272132,大阪府,泉佐野市,47696,51622,99318,50548,4526,2031,6557,621,49,7227,5352,284,5636,1219,91,6946,281,0.28373234245786927,-598,-0.6038147359067823,879,0.8875470783646515
272141,大阪府,富田林市,49823,55892,105715,52209,3097,708,3805,491,79,4375,4168,314,4482,1465,55,6002,-1627,-1.5157161223006836,-974,-0.9073801494289281,-653,-0.6083359728717557
272159,大阪府,寝屋川市,108051,116327,224378,113379,7400,567,7967,1325,39,9331,7131,388,7519,3080,89,10688,-1357,-0.6011473630584535,-1755,-0.777460296365207,398,0.1763129333067535
272167,大阪府,河内長野市,46017,51895,97912,47635,2369,361,2730,373,26,3129,2676,264,2940,1485,18,4443,-1314,-1.3242496926208858,-1112,-1.1206740168907343,-202,-0.20357567573015137
272175,大阪府,松原市,55767,60492,116259,59262,4053,476,4529,717,50,5296,3627,282,3909,1735,62,5706,-410,-0.3514215429977115,-1018,-0.8725539774918788,608,0.5211324344941672
272183,大阪府,大東市,56280,59407,115687,58406,4128,393,4521,662,60,5243,4108,286,4394,1477,61,5932,-689,-0.5920464700625558,-815,-0.7003162164020073,126,0.10826974633945143
272191,大阪府,和泉市,88084,94397,182481,83064,5681,635,6316,1110,48,7474,5340,335,5675,2049,110,7834,-360,-0.19689238190559008,-939,-0.5135609628037475,579,0.3166685808981574
272205,大阪府,箕面市,66685,72842,139527,64031,5898,816,6714,778,62,7554,5265,672,5937,1350,58,7345,209,0.15001650899381272,-572,-0.41057149829885586,781,0.5605880072926686
272213,大阪府,柏原市,31928,34572,66500,32852,2284,356,2640,361,23,3024,2304,258,2562,860,54,3476,-452,-0.6751105269446768,-499,-0.7453100728880392,47,0.07019954594336242
272221,大阪府,羽曳野市,51000,56406,107406,52022,3525,383,3908,617,63,4588,3480,313,3793,1567,35,5395,-807,-0.745751434670511,-950,-0.87789821925277,143,0.13214678458225906
272230,大阪府,門真市,57161,59018,116179,64415,4840,697,5537,649,56,6242,4993,303,5296,1823,83,7202,-960,-0.8195391799486081,-1174,-1.0022281221454852,214,0.1826889421968772
272248,大阪府,摂津市,42625,43719,86344,43319,4242,493,4735,716,36,5487,4202,277,4479,969,46,5494,-7,-0.008106449259417956,-253,-0.2929902375189633,246,0.28488378825954536
272256,大阪府,高石市,26581,29387,55968,26545,1970,134,2104,342,17,2463,2182,73,2255,709,12,2976,-513,-0.9082700377117969,-367,-0.6497760308776402,-146,-0.25849400683415663
272264,大阪府,藤井寺市,29612,32692,62304,30278,2332,266,2598,346,29,2973,2421,112,2533,816,20,3369,-396,-0.631578947368421,-470,-0.7496012759170654,74,0.11802232854864433
272272,大阪府,東大阪市,232134,245566,477700,251356,18072,2989,21061,2835,231,24127,16793,1171,17964,6442,560,24966,-839,-0.17532531308837943,-3607,-0.7537525677113046,2768,0.5784272546229252
272281,大阪府,泉南市,27993,30152,58145,26723,1589,928,2517,328,13,2858,2601,91,2692,780,30,3502,-644,-1.0954430250557077,-452,-0.768851315722329,-192,-0.3265917093333787
272299,大阪府,四條畷市,26095,27654,53749,24974,1690,171,1861,322,34,2217,2038,117,2155,653,15,2823,-606,-1.1148928341458928,-331,-0.6089596173305124,-275,-0.5059332168153804
272302,大阪府,交野市,37066,40125,77191,34473,2553,188,2741,485,34,3260,2352,123,2475,853,13,3341,-81,-0.10482451599544465,-368,-0.4762397763743658,287,0.37141526037892125
272311,大阪府,大阪狭山市,27087,30659,57746,26447,1847,102,1949,332,20,2301,1771,87,1858,718,10,2586,-285,-0.49111681687373987,-386,-0.6651617239061881,101,0.17404490703244818
272329,大阪府,阪南市,23862,26218,50080,24170,1160,144,1304,178,13,1495,1425,103,1528,664,11,2203,-708,-1.3940300858470507,-486,-0.9569189572339922,-222,-0.43711112861305823
273007,大阪府,三島郡,15195,17052,32247,14299,1549,45,1594,232,3,1829,878,52,930,329,4,1263,566,1.7865597676841007,-97,-0.30617720400239895,663,2.0927369716865
273015,大阪府,三島郡島本町,15195,17052,32247,14299,1549,45,1594,232,3,1829,878,52,930,329,4,1263,566,1.7865597676841007,-97,-0.30617720400239895,663,2.0927369716865
273201,大阪府,豊能郡,12812,13932,26744,13149,634,94,728,69,8,805,855,72,927,437,5,1369,-564,-2.065328841365168,-368,-1.347590449685074,-196,-0.7177383916800937
273210,大阪府,豊能郡豊能町,8486,9318,17804,8615,378,82,460,45,3,508,543,59,602,283,2,887,-379,-2.08436451630644,-238,-1.3089149205301656,-141,-0.7754495957762745
273228,大阪府,豊能郡能勢町,4326,4614,8940,4534,256,12,268,24,5,297,312,13,325,154,3,482,-185,-2.0273972602739727,-130,-1.4246575342465753,-55,-0.6027397260273972
273406,大阪府,泉北郡,7896,8421,16317,7959,493,58,551,100,5,656,619,47,666,230,16,912,-256,-1.5446811078259821,-130,-0.7844083750678814,-126,-0.7602727327581005
273414,大阪府,泉北郡忠岡町,7896,8421,16317,7959,493,58,551,100,5,656,619,47,666,230,16,912,-256,-1.5446811078259821,-130,-0.7844083750678814,-126,-0.7602727327581005
273601,大阪府,泉南郡,31470,33853,65323,30541,2565,1310,3875,279,12,4166,3705,164,3869,817,20,4706,-540,-0.8198836979791384,-538,-0.8168470916903269,-2,-0.003036606288811624
273619,大阪府,泉南郡熊取町,20510,22034,42544,18907,1111,124,1235,189,5,1429,1178,81,1259,469,11,1739,-310,-0.723386381667989,-280,-0.6533812479581836,-30,-0.07000513370980538
273627,大阪府,泉南郡田尻町,4265,4219,8484,4258,1132,71,1203,50,2,1255,1105,57,1162,99,3,1264,-9,-0.1059696220416814,-49,-0.5769457200047098,40,0.47097609796302836
273660,大阪府,泉南郡岬町,6695,7600,14295,7376,322,1115,1437,40,5,1482,1422,26,1448,249,6,1703,-221,-1.5224579774042437,-209,-1.4397905759162304,-12,-0.08266740148801323
273805,大阪府,南河内郡,15572,16344,31916,14567,899,88,987,115,9,1111,1047,72,1119,468,18,1605,-494,-1.5242209194692995,-353,-1.0891700092564023,-141,-0.43505091021289727
273813,大阪府,南河内郡太子町,6221,6452,12673,5638,344,57,401,53,6,460,389,42,431,164,5,600,-140,-1.092640287208304,-111,-0.8663076562865839,-29,-0.22633263092172012
273821,大阪府,南河内郡河南町,7142,7414,14556,6683,431,27,458,49,3,510,516,29,545,211,13,769,-259,-1.7482281471481607,-162,-1.0934863314208572,-97,-0.6547418157273034
273830,大阪府,南河内郡千早赤阪村,2209,2478,4687,2246,124,4,128,13,0,141,142,1,143,93,0,236,-95,-1.9866164784608948,-80,-1.6729401923881222,-15,-0.3136762860727729
280003,兵庫県,-,2579265,2814342,5393607,2630792,190816,27947,218763,31359,1352,251474,198647,14572,213219,68447,3064,284730,-33256,-0.6128033819906639,-37088,-0.6834150779188639,3832,0.07061169592820014
281000,兵庫県,神戸市,706589,786954,1493543,780144,68093,11417,79510,8200,302,88012,70134,4833,74967,18457,1470,94894,-6882,-0.4586700434876785,-10257,-0.6836063115450622,3375,0.22493626805738373
281018,兵庫県,神戸市東灘区,98267,112155,210422,104488,10333,1773,12106,1228,34,13368,10012,1188,11200,2157,182,13539,-171,-0.08119928012801945,-929,-0.4411352704030998,758,0.3599359902750804
281026,兵庫県,神戸市灘区,61621,70459,132080,69684,7048,1026,8074,816,36,8926,6643,510,7153,1513,197,8863,63,0.047721126824575626,-697,-0.5279623078845906,760,0.5756834347091663
281051,兵庫県,神戸市兵庫区,53918,56309,110227,68415,8153,1591,9744,665,36,10445,7653,314,7967,1570,223,9760,685,0.625330923298826,-905,-0.8261671322415146,1590,1.4514980555403407
281069,兵庫県,神戸市長田区,45650,49196,94846,56626,5004,1343,6347,480,45,6872,5496,191,5687,1542,146,7375,-503,-0.5275356846951725,-1062,-1.1138029764339428,559,0.5862672917387701
281077,兵庫県,神戸市須磨区,71836,83092,154928,79443,5481,476,5957,876,23,6856,5843,323,6166,2123,77,8366,-1510,-0.9652386248865364,-1247,-0.7971209041281531,-263,-0.16811772075838352
281085,兵庫県,神戸市垂水区,98736,112043,210779,104402,6949,754,7703,1107,20,8830,7422,472,7894,2807,64,10765,-1935,-0.909672141937061,-1700,-0.7991951634589166,-235,-0.11047697847814436
281093,兵庫県,神戸市北区,98977,109137,208114,100265,6165,876,7041,1056,22,8119,6869,394,7263,2730,77,10070,-1951,-0.9287601456691977,-1674,-0.7968961987956109,-277,-0.13186394687358674
281107,兵庫県,神戸市中央区,65633,75128,140761,87751,11837,2772,14609,896,64,15569,12143,873,13016,1464,398,14878,691,0.49332476618833443,-568,-0.40551152994931106,1259,0.8988362961376454
281115,兵庫県,神戸市西区,111951,119435,231386,109070,7123,806,7929,1076,22,9027,8053,568,8621,2551,106,11278,-2251,-0.9634604108082195,-1475,-0.6313212376464344,-776,-0.33213917316178515
282014,兵庫県,姫路市,253726,269455,523181,249624,13577,2368,15945,3360,148,19453,14322,1117,15439,6528,189,22156,-2703,-0.5139916787732656,-3168,-0.602414220626602,465,0.08842254185333648
282022,兵庫県,尼崎市,222025,235483,457508,244642,18286,1910,20196,3210,199,23605,16815,914,17729,6149,265,24143,-538,-0.11745545207249926,-2939,-0.6416386127157534,2401,0.5241831606432542
282031,兵庫県,明石市,148112,159123,307235,144968,11141,771,11912,2562,53,14527,9757,698,10455,3516,81,14052,475,0.1548441778589125,-954,-0.31099230668926847,1429,0.46583648454818094
282049,兵庫県,西宮市,225922,254896,480818,230059,18393,2011,20404,3249,168,23821,19005,1387,20392,4976,229,25597,-1776,-0.3680112061069968,-1727,-0.357857743776342,-49,-0.010153462330654754
282057,兵庫県,洲本市,19455,21312,40767,20334,1324,286,1610,208,7,1825,1616,79,1695,695,7,2397,-572,-1.3836812695033744,-487,-1.1780642976366142,-85,-0.2056169718667602
282065,兵庫県,芦屋市,42298,51709,94007,45418,3782,604,4386,462,13,4861,4121,407,4528,1083,23,5634,-773,-0.815572905676303,-621,-0.6552015193078708,-152,-0.16037138636843218
282073,兵庫県,伊丹市,96757,103527,200284,94192,7085,655,7740,1243,56,9039,7424,344,7768,2292,78,10138,-1099,-0.5457263026174007,-1049,-0.5208979903964088,-50,-0.02482831222099184
282081,兵庫県,相生市,13112,13946,27058,12999,668,133,801,116,2,919,783,72,855,473,1,1329,-410,-1.492645988058832,-357,-1.2996941896024465,-53,-0.1929517984563856
282090,兵庫県,豊岡市,36176,39001,75177,33792,1599,281,1880,355,5,2240,2090,223,2313,1300,24,3637,-1397,-1.8243790320474313,-945,-1.234100347376394,-452,-0.5902786846710372
282103,兵庫県,加古川市,125802,131401,257203,119566,7394,704,8098,1571,63,9732,7539,403,7942,3167,111,11220,-1488,-0.5752036213088202,-1596,-0.6169522712425248,108,0.041748649933704696
282120,兵庫県,赤穂市,21374,22805,44179,20632,1050,129,1179,191,4,1374,1267,101,1368,636,7,2011,-637,-1.4213673687968582,-445,-0.9929489468047127,-192,-0.4284184219921457
282138,兵庫県,西脇市,18118,19570,37688,17288,919,157,1076,162,2,1240,1055,93,1148,581,8,1737,-497,-1.301558203483043,-419,-1.09728951158832,-78,-0.20426869189472305
282146,兵庫県,宝塚市,105391,122254,227645,107265,7482,915,8397,1166,38,9601,7503,646,8149,2671,70,10890,-1289,-0.5630443708667127,-1505,-0.6573947076449981,216,0.09435033677828544
282154,兵庫県,三木市,35318,37773,73091,34872,2033,479,2512,298,68,2878,2384,329,2713,1049,53,3815,-937,-1.2657372885935052,-751,-1.01448100718647,-186,-0.25125628140703515
282162,兵庫県,高砂市,42017,44494,86511,40644,2369,449,2818,501,16,3335,2851,172,3023,1122,39,4184,-849,-0.9718406593406593,-621,-0.7108516483516484,-228,-0.26098901098901095
282171,兵庫県,川西市,72076,80838,152914,71843,4684,528,5212,790,37,6039,4971,250,5221,1931,44,7196,-1157,-0.7509524829461741,-1141,-0.7405676603643775,-16,-0.010384822581796705
282189,兵庫県,小野市,22943,23882,46825,20885,1436,268,1704,204,6,1914,1481,203,1684,564,7,2255,-341,-0.7229784166560658,-360,-0.7632616715430607,19,0.040283254886994864
282197,兵庫県,三田市,51481,55001,106482,47481,3188,424,3612,478,26,4116,3529,249,3778,1036,28,4842,-726,-0.6771882695321245,-558,-0.5204835460040296,-168,-0.15670472352809492
282201,兵庫県,加西市,20386,21069,41455,18591,1148,273,1421,171,23,1615,1213,276,1489,599,16,2104,-489,-1.165840167842838,-428,-1.0204081632653061,-61,-0.14543200457753197
282219,兵庫県,丹波篠山市,18791,20304,39095,17837,1001,214,1215,194,8,1417,1222,118,1340,615,14,1969,-552,-1.3922869321764573,-421,-1.061871011678059,-131,-0.3304159204983984
282227,兵庫県,養父市,10090,10915,21005,9041,319,45,364,90,0,454,483,24,507,425,6,938,-484,-2.2523151379775697,-335,-1.5589371306249709,-149,-0.6933780073525989
282235,兵庫県,丹波市,28990,31043,60033,26463,1323,280,1603,294,5,1902,1545,217,1762,970,34,2766,-864,-1.4187891029114734,-676,-1.1100711036668474,-188,-0.3087179992446262
282243,兵庫県,南あわじ市,21079,22653,43732,19968,1040,304,1344,158,8,1510,1331,136,1467,746,34,2247,-737,-1.6573343227866606,-588,-1.3222694461310125,-149,-0.33506487665564777
282251,兵庫県,朝来市,13352,14402,27754,12232,644,77,721,114,4,839,822,61,883,424,17,1324,-485,-1.71748291370091,-310,-1.0977725840150145,-175,-0.6197103296858953
282260,兵庫県,淡路市,19798,21566,41364,20439,1193,359,1552,167,8,1727,1433,88,1521,786,25,2332,-605,-1.4415401844218352,-619,-1.474898139102671,14,0.033357954680835855
282278,兵庫県,宍粟市,16224,17525,33749,14577,547,72,619,142,15,776,890,78,968,628,3,1599,-823,-2.3805391646419065,-486,-1.4057618882332523,-337,-0.9747772764086544
282286,兵庫県,加東市,19526,19887,39413,17794,1537,653,2190,285,15,2490,1948,272,2220,483,55,2758,-268,-0.6753862049847534,-198,-0.4989793603991835,-70,-0.17640684458556993
282294,兵庫県,たつの市,35096,37175,72271,31485,1654,291,1945,338,6,2289,1961,202,2163,1024,32,3219,-930,-1.2704744470703953,-686,-0.9371456674089151,-244,-0.33332877966148006
283002,兵庫県,川辺郡,13639,15005,28644,12476,610,63,673,69,2,744,820,47,867,330,3,1200,-456,-1.5670103092783505,-261,-0.8969072164948454,-195,-0.6701030927835051
283011,兵庫県,川辺郡猪名川町,13639,15005,28644,12476,610,63,673,69,2,744,820,47,867,330,3,1200,-456,-1.5670103092783505,-261,-0.8969072164948454,-195,-0.6701030927835051
283606,兵庫県,多可郡,9086,9519,18605,7711,325,103,428,48,2,478,460,47,507,321,11,839,-361,-1.9034060951175789,-273,-1.4394179057260361,-88,-0.4639881893915428
283657,兵庫県,多可郡多可町,9086,9519,18605,7711,325,103,428,48,2,478,460,47,507,321,11,839,-361,-1.9034060951175789,-273,-1.4394179057260361,-88,-0.4639881893915428
283801,兵庫県,加古郡,31963,33215,65178,29030,1980,175,2155,418,18,2591,1993,146,2139,760,29,2928,-337,-0.5143860184690529,-342,-0.5220178585056857,5,0.007631840036632831
283819,兵庫県,加古郡稲美町,15002,15489,30491,13305,894,107,1001,178,8,1187,814,80,894,383,18,1295,-108,-0.3529527108729043,-205,-0.6699565345272721,97,0.3170038236543678
283827,兵庫県,加古郡播磨町,16961,17726,34687,15725,1086,68,1154,240,10,1404,1179,66,1245,377,11,1633,-229,-0.6558597777523199,-137,-0.39237026005269793,-92,-0.263489517699622
284408,兵庫県,神崎郡,19009,20368,39377,17192,985,232,1217,179,4,1400,1303,166,1469,590,19,2078,-678,-1.6926725752090876,-411,-1.0260891274497566,-267,-0.666583447759331
284424,兵庫県,神崎郡市川町,5211,5449,10660,4862,186,33,219,28,2,249,272,25,297,182,7,486,-237,-2.1749105258327983,-154,-1.4132329999082316,-83,-0.7616775259245664
284432,兵庫県,神崎郡福崎町,8977,9596,18573,8114,626,120,746,115,1,862,693,112,805,239,12,1056,-194,-1.0337294186604145,-124,-0.6607342675973783,-70,-0.37299515106303616
284467,兵庫県,神崎郡神河町,4821,5323,10144,4216,173,79,252,36,1,289,338,29,367,169,0,536,-247,-2.3770570686170727,-133,-1.2799538061784237,-114,-1.097103262438649
284602,兵庫県,揖保郡,16369,17045,33414,14281,1060,89,1149,205,11,1365,1071,58,1129,381,18,1528,-163,-0.4854513506269172,-176,-0.5241683295112727,13,0.03871697888435536
284645,兵庫県,揖保郡太子町,16369,17045,33414,14281,1060,89,1149,205,11,1365,1071,58,1129,381,18,1528,-163,-0.4854513506269172,-176,-0.5241683295112727,13,0.03871697888435536
284807,兵庫県,赤穂郡,6625,6918,13543,6354,281,46,327,34,1,362,453,41,494,235,3,732,-370,-2.6593833105728453,-201,-1.444692014662546,-169,-1.2146912959102998
284815,兵庫県,赤穂郡上郡町,6625,6918,13543,6354,281,46,327,34,1,362,453,41,494,235,3,732,-370,-2.6593833105728453,-201,-1.444692014662546,-169,-1.2146912959102998
285005,兵庫県,佐用郡,7119,7608,14727,6750,226,89,315,36,2,353,418,31,449,343,0,792,-439,-2.89463273110906,-307,-2.0242648028484767,-132,-0.8703679282605828
285013,兵庫県,佐用郡佐用町,7119,7608,14727,6750,226,89,315,36,2,353,418,31,449,343,0,792,-439,-2.89463273110906,-307,-2.0242648028484767,-132,-0.8703679282605828
285803,兵庫県,美方郡,13431,14701,28132,11923,440,93,533,91,7,631,634,44,678,561,11,1250,-619,-2.152968592396786,-470,-1.6347257486696114,-149,-0.5182428437271747
285854,兵庫県,美方郡香美町,7278,8025,15303,6341,237,50,287,49,6,342,350,26,376,318,2,696,-354,-2.260969534393562,-269,-1.7180813693555599,-85,-0.5428881650380022
285862,兵庫県,美方郡新温泉町,6153,6676,12829,5582,203,43,246,42,1,289,284,18,302,243,9,554,-265,-2.0238277073468764,-201,-1.5350542233083857,-64,-0.48877348403849086
290009,奈良県,-,617325,686542,1303867,613342,38303,4664,42967,6762,456,50185,40651,2966,43617,17410,498,61525,-11340,-0.8622216882969753,-10648,-0.8096063965596291,-692,-0.05261529173734629
292010,奈良県,奈良市,162049,185138,347187,168704,10679,1431,12110,1772,73,13955,10526,988,11514,4524,115,16153,-2198,-0.6291054281093922,-2752,-0.7876697625828242,554,0.15856433447343188
292028,奈良県,大和高田市,29002,32816,61818,31348,1995,211,2206,272,20,2498,2088,99,2187,878,28,3093,-595,-0.9533270312274686,-606,-0.9709515645778923,11,0.017624533350423792
292036,奈良県,大和郡山市,39062,43536,82598,39659,2537,246,2783,416,8,3207,2486,147,2633,1195,36,3864,-657,-0.7891417932856885,-779,-0.9356795387664405,122,0.1465377454807519
292044,奈良県,天理市,29700,30986,60686,29401,2127,306,2433,341,53,2827,2463,196,2659,780,30,3469,-642,-1.0468301591442735,-439,-0.715823115053483,-203,-0.33100704409079046
292052,奈良県,橿原市,56240,62316,118556,56085,3741,493,4234,733,17,4984,4084,153,4237,1397,44,5678,-694,-0.5819706498951782,-664,-0.5568134171907757,-30,-0.025157232704402514
292061,奈良県,桜井市,25648,28624,54272,25645,1495,36,1531,261,58,1850,1575,71,1646,793,17,2456,-606,-1.1042676482379097,-532,-0.9694230839316302,-74,-0.13484456430627936
292079,奈良県,五條市,12879,14021,26900,13316,568,99,667,67,7,741,743,76,819,491,8,1318,-577,-2.0999381300724242,-424,-1.5431087818903082,-153,-0.5568293481821159
292087,奈良県,御所市,10861,12283,23144,11959,552,153,705,89,18,812,776,50,826,508,11,1345,-533,-2.2511297884022468,-419,-1.7696498711830044,-114,-0.4814799172192423
292095,奈良県,生駒市,55318,61235,116553,51898,3238,405,3643,602,37,4282,3516,354,3870,1136,55,5061,-779,-0.6639279991818089,-534,-0.45511880816827466,-245,-0.20880919101353423
292109,奈良県,香芝市,37361,40963,78324,33208,2373,152,2525,567,32,3124,2501,127,2628,733,24,3385,-261,-0.332124451231151,-166,-0.21123624101291594,-95,-0.12088821021823504
292117,奈良県,葛城市,18177,19617,37794,15840,1003,117,1120,265,12,1397,980,60,1040,454,14,1508,-111,-0.2928373565492679,-189,-0.4986149584487534,78,0.20577760189948555
292125,奈良県,宇陀市,12807,13887,26694,12654,449,204,653,71,7,731,784,46,830,543,10,1383,-652,-2.384260952241644,-472,-1.7260294010092885,-180,-0.6582315512323558
293202,奈良県,山辺郡,1470,1585,3055,1305,67,1,68,8,0,76,70,3,73,77,1,151,-75,-2.3961661341853033,-69,-2.2044728434504792,-6,-0.19169329073482427
293229,奈良県,山辺郡山添村,1470,1585,3055,1305,67,1,68,8,0,76,70,3,73,77,1,151,-75,-2.3961661341853033,-69,-2.2044728434504792,-6,-0.19169329073482427
293407,奈良県,生駒郡,35806,39696,75502,34929,2311,232,2543,395,28,2966,2240,174,2414,1013,25,3452,-486,-0.6395746696846871,-618,-0.8132863083644786,132,0.17371163867979156
293423,奈良県,生駒郡平群町,8538,9604,18142,8231,456,41,497,91,4,592,462,41,503,263,3,769,-177,-0.9662099459577488,-172,-0.9389158796877559,-5,-0.027294066269992905
293431,奈良県,生駒郡三郷町,10678,11671,22349,10802,791,85,876,117,10,1003,755,51,806,321,6,1133,-130,-0.5783175408158726,-204,-0.9075136794341385,74,0.32919613861826597
293440,奈良県,生駒郡斑鳩町,13286,14750,28036,12292,824,57,881,162,12,1055,774,50,824,320,9,1153,-98,-0.3483329778915192,-158,-0.5615980663965309,60,0.21326508850501172
293458,奈良県,生駒郡安堵町,3304,3671,6975,3604,240,49,289,25,2,316,249,32,281,109,7,397,-81,-1.1479591836734695,-84,-1.1904761904761905,3,0.04251700680272109
293601,奈良県,磯城郡,21989,23798,45787,20280,1344,137,1481,267,29,1777,1408,96,1504,622,30,2156,-379,-0.8209504830394663,-355,-0.7689641727678378,-24,-0.051986310271628464
293610,奈良県,磯城郡川西町,3876,4110,7986,3595,204,16,220,28,3,251,234,17,251,105,3,359,-108,-1.3343217197924389,-77,-0.9513219668890537,-31,-0.3829997529033852
293628,奈良県,磯城郡三宅町,3073,3349,6422,3060,180,27,207,31,11,249,196,18,214,106,9,329,-80,-1.2303906490310674,-75,-1.1534912334666256,-5,-0.07689941556444171
293636,奈良県,磯城郡田原本町,15040,16339,31379,13625,960,94,1054,208,15,1277,978,61,1039,411,18,1468,-191,-0.6050047513462148,-203,-0.6430155210643016,12,0.03801076971808679
293806,奈良県,宇陀郡,1221,1396,2617,1402,73,1,74,8,0,82,83,4,87,86,0,173,-91,-3.360413589364845,-78,-2.880354505169867,-13,-0.48005908419497784
293857,奈良県,宇陀郡曽爾村,583,687,1270,643,40,0,40,4,0,44,39,0,39,31,0,70,-26,-2.006172839506173,-27,-2.083333333333333,1,0.07716049382716049
293865,奈良県,宇陀郡御杖村,638,709,1347,759,33,1,34,4,0,38,44,4,48,55,0,103,-65,-4.603399433427762,-51,-3.6118980169971673,-14,-0.9915014164305949
294004,奈良県,高市郡,5286,5808,11094,5008,181,58,239,35,6,280,317,11,328,212,1,541,-261,-2.298546895640687,-177,-1.5587846763540292,-84,-0.7397622192866579
294012,奈良県,高市郡高取町,2861,3184,6045,2819,91,52,143,15,6,164,193,4,197,108,1,306,-142,-2.2951349604008406,-93,-1.503151769839987,-49,-0.7919831905608534
294021,奈良県,高市郡明日香村,2425,2624,5049,2189,90,6,96,20,0,116,124,7,131,104,0,235,-119,-2.302631578947368,-84,-1.6253869969040249,-35,-0.6772445820433437
294209,奈良県,北葛城郡,45839,50646,96485,42960,2784,253,3037,516,45,3598,2860,205,3065,1207,43,4315,-717,-0.7376391432275057,-691,-0.710890722413119,-26,-0.026748420814386532
294241,奈良県,北葛城郡上牧町,10044,11113,21157,10088,660,73,733,79,16,828,660,48,708,321,9,1038,-210,-0.982823980905134,-242,-1.1325876351382973,32,0.1497636542331633
294250,奈良県,北葛城郡王寺町,11216,12478,23694,10796,806,58,864,149,3,1016,874,60,934,243,3,1180,-164,-0.6874004526783469,-94,-0.3939978204375891,-70,-0.2934026322407578
294268,奈良県,北葛城郡広陵町,16840,18180,35020,14117,866,90,956,219,19,1194,889,70,959,362,12,1333,-139,-0.3953468528683978,-143,-0.40672374072072587,4,0.011376887852327997
294276,奈良県,北葛城郡河合町,7739,8875,16614,7959,452,32,484,69,7,560,437,27,464,281,19,764,-204,-1.2129860863360684,-212,-1.2605541681531691,8,0.047568081817100726
294403,奈良県,吉野郡,16610,18191,34801,17741,786,129,915,77,6,998,1151,106,1257,761,6,2024,-1026,-2.8637619672314174,-684,-1.9091746448209452,-342,-0.9545873224104726
294411,奈良県,吉野郡吉野町,2695,3139,5834,2993,85,9,94,15,0,109,147,18,165,145,1,311,-202,-3.3465871438038435,-130,-2.1537442014579193,-72,-1.1928429423459244
294420,奈良県,吉野郡大淀町,7563,8234,15797,7360,332,77,409,40,3,452,471,52,523,275,4,802,-350,-2.1675853099646996,-235,-1.4553787081191552,-115,-0.7122066018455441
294438,奈良県,吉野郡下市町,2075,2330,4405,2229,72,8,80,4,2,86,159,11,170,106,0,276,-190,-4.134929270946682,-102,-2.219804134929271,-88,-1.9151251360174104
294446,奈良県,吉野郡黒滝村,284,305,589,327,18,2,20,2,0,22,27,2,29,16,0,45,-23,-3.758169934640523,-14,-2.287581699346405,-9,-1.4705882352941175
294462,奈良県,吉野郡天川村,571,623,1194,637,39,10,49,0,1,50,48,9,57,29,1,87,-37,-3.0056864337936635,-29,-2.3558082859463854,-8,-0.6498781478472786
294471,奈良県,吉野郡野迫川村,159,163,322,205,19,4,23,1,0,24,21,0,21,15,0,36,-12,-3.592814371257485,-14,-4.191616766467066,2,0.5988023952095809
294497,奈良県,吉野郡十津川村,1400,1357,2757,1610,101,2,103,7,0,110,134,3,137,66,0,203,-93,-3.263157894736842,-59,-2.070175438596491,-34,-1.1929824561403508
294501,奈良県,吉野郡下北山村,371,425,796,509,29,0,29,1,0,30,26,0,26,19,0,45,-15,-1.8495684340320593,-18,-2.219482120838471,3,0.36991368680641185
294519,奈良県,吉野郡上北山村,221,200,421,283,21,0,21,3,0,24,33,0,33,10,0,43,-19,-4.318181818181818,-7,-1.5909090909090908,-12,-2.727272727272727
294527,奈良県,吉野郡川上村,568,620,1188,717,42,8,50,3,0,53,53,7,60,38,0,98,-45,-3.64963503649635,-35,-2.83860502838605,-10,-0.8110300081103
294535,奈良県,吉野郡東吉野村,703,795,1498,871,28,9,37,1,0,38,32,4,36,42,0,78,-40,-2.600780234070221,-41,-2.665799739921977,1,0.06501950585175553
300004,和歌山県,-,426826,474367,901193,443306,21144,2361,23505,4516,247,28268,24143,1359,25502,14673,197,40372,-12104,-1.3253081965669438,-10157,-1.11212453342122,-1947,-0.2131836631457237
302015,和歌山県,和歌山市,167118,185823,352941,177025,7395,1031,8426,2021,110,10557,8184,561,8745,5251,92,14088,-3531,-0.9905406315222514,-3230,-0.9061020220381966,-301,-0.08443860948405485
302023,和歌山県,海南市,21723,24769,46492,21920,1119,44,1163,194,22,1379,1177,50,1227,808,10,2045,-666,-1.4122736333177828,-614,-1.302006022307986,-52,-0.11026761100979686
302031,和歌山県,橋本市,27812,30980,58792,27482,1319,134,1453,267,11,1731,1454,87,1541,866,7,2414,-683,-1.148381672971837,-599,-1.0071458596048761,-84,-0.1412358133669609
302040,和歌山県,有田市,12031,13199,25230,11643,480,51,531,97,3,631,646,29,675,445,2,1122,-491,-1.9089459974340033,-348,-1.3529800552078068,-143,-0.5559659422261964
302058,和歌山県,御坊市,10022,11052,21074,10697,502,83,585,98,17,700,740,65,805,359,2,1166,-466,-2.1634168987929434,-261,-1.2116991643454038,-205,-0.9517177344475394
302066,和歌山県,田辺市,31676,35640,67316,34789,1592,144,1736,319,5,2060,1928,85,2013,1170,9,3192,-1132,-1.6538101916783545,-851,-1.243279569892473,-281,-0.41053062178588123
302074,和歌山県,新宮市,12025,13797,25822,14184,733,33,766,98,7,871,855,19,874,504,4,1382,-511,-1.9405308927961114,-406,-1.5417916682489652,-105,-0.39873922454714616
302082,和歌山県,紀の川市,28054,30866,58920,27221,1415,146,1561,268,5,1834,1486,78,1564,911,17,2492,-658,-1.1044345228104335,-643,-1.0792574440229614,-15,-0.02517707878747189
302091,和歌山県,岩出市,25949,27951,53900,24855,1714,133,1847,327,17,2191,1698,77,1775,564,11,2350,-159,-0.29412308773747203,-237,-0.43840988549547716,78,0.14428679775800515
303003,和歌山県,海草郡,3591,4120,7711,3962,135,17,152,21,0,173,194,12,206,168,0,374,-201,-2.540444893832154,-147,-1.8579373104145602,-54,-0.6825075834175935
303046,和歌山県,海草郡紀美野町,3591,4120,7711,3962,135,17,152,21,0,173,194,12,206,168,0,374,-201,-2.540444893832154,-147,-1.8579373104145602,-54,-0.6825075834175935
303402,和歌山県,伊都郡,10223,11441,21664,10509,548,25,573,66,4,643,674,24,698,467,3,1168,-525,-2.36603722565235,-401,-1.8072017666411286,-124,-0.5588354590112218
303411,和歌山県,伊都郡かつらぎ町,7242,8057,15299,7129,321,15,336,52,1,389,382,18,400,314,1,715,-326,-2.0864000000000003,-262,-1.6768,-64,-0.40959999999999996
303437,和歌山県,伊都郡九度山町,1708,2052,3760,1858,110,0,110,7,0,117,140,1,141,104,0,245,-128,-3.292181069958848,-97,-2.4948559670781894,-31,-0.7973251028806585
303445,和歌山県,伊都郡高野町,1273,1332,2605,1522,117,10,127,7,3,137,152,5,157,49,2,208,-71,-2.6532137518684604,-42,-1.5695067264573992,-29,-1.0837070254110615
303607,和歌山県,有田郡,19917,22171,42088,18756,846,60,906,241,9,1156,1108,55,1163,803,3,1969,-813,-1.89506072119531,-562,-1.3099927740612107,-251,-0.5850679471340994
303615,和歌山県,有田郡湯浅町,5045,5686,10731,5246,248,23,271,41,4,316,303,17,320,209,0,529,-213,-1.9462719298245617,-168,-1.5350877192982455,-45,-0.41118421052631576
303623,和歌山県,有田郡広川町,3042,3361,6403,2856,124,15,139,25,4,168,170,10,180,128,2,310,-142,-2.1695951107715814,-103,-1.573720397249809,-39,-0.5958747135217723
303666,和歌山県,有田郡有田川町,11830,13124,24954,10654,474,22,496,175,1,672,635,28,663,466,1,1130,-458,-1.8022981268691958,-291,-1.1451282858492051,-167,-0.6571698410199905
303801,和歌山県,日高郡,22695,24731,47426,21214,1173,139,1312,224,7,1543,1446,84,1530,924,10,2464,-921,-1.9049785922601197,-700,-1.4478664653442819,-221,-0.45711212691583764
303810,和歌山県,日高郡美浜町,2946,3378,6324,3005,219,28,247,20,0,267,266,6,272,123,0,395,-128,-1.9838809671419715,-103,-1.5964042157470553,-25,-0.38747675139491633
303828,和歌山県,日高郡日高町,3821,4132,7953,3356,262,4,266,61,1,328,232,2,234,127,0,361,-33,-0.4132231404958678,-66,-0.8264462809917356,33,0.4132231404958678
303836,和歌山県,日高郡由良町,2494,2541,5035,2596,104,6,110,20,0,130,170,7,177,101,0,278,-148,-2.855489098977426,-81,-1.56280146633224,-67,-1.2926876326451862
303909,和歌山県,日高郡印南町,3640,3996,7636,3374,143,27,170,35,1,206,177,10,187,134,6,327,-121,-1.5598813974474668,-99,-1.2762665979115637,-22,-0.2836147995359031
303917,和歌山県,日高郡みなべ町,5469,6047,11516,4808,222,55,277,44,1,322,300,41,341,229,3,573,-251,-2.1330840486105207,-185,-1.5721934222826548,-66,-0.560890626327866
303925,和歌山県,日高郡日高川町,4325,4637,8962,4075,223,19,242,44,4,290,301,18,319,210,1,530,-240,-2.6081286676809388,-166,-1.8039556618126493,-74,-0.8041730058682895
304000,和歌山県,西牟婁郡,18529,20378,38907,20628,1359,207,1566,175,18,1759,1538,91,1629,689,22,2340,-581,-1.4713330632090762,-514,-1.3016612641815235,-67,-0.16967179902755267
304018,和歌山県,西牟婁郡白浜町,9357,10396,19753,11067,735,160,895,60,14,969,917,70,987,383,7,1377,-408,-2.0237091414116364,-323,-1.602103070284212,-85,-0.42160607112742426
304042,和歌山県,西牟婁郡上富田町,7504,8179,15683,7580,555,33,588,103,2,693,491,16,507,208,15,730,-37,-0.2353689567430025,-105,-0.6679389312977099,68,0.43256997455470736
304069,和歌山県,西牟婁郡すさみ町,1668,1803,3471,1981,69,14,83,12,2,97,130,5,135,98,0,233,-136,-3.770446354311062,-86,-2.384252841696701,-50,-1.386193512614361
304204,和歌山県,東牟婁郡,15461,17449,32910,18421,814,114,928,100,12,1040,1015,42,1057,744,5,1806,-766,-2.274616937878608,-644,-1.9123411331512057,-122,-0.3622758047274023
304212,和歌山県,東牟婁郡那智勝浦町,6306,7162,13468,7381,338,66,404,49,3,456,428,26,454,312,0,766,-310,-2.2499637102627377,-263,-1.9088401799970969,-47,-0.3411235302656409
304221,和歌山県,東牟婁郡太地町,1271,1563,2834,1554,119,13,132,12,2,146,78,3,81,75,0,156,-10,-0.35161744022503516,-63,-2.2151898734177213,53,1.8635724331926864
304247,和歌山県,東牟婁郡古座川町,1088,1214,2302,1349,53,14,67,0,0,67,67,3,70,55,3,128,-61,-2.581464240372408,-55,-2.3275497249259414,-6,-0.25391451544646637
304271,和歌山県,東牟婁郡北山村,182,200,382,241,14,0,14,2,0,16,14,3,17,11,0,28,-12,-3.0456852791878175,-9,-2.284263959390863,-3,-0.7614213197969544
304280,和歌山県,東牟婁郡串本町,6614,7310,13924,7896,290,21,311,37,7,355,428,7,435,291,2,728,-373,-2.6089389382387913,-254,-1.7765964887738688,-119,-0.8323424494649228
310000,鳥取県,-,256002,278000,534003,241254,13138,1452,14590,3112,113,17815,15005,775,15780,8032,207,24019,-6204,-1.1484486502396303,-4920,-0.9107619856832658,-1284,-0.2376866645563645
312011,鳥取県,鳥取市,86492,92723,179215,82091,3658,507,4165,1051,26,5242,4419,275,4694,2448,88,7230,-1988,-1.0971120787183435,-1397,-0.7709585382140473,-591,-0.3261535405042963
312029,鳥取県,米子市,68726,75330,144056,68928,4395,349,4744,1022,30,5796,4828,171,4999,1880,24,6903,-1107,-0.7625910183724504,-858,-0.5910597052968043,-249,-0.17153131307564598
312037,鳥取県,倉吉市,20692,22971,43663,20525,1128,77,1205,246,2,1453,1276,53,1329,661,12,2002,-549,-1.2417443228082874,-415,-0.9386591875508912,-134,-0.3030851352573962
312045,鳥取県,境港市,15641,16828,32469,15530,997,119,1116,185,8,1309,953,67,1020,489,27,1536,-227,-0.6942745289943724,-304,-0.9297773427942256,77,0.2355028137998532
313009,鳥取県,岩美郡,5211,5558,10769,4522,253,38,291,48,1,340,259,24,283,185,6,474,-134,-1.2290195359075484,-137,-1.2565348986517473,3,0.027515362744198843
313025,鳥取県,岩美郡岩美町,5211,5558,10769,4522,253,38,291,48,1,340,259,24,283,185,6,474,-134,-1.2290195359075484,-137,-1.2565348986517473,3,0.027515362744198843
313203,鳥取県,八頭郡,11587,12701,24288,10009,446,95,541,83,10,634,589,31,620,483,14,1117,-483,-1.9498607242339834,-400,-1.6147914900488476,-83,-0.33506923418513584
313254,鳥取県,八頭郡若桜町,1281,1390,2671,1254,48,22,70,7,0,77,73,13,86,74,12,172,-95,-3.434562545191613,-67,-2.4222704266088213,-28,-1.0122921185827911
313289,鳥取県,八頭郡智頭町,2858,3271,6129,2682,110,53,163,15,3,181,150,11,161,147,1,309,-128,-2.0457088061371262,-132,-2.1096372063289115,4,0.0639284001917852
313297,鳥取県,八頭郡八頭町,7448,8040,15488,6073,288,20,308,61,7,376,366,7,373,262,1,636,-260,-1.651003302006604,-201,-1.2763525527051054,-59,-0.3746507493014986
313602,鳥取県,東伯郡,24875,27042,51918,20936,1083,160,1243,269,25,1537,1356,81,1437,923,21,2381,-844,-1.5996361017398886,-654,-1.2395284485046056,-190,-0.360107653235283
313645,鳥取県,東伯郡三朝町,2803,2985,5788,2467,83,12,95,19,0,114,118,14,132,127,3,262,-148,-2.4932614555256065,-108,-1.8194070080862534,-40,-0.6738544474393532
313700,鳥取県,東伯郡湯梨浜町,7786,8432,16219,6528,471,14,485,115,6,606,455,15,470,247,4,721,-115,-0.7040528958001714,-132,-0.8081302803967185,17,0.10407738459654708
313718,鳥取県,東伯郡琴浦町,7486,8298,15784,6455,241,114,355,62,16,433,462,30,492,313,9,814,-381,-2.3569440148468916,-251,-1.5527373956077946,-130,-0.8042066192390969
313726,鳥取県,東伯郡北栄町,6800,7327,14127,5486,288,20,308,73,3,384,321,22,343,236,5,584,-200,-1.3959656592447827,-163,-1.137712012284498,-37,-0.2582536469602848
313807,鳥取県,西伯郡,18568,20078,38646,14639,976,90,1066,177,9,1252,1045,67,1112,720,11,1843,-591,-1.5062313632540714,-543,-1.3838978515177003,-48,-0.12233351173637128
313840,鳥取県,西伯郡日吉津村,1715,1901,3616,1296,165,3,168,28,3,199,162,2,164,39,0,203,-4,-0.11049723756906078,-11,-0.30386740331491713,7,0.19337016574585636
313866,鳥取県,西伯郡大山町,7153,7633,14786,5563,288,53,341,65,4,410,318,25,343,324,5,672,-262,-1.7410951621477937,-259,-1.7211589580010633,-3,-0.019936204146730464
313891,鳥取県,西伯郡南部町,4835,5264,10099,3903,252,20,272,38,2,312,273,32,305,176,4,485,-173,-1.6841900311526479,-138,-1.3434579439252337,-35,-0.3407320872274143
313904,鳥取県,西伯郡伯耆町,4865,5280,10145,3877,271,14,285,46,0,331,292,8,300,181,2,483,-152,-1.476158104302224,-135,-1.311061474215791,-17,-0.16509663008643294
314005,鳥取県,日野郡,4210,4769,8979,4074,202,17,219,31,2,252,280,6,286,243,4,533,-281,-3.0345572354211665,-212,-2.289416846652268,-69,-0.7451403887688984
314013,鳥取県,日野郡日南町,1838,2027,3865,1821,76,5,81,16,1,98,112,1,113,114,4,231,-133,-3.326663331665833,-98,-2.451225612806403,-35,-0.8754377188594297
314021,鳥取県,日野郡日野町,1213,1422,2635,1252,57,4,61,5,0,66,99,0,99,74,0,173,-107,-3.902261123267688,-69,-2.516411378555799,-38,-1.3858497447118892
314030,鳥取県,日野郡江府町,1159,1320,2479,1001,69,8,77,10,1,88,69,5,74,55,0,129,-41,-1.6269841269841272,-45,-1.7857142857142856,4,0.15873015873015872
320005,島根県,-,309844,332746,642590,293821,17108,2170,19278,3730,143,23151,19230,1294,20524,10413,248,31185,-8034,-1.2348145780051152,-6683,-1.0271677650993507,-1351,-0.2076468129057643
322016,島根県,松江市,93533,100780,194313,91956,5478,495,5973,1259,52,7284,5974,272,6246,2687,59,8992,-1708,-0.8713352140842052,-1428,-0.7284933757097454,-280,-0.14284183837445988
322024,島根県,浜田市,23312,25264,48576,24997,1352,149,1501,254,23,1778,1837,84,1921,936,23,2880,-1102,-2.2182857602963084,-682,-1.3728410966625064,-420,-0.8454446636338017
322032,島根県,出雲市,83900,88427,172327,70703,4769,990,5759,1262,15,7036,4393,544,4937,2288,91,7316,-280,-0.16221821826461266,-1026,-0.5944138997839021,746,0.4321956815192895
322041,島根県,益田市,20325,22661,42986,21143,1036,111,1147,216,4,1367,1226,71,1297,786,6,2089,-722,-1.651871510936213,-570,-1.3041090875812207,-152,-0.34776242335499225
322059,島根県,大田市,15162,16313,31475,15277,666,117,783,136,6,925,931,80,1011,631,3,1645,-720,-2.236372107470104,-495,-1.5375058238856967,-225,-0.6988662835844075
322067,島根県,安来市,16940,18172,35112,14253,608,56,664,137,17,818,873,57,930,628,3,1561,-743,-2.07223539255334,-491,-1.3694045460884117,-252,-0.7028308464649282
322075,島根県,江津市,9943,11259,21202,10902,542,66,608,93,4,705,754,48,802,426,26,1254,-549,-2.524021884051308,-333,-1.5309640936048916,-216,-0.9930577904464163
322091,島根県,雲南市,16668,17758,34426,13557,639,69,708,141,3,852,845,25,870,635,6,1511,-659,-1.8782955679065128,-494,-1.4080091207068548,-165,-0.470286447199658
323403,島根県,仁多郡,5327,5750,11077,4658,264,20,284,23,0,307,325,9,334,230,5,569,-262,-2.310609401181762,-207,-1.8255578093306288,-55,-0.4850515918511333
323438,島根県,仁多郡奥出雲町,5327,5750,11077,4658,264,20,284,23,0,307,325,9,334,230,5,569,-262,-2.310609401181762,-207,-1.8255578093306288,-55,-0.4850515918511333
323802,島根県,飯石郡,2068,2287,4355,1986,113,8,121,14,0,135,157,5,162,100,0,262,-127,-2.8335564480142796,-86,-1.9187862561356537,-41,-0.9147701918786256
323861,島根県,飯石郡飯南町,2068,2287,4355,1986,113,8,121,14,0,135,157,5,162,100,0,262,-127,-2.8335564480142796,-86,-1.9187862561356537,-41,-0.9147701918786256
324400,島根県,邑智郡,7931,8552,16483,8208,449,27,476,62,8,546,530,30,560,391,14,965,-419,-2.4789965684534376,-329,-1.9465152053011476,-90,-0.5324813631522897
324418,島根県,邑智郡川本町,1419,1563,2982,1595,148,12,160,13,0,173,163,2,165,60,0,225,-52,-1.7139090309822018,-47,-1.5491100856954514,-5,-0.16479894528675015
324485,島根県,邑智郡美郷町,1958,2076,4034,2008,96,3,99,14,3,116,110,3,113,101,2,216,-100,-2.418964683115626,-87,-2.1044992743105952,-13,-0.3144654088050315
324493,島根県,邑智郡邑南町,4554,4913,9467,4605,205,12,217,35,5,257,257,25,282,230,12,524,-267,-2.742962810766386,-195,-2.003287446065338,-72,-0.7396753647010479
325007,島根県,鹿足郡,5680,6264,11944,6200,404,29,433,46,1,480,512,46,558,274,4,836,-356,-2.8943089430894307,-228,-1.8536585365853657,-128,-1.040650406504065
325015,島根県,鹿足郡津和野町,2999,3374,6373,3245,202,10,212,17,1,230,273,15,288,152,0,440,-210,-3.1900349384778974,-135,-2.050736746164363,-75,-1.139298192313535
325058,島根県,鹿足郡吉賀町,2681,2890,5571,2955,202,19,221,29,0,250,239,31,270,122,4,396,-146,-2.5537869511981808,-93,-1.6267273045303483,-53,-0.9270596466678327
325201,島根県,隠岐郡,9055,9259,18314,9981,788,33,821,87,10,918,873,23,896,401,8,1305,-387,-2.069408053045292,-314,-1.6790545960109087,-73,-0.3903534570343832
325252,島根県,隠岐郡海士町,1051,1158,2209,1280,193,11,204,11,1,216,182,5,187,34,0,221,-5,-0.22583559168925021,-23,-1.038843721770551,18,0.8130081300813009
325261,島根県,隠岐郡西ノ島町,1265,1230,2495,1480,127,11,138,8,5,151,131,10,141,63,0,204,-53,-2.0800627943485086,-55,-2.1585557299843012,2,0.07849293563579278
325279,島根県,隠岐郡知夫村,290,284,574,351,46,0,46,4,0,50,54,0,54,14,0,68,-18,-3.040540540540541,-10,-1.6891891891891893,-8,-1.3513513513513513
325287,島根県,隠岐郡隠岐の島町,6449,6587,13036,6870,422,11,433,64,4,501,506,8,514,290,8,812,-311,-2.3301116355735374,-226,-1.6932644039859144,-85,-0.6368472315876227
330001,岡山県,-,887490,947988,1835478,873733,59064,10212,69276,11087,189,80552,64700,4581,69281,25576,1342,96199,-15647,-0.8452697683840907,-14489,-0.7827132149368627,-1158,-0.06255655344722803
331007,岡山県,岡山市,334689,361001,695690,342192,29931,5100,35031,4664,49,39744,31902,1930,33832,8197,696,42725,-2981,-0.4266672010144975,-3533,-0.5056743445770613,552,0.07900714356256378
331015,岡山県,岡山市北区,142251,151947,294198,151639,14931,3256,18187,2049,26,20262,15930,976,16906,3456,475,20837,-575,-0.19506535537515307,-1407,-0.477316443500592,832,0.28225108812543886
331023,岡山県,岡山市中区,69288,76552,145840,70325,5980,582,6562,1038,8,7608,6223,313,6536,1646,58,8240,-632,-0.43148178491452294,-608,-0.4150964006772626,-24,-0.016385384237260363
331031,岡山県,岡山市東区,43438,47742,91180,42682,3096,631,3727,497,3,4227,3427,307,3734,1210,88,5032,-805,-0.8751426863075501,-713,-0.775126379300973,-92,-0.10001630700657717
331040,岡山県,岡山市南区,79712,84760,164472,77546,5924,631,6555,1080,12,7647,6322,334,6656,1885,75,8616,-969,-0.5857072914211109,-805,-0.48657829679462766,-164,-0.09912899462648314
332020,岡山県,倉敷市,230829,242841,473670,221451,11661,2073,13734,3321,54,17109,12364,832,13196,5852,305,19353,-2244,-0.4715137608895725,-2531,-0.5318187739801729,287,0.06030501309060041
332038,岡山県,津山市,45770,49260,95030,45556,2613,247,2860,533,13,3406,3041,167,3208,1429,53,4690,-1284,-1.3331395228108063,-896,-0.9302905081296593,-388,-0.4028490146811471
332046,岡山県,玉野市,26418,27712,54130,26981,1293,212,1505,215,6,1726,1482,104,1586,921,35,2542,-816,-1.4850944563753503,-706,-1.2848978997561242,-110,-0.20019655661922617
332054,岡山県,笠岡市,21241,22789,44030,21855,1105,194,1299,130,6,1435,1244,112,1356,793,29,2178,-743,-1.6594822772653162,-663,-1.480803162620329,-80,-0.17867911464498695
332071,岡山県,井原市,17582,19088,36670,16601,723,135,858,173,1,1032,932,83,1015,702,41,1758,-726,-1.9413841052518988,-529,-1.4145897957000748,-197,-0.5267943095518237
332089,岡山県,総社市,33851,35774,69625,29990,2252,544,2796,492,5,3293,2180,293,2473,889,37,3399,-106,-0.1520127346517331,-397,-0.5693307137428116,291,0.41731797909107854
332097,岡山県,高梁市,12649,13371,26020,13140,691,177,868,68,5,941,1022,171,1193,583,6,1782,-841,-3.130933323405681,-515,-1.9172778377573432,-326,-1.2136554856483377
332101,岡山県,新見市,12405,13534,25939,12536,540,99,639,91,6,736,825,61,886,565,3,1454,-718,-2.6934763851896313,-474,-1.778144577409311,-244,-0.9153318077803204
332119,岡山県,備前市,14951,15865,30816,15357,805,248,1053,102,0,1155,1035,147,1182,568,0,1750,-595,-1.8942408710324408,-466,-1.4835567158001974,-129,-0.4106841552322435
332127,岡山県,瀬戸内市,17559,18601,36160,16288,1174,413,1587,168,5,1760,1306,152,1458,607,19,2084,-324,-0.8880605196798597,-439,-1.2032671856156123,115,0.3152066659357527
332135,岡山県,赤磐市,20391,22099,42490,18846,1053,106,1159,200,3,1362,1144,68,1212,616,17,1845,-483,-1.1239615572568822,-416,-0.9680497056291159,-67,-0.15591185162776627
332143,岡山県,真庭市,19651,21127,40778,17562,781,87,868,183,8,1059,1046,41,1087,846,33,1966,-907,-2.175842629243133,-663,-1.5905001799208347,-244,-0.5853424493222982
332151,岡山県,美作市,12052,12834,24886,12217,607,108,715,70,4,789,814,91,905,513,9,1427,-638,-2.499608211879016,-443,-1.735621375959881,-195,-0.763986835919135
332160,岡山県,浅口市,15757,16768,32525,14449,806,80,886,142,4,1032,869,52,921,551,22,1494,-462,-1.400551732500682,-409,-1.2398823779064478,-53,-0.1606693545942341
333409,岡山県,和気郡,6203,6668,12871,6273,357,68,425,40,3,468,409,44,453,285,10,748,-280,-2.1291156566040605,-245,-1.862976199528553,-35,-0.26613945707550757
333468,岡山県,和気郡和気町,6203,6668,12871,6273,357,68,425,40,3,468,409,44,453,285,10,748,-280,-2.1291156566040605,-245,-1.862976199528553,-35,-0.26613945707550757
334201,岡山県,都窪郡,6150,6598,12748,5297,457,14,471,97,0,568,439,10,449,131,4,584,-16,-0.12535255405828893,-34,-0.266374177373864,18,0.14102162331557505
334235,岡山県,都窪郡早島町,6150,6598,12748,5297,457,14,471,97,0,568,439,10,449,131,4,584,-16,-0.12535255405828893,-34,-0.266374177373864,18,0.14102162331557505
334405,岡山県,浅口郡,5287,5596,10883,4665,271,30,301,61,1,363,305,26,331,155,1,487,-124,-1.126555828109385,-94,-0.854001998728082,-30,-0.2725538293813028
334456,岡山県,浅口郡里庄町,5287,5596,10883,4665,271,30,301,61,1,363,305,26,331,155,1,487,-124,-1.126555828109385,-94,-0.854001998728082,-30,-0.2725538293813028
334600,岡山県,小田郡,6333,6768,13101,5514,336,63,399,57,8,464,324,81,405,226,5,636,-172,-1.2958637836208846,-169,-1.2732615083251715,-3,-0.0226022752957131
334618,岡山県,小田郡矢掛町,6333,6768,13101,5514,336,63,399,57,8,464,324,81,405,226,5,636,-172,-1.2958637836208846,-169,-1.2732615083251715,-3,-0.0226022752957131
335801,岡山県,真庭郡,379,414,793,372,20,0,20,3,0,23,37,1,38,24,0,62,-39,-4.6875,-21,-2.5240384615384617,-18,-2.1634615384615383
335860,岡山県,真庭郡新庄村,379,414,793,372,20,0,20,3,0,23,37,1,38,24,0,62,-39,-4.6875,-21,-2.5240384615384617,-18,-2.1634615384615383
336009,岡山県,苫田郡,5837,6180,12017,5609,313,37,350,71,1,422,390,19,409,254,7,670,-248,-2.022013860578883,-183,-1.4920505503465145,-65,-0.5299633102323685
336068,岡山県,苫田郡鏡野町,5837,6180,12017,5609,313,37,350,71,1,422,390,19,409,254,7,670,-248,-2.022013860578883,-183,-1.4920505503465145,-65,-0.5299633102323685
336203,岡山県,勝田郡,7880,8372,16252,7235,567,62,629,117,4,750,776,28,804,259,3,1066,-316,-1.9072911636890393,-142,-0.8570738773539354,-174,-1.0502172863351038
336220,岡山県,勝田郡勝央町,5178,5559,10737,4791,328,46,374,73,4,451,367,26,393,151,3,547,-96,-0.8861811132650235,-78,-0.7200221545278316,-18,-0.16615895873719191
336238,岡山県,勝田郡奈義町,2702,2813,5515,2444,239,16,255,44,0,299,409,2,411,108,0,519,-220,-3.836094158674804,-64,-1.1159546643417613,-156,-2.7201394943330426
336408,岡山県,英田郡,634,697,1331,612,39,5,44,6,1,51,31,3,34,26,0,60,-9,-0.6716417910447761,-20,-1.4925373134328357,11,0.8208955223880596
336432,岡山県,英田郡西粟倉村,634,697,1331,612,39,5,44,6,1,51,31,3,34,26,0,60,-9,-0.6716417910447761,-20,-1.4925373134328357,11,0.8208955223880596
336602,岡山県,久米郡,8060,8768,16828,7974,369,34,403,52,1,456,469,32,501,374,4,879,-423,-2.452031766274419,-322,-1.8665584603791086,-101,-0.5854733058953104
336637,岡山県,久米郡久米南町,2045,2245,4290,2138,95,16,111,13,1,125,122,7,129,112,0,241,-116,-2.6327734906945075,-99,-2.246935996368588,-17,-0.3858374943259192
336661,岡山県,久米郡美咲町,6015,6523,12538,5836,274,18,292,39,0,331,347,25,372,262,4,638,-307,-2.390035033086804,-223,-1.73608407940833,-84,-0.6539509536784741
336807,岡山県,加賀郡,4932,5263,10195,5161,300,76,376,31,1,408,314,33,347,210,3,560,-152,-1.4690248381173288,-179,-1.7299700396250122,27,0.2609452015076834
336815,岡山県,加賀郡吉備中央町,4932,5263,10195,5161,300,76,376,31,1,408,314,33,347,210,3,560,-152,-1.4690248381173288,-179,-1.7299700396250122,27,0.2609452015076834
340006,広島県,-,1327153,1401618,2728771,1345070,98973,18355,117328,16134,1497,134959,111013,7901,118914,35693,2121,156728,-21769,-0.7914445890625115,-19559,-0.7110967300966355,-2210,-0.08034785896587579
341002,広島県,広島市,567524,606019,1173543,584288,55001,5561,60562,7640,926,69128,58413,2406,60819,12754,785,74358,-5230,-0.4436816927432169,-5114,-0.43384095156573826,-116,-0.009840741177478615
341011,広島県,広島市中区,64008,73094,137102,81440,10366,981,11347,873,110,12330,9478,371,9849,1515,176,11540,790,0.5795527906567286,-642,-0.47097834379951875,1432,1.0505311344562474
341029,広島県,広島市東区,56230,60859,117089,57446,5335,382,5717,729,100,6546,5722,224,5946,1280,71,7297,-751,-0.6373048200950441,-551,-0.46758316361167684,-200,-0.1697216564833673
341037,広島県,広島市南区,68432,71789,140221,72045,7114,691,7805,918,90,8813,7595,328,7923,1554,99,9576,-763,-0.5411961641037281,-636,-0.4511150201441298,-127,-0.09008114395959825
341045,広島県,広島市西区,89651,95248,184899,96311,9584,792,10376,1257,150,11783,10196,409,10605,1922,156,12683,-900,-0.4843944262348021,-665,-0.3579136593846038,-235,-0.12648076685019832
341053,広島県,広島市安佐南区,118272,124432,242704,110217,10479,1570,12049,1948,226,14223,12126,393,12519,2082,127,14728,-505,-0.20764034225707106,-134,-0.05509664527217332,-371,-0.15254369698489775
341061,広島県,広島市安佐北区,65504,71241,136745,66130,3845,420,4265,587,80,4932,4199,261,4460,1965,62,6487,-1555,-1.124367317425886,-1378,-0.9963846710050615,-177,-0.1279826464208243
341070,広島県,広島市安芸区,37500,37666,75166,35653,3041,230,3271,451,87,3809,3816,205,4021,880,31,4932,-1123,-1.4720339760647012,-429,-0.5623353301262305,-694,-0.9096986459384708
341088,広島県,広島市佐伯区,67927,71690,139617,65046,5237,495,5732,877,83,6692,5281,215,5496,1556,63,7115,-423,-0.30205655526992287,-679,-0.4848614681519566,256,0.1828049128820337
342025,広島県,呉市,97471,103771,201242,104786,5371,920,6291,847,23,7161,7090,439,7529,3578,161,11268,-4107,-2.000009739516628,-2731,-1.329930995524692,-1376,-0.6700787439919357
342033,広島県,竹原市,10809,11748,22557,11836,665,69,734,79,10,823,768,53,821,503,6,1330,-507,-2.1982310093652444,-424,-1.8383628165105792,-83,-0.35986819285466526
342041,広島県,三原市,42120,44955,87075,43567,2223,691,2914,363,24,3301,2566,266,2832,1467,55,4354,-1053,-1.1948529411764706,-1104,-1.252723311546841,51,0.057870370370370364
342050,広島県,尾道市,61687,64709,126396,64198,3122,1381,4503,502,46,5051,3867,676,4543,2290,146,6979,-1928,-1.5024469312053863,-1788,-1.393348087653128,-140,-0.10909884355225835
342076,広島県,福山市,222067,232961,455028,216921,9817,4169,13986,2877,239,17102,12996,1229,14225,5677,364,20266,-3164,-0.6905402102175507,-2800,-0.6110975311659741,-364,-0.07944267905157663
342084,広島県,府中市,16955,18150,35105,16808,726,474,1200,136,10,1346,1304,123,1427,654,7,2088,-742,-2.069908221050576,-518,-1.4450302675258737,-224,-0.6248779535247022
342092,広島県,三次市,23142,24762,47904,23072,1292,151,1443,257,7,1707,1465,126,1591,949,31,2571,-864,-1.7716535433070866,-692,-1.4189632545931758,-172,-0.3526902887139108
342106,広島県,庄原市,14950,16248,31198,14808,645,72,717,133,17,867,877,96,973,696,5,1674,-807,-2.5214810185908454,-563,-1.7591001406030309,-244,-0.7623808779878144
342114,広島県,大竹市,12413,12940,25353,12749,861,61,922,105,2,1029,941,52,993,404,20,1417,-388,-1.5073229478264247,-299,-1.1615710345363428,-89,-0.345751913290082
342122,広島県,東広島市,96205,94706,190911,92192,7462,2981,10443,1287,122,11852,7891,1403,9294,1865,298,11457,395,0.20733166768145458,-578,-0.30338659220222974,973,0.5107182598836844
342131,広島県,廿日市市,55598,59853,115451,53941,3573,423,3996,673,6,4675,3467,314,3781,1379,89,5249,-574,-0.4947209653092006,-706,-0.6084895496660202,132,0.11376858435681965
342149,広島県,安芸高田市,12629,13412,26041,13253,693,134,827,79,11,917,807,131,938,531,18,1487,-570,-2.141971365224907,-452,-1.6985457141783473,-118,-0.4434256510465597
342157,広島県,江田島市,10333,10357,20690,11867,1237,317,1554,57,1,1612,1275,119,1394,467,57,1918,-306,-1.4574204610401982,-410,-1.952752905315298,104,0.49533244427510004
343005,広島県,安芸郡,58195,60662,118857,54772,4671,539,5210,925,41,6176,5354,289,5643,1329,51,7023,-847,-0.7075786941121434,-404,-0.3374991646060282,-443,-0.37007952950611506
343021,広島県,安芸郡府中町,25572,26502,52074,23845,1861,198,2059,432,8,2499,2426,114,2540,510,17,3067,-568,-1.0789863607005812,-78,-0.14817066220888264,-490,-0.9308156984916987
343048,広島県,安芸郡海田町,15272,15538,30810,14258,1487,149,1636,280,20,1936,1545,95,1640,315,11,1966,-30,-0.09727626459143969,-35,-0.11348897535667965,5,0.016212710765239946
343072,広島県,安芸郡熊野町,11353,12122,23475,10872,788,55,843,139,9,991,664,40,704,339,15,1058,-67,-0.2845977402089882,-200,-0.8495454931611588,133,0.5649477529521706
343099,広島県,安芸郡坂町,5998,6500,12498,5797,535,137,672,74,4,750,719,40,759,165,8,932,-182,-1.4353312302839116,-91,-0.7176656151419558,-91,-0.7176656151419558
343609,広島県,山県郡,10915,11405,22320,11356,648,140,788,84,3,875,724,78,802,453,14,1269,-394,-1.734613014000176,-369,-1.6245487364620936,-25,-0.11006427753808225
343684,広島県,山県郡安芸太田町,2511,2856,5367,2984,160,13,173,11,0,184,210,9,219,147,1,367,-183,-3.297297297297298,-136,-2.4504504504504503,-47,-0.8468468468468469
343692,広島県,山県郡北広島町,8404,8549,16953,8372,488,127,615,73,3,691,514,69,583,306,13,902,-211,-1.2293171754835703,-233,-1.3574924260079235,22,0.1281752505243533
344206,広島県,豊田郡,3442,3337,6779,4198,388,50,438,17,1,456,351,41,392,190,3,585,-129,-1.867400115807759,-173,-2.504342790966995,44,0.6369426751592357
344311,広島県,豊田郡大崎上島町,3442,3337,6779,4198,388,50,438,17,1,456,351,41,392,190,3,585,-129,-1.867400115807759,-173,-2.504342790966995,44,0.6369426751592357
344605,広島県,世羅郡,6934,7585,14519,6740,418,192,610,53,8,671,625,43,668,320,5,993,-322,-2.1696651169058687,-267,-1.7990701435213259,-55,-0.3705949733845428
344621,広島県,世羅郡世羅町,6934,7585,14519,6740,418,192,610,53,8,671,625,43,668,320,5,993,-322,-2.1696651169058687,-267,-1.7990701435213259,-55,-0.3705949733845428
345407,広島県,神石郡,3764,4038,7802,3718,160,30,190,20,0,210,232,17,249,187,6,442,-232,-2.8877271595718197,-167,-2.0786656708986806,-65,-0.8090614886731391
345458,広島県,神石郡神石高原町,3764,4038,7802,3718,160,30,190,20,0,210,232,17,249,187,6,442,-232,-2.8877271595718197,-167,-2.0786656708986806,-65,-0.8090614886731391
350001,山口県,-,616947,676009,1292956,657945,39075,4490,43565,6835,303,50703,43200,2627,45827,21347,682,67856,-17153,-1.3092803728544724,-14512,-1.1076940926289338,-2641,-0.20158628022553848
352012,山口県,下関市,113668,129754,243422,127988,5520,1140,6660,1218,34,7912,6775,427,7202,4169,119,11490,-3578,-1.448582995951417,-2951,-1.194736842105263,-627,-0.25384615384615383
352021,山口県,宇部市,74830,81608,156438,79859,3997,390,4387,878,24,5289,4674,201,4875,2409,64,7348,-2059,-1.2990782159914698,-1531,-0.96594888231323,-528,-0.33312933367823994
352039,山口県,山口市,88829,97153,185982,91533,6850,725,7575,1074,72,8721,7120,462,7582,2582,69,10233,-1512,-0.80642580562578,-1508,-0.8042924040235954,-4,-0.0021334016021846034
352047,山口県,萩市,19378,22259,41637,22358,989,109,1098,145,5,1248,1299,56,1355,956,9,2320,-1072,-2.5100095998501484,-811,-1.8988971879463346,-261,-0.6111124119038142
352063,山口県,防府市,55205,57939,113144,57279,5020,428,5448,688,26,6162,4804,390,5194,1592,120,6906,-744,-0.6532733914020792,-904,-0.7937622927788706,160,0.14048890137679124
352071,山口県,下松市,27949,28688,56637,26976,2210,166,2376,437,2,2815,2166,116,2282,754,8,3044,-229,-0.40270108676537825,-317,-0.5574508493651742,88,0.154749762599796
352080,山口県,岩国市,59376,65192,124568,64659,3836,170,4006,669,48,4723,4255,295,4550,2240,177,6967,-2244,-1.7695486231586917,-1571,-1.2388417499921143,-673,-0.5307068731665773
352101,山口県,光市,22924,25091,48015,23386,1261,60,1321,241,5,1567,1459,116,1575,820,11,2406,-839,-1.7173619355631065,-579,-1.1851639579154214,-260,-0.532197977647685
352110,山口県,長門市,14040,16167,30207,15372,707,82,789,101,6,896,812,81,893,706,10,1609,-713,-2.3059508408796896,-605,-1.9566623544631307,-108,-0.34928848641655885
352128,山口県,柳井市,13683,15550,29233,15167,932,31,963,122,3,1088,931,34,965,569,4,1538,-450,-1.5160192702893913,-447,-1.5059124751541286,-3,-0.010106795135262608
352136,山口県,美祢市,9893,11028,20921,10464,566,27,593,58,8,659,708,43,751,455,8,1214,-555,-2.584280126653008,-397,-1.8485751536598993,-158,-0.7357049729931087
352152,山口県,周南市,65688,69045,134733,68131,3955,519,4474,742,52,5268,4313,248,4561,2114,39,6714,-1446,-1.0618377282840965,-1372,-1.0074974849279257,-74,-0.05434024335617092
352161,山口県,山陽小野田市,28152,30719,58871,29168,1891,211,2102,294,5,2401,1940,98,2038,920,31,2989,-588,-0.9889167325383879,-626,-1.05282631729427,38,0.06390958475588221
353001,山口県,大島郡,6330,7207,13537,8005,423,25,448,35,1,484,372,19,391,447,6,844,-360,-2.5904871555011875,-412,-2.9646686335180252,52,0.37418147801683815
353051,山口県,大島郡周防大島町,6330,7207,13537,8005,423,25,448,35,1,484,372,19,391,447,6,844,-360,-2.5904871555011875,-412,-2.9646686335180252,52,0.37418147801683815
353205,山口県,玖珂郡,2797,2898,5695,2573,166,331,497,32,2,531,594,15,609,65,4,678,-147,-2.516261554262239,-33,-0.5648750427935638,-114,-1.9513865114686753
353213,山口県,玖珂郡和木町,2797,2898,5695,2573,166,331,497,32,2,531,594,15,609,65,4,678,-147,-2.516261554262239,-33,-0.5648750427935638,-114,-1.9513865114686753
353400,山口県,熊毛郡,12868,14103,26971,13547,690,75,765,92,8,865,898,25,923,473,3,1399,-534,-1.9414651881476095,-381,-1.3852026904199237,-153,-0.5562624977276859
353418,山口県,熊毛郡上関町,1050,1140,2190,1320,48,3,51,2,0,53,68,0,68,62,2,132,-79,-3.4817100044072276,-60,-2.6443367122080215,-19,-0.8373732921992068
353434,山口県,熊毛郡田布施町,6740,7293,14033,6867,324,17,341,57,7,405,469,8,477,235,0,712,-307,-2.1408647140864714,-178,-1.2412831241283124,-129,-0.8995815899581591
353442,山口県,熊毛郡平生町,5078,5670,10748,5360,318,55,373,33,1,407,361,17,378,176,1,555,-148,-1.3582966226138031,-143,-1.3124082232011747,-5,-0.04588839941262848
355003,山口県,阿武郡,1337,1608,2945,1480,62,1,63,9,2,74,80,1,81,76,0,157,-83,-2.74108322324967,-67,-2.212681638044914,-16,-0.5284015852047557
355020,山口県,阿武郡阿武町,1337,1608,2945,1480,62,1,63,9,2,74,80,1,81,76,0,157,-83,-2.74108322324967,-67,-2.212681638044914,-16,-0.5284015852047557
360007,徳島県,-,336025,364384,700409,338987,18210,2435,20645,3558,202,24405,21184,1195,22379,11295,334,34008,-9603,-1.3525123519039115,-7737,-1.0896998923961847,-1866,-0.26281245950772664
362018,徳島県,徳島市,116419,128411,244830,122600,6747,803,7550,1508,72,9130,7269,439,7708,3447,112,11267,-2137,-0.8652977928225228,-1939,-0.7851251381763555,-198,-0.0801726546461673
362026,徳島県,鳴門市,25548,27692,53240,26171,1318,351,1669,220,12,1901,1616,124,1740,927,27,2694,-793,-1.4676216386282457,-707,-1.3084596450317398,-86,-0.15916199359650585
362034,徳島県,小松島市,16905,17699,34604,17139,847,124,971,139,23,1133,1269,57,1326,578,18,1922,-789,-2.229254372333512,-439,-1.2403582629333485,-350,-0.9888961094001638
362042,徳島県,阿南市,33080,34866,67946,31487,1444,98,1542,349,23,1914,1814,72,1886,1046,5,2937,-1023,-1.4832750946077224,-697,-1.01059896475228,-326,-0.4726761298554423
362051,徳島県,吉野川市,17786,19772,37558,17941,791,163,954,122,6,1082,1003,50,1053,686,50,1789,-707,-1.847641447798249,-564,-1.4739317914543315,-143,-0.37370965634391745
362069,徳島県,阿波市,16474,17714,34188,15427,652,341,993,119,8,1120,1013,86,1099,599,7,1705,-585,-1.6823397463549308,-480,-1.3803813303425072,-105,-0.3019584160124234
362077,徳島県,美馬市,12666,13598,26264,12519,553,102,655,105,4,764,688,39,727,518,17,1262,-498,-1.8608474702937001,-413,-1.5432329422315223,-85,-0.3176145280621777
362085,徳島県,三好市,10589,11636,22225,11697,417,73,490,66,6,562,600,44,644,549,5,1198,-636,-2.782030532347666,-483,-2.1127684703206335,-153,-0.669262062027033
363006,徳島県,勝浦郡,2825,3082,5907,2819,110,5,115,16,3,134,156,8,164,159,0,323,-189,-3.100393700787402,-143,-2.345800524934383,-46,-0.7545931758530183
363014,徳島県,勝浦郡勝浦町,2203,2367,4570,2109,76,4,80,12,3,95,103,7,110,109,0,219,-124,-2.641670217298679,-97,-2.066467831273967,-27,-0.5752023860247124
363022,徳島県,勝浦郡上勝町,622,715,1337,710,34,1,35,4,0,39,53,1,54,50,0,104,-65,-4.636233951497861,-46,-3.2810271041369474,-19,-1.355206847360913
363201,徳島県,名東郡,1029,1077,2106,945,35,1,36,10,0,46,35,0,35,46,0,81,-35,-1.6347501167678655,-36,-1.681457262961233,1,0.046707146193367584
363219,徳島県,名東郡佐那河内村,1029,1077,2106,945,35,1,36,10,0,46,35,0,35,46,0,81,-35,-1.6347501167678655,-36,-1.681457262961233,1,0.046707146193367584
363405,徳島県,名西郡,13926,15314,29240,13404,793,47,840,137,2,979,802,57,859,511,14,1384,-405,-1.3661663012312362,-374,-1.261595547309833,-31,-0.10457075392140328
363413,徳島県,名西郡石井町,11680,12887,24567,10982,639,40,679,128,1,808,675,44,719,378,12,1109,-301,-1.2103908637606564,-250,-1.0053080263792826,-51,-0.20508283738137367
363421,徳島県,名西郡神山町,2246,2427,4673,2422,154,7,161,9,1,171,127,13,140,133,2,275,-104,-2.177098597446096,-124,-2.595771404647268,20,0.4186728072011723
363600,徳島県,那賀郡,3387,3673,7060,3634,149,0,149,15,0,164,220,3,223,158,1,382,-218,-2.9953283869194833,-143,-1.9648255015114042,-75,-1.030502885408079
363685,徳島県,那賀郡那賀町,3387,3673,7060,3634,149,0,149,15,0,164,220,3,223,158,1,382,-218,-2.9953283869194833,-143,-1.9648255015114042,-75,-1.030502885408079
363804,徳島県,海部郡,8198,9136,17334,9346,344,46,390,37,18,445,506,28,534,453,18,1005,-560,-3.1295406281435114,-416,-2.3248016094780373,-144,-0.8047390186654745
363839,徳島県,海部郡牟岐町,1603,1821,3424,1877,66,4,70,7,0,77,114,3,117,111,0,228,-151,-4.223776223776224,-104,-2.909090909090909,-47,-1.3146853146853148
363871,徳島県,海部郡美波町,2691,3020,5711,3042,100,12,112,14,0,126,159,7,166,163,3,332,-206,-3.4814940003380093,-149,-2.5181679905357446,-57,-0.9633260098022647
363880,徳島県,海部郡海陽町,3904,4295,8199,4427,178,30,208,16,18,242,233,18,251,179,15,445,-203,-2.4160914068079027,-163,-1.940014282313735,-40,-0.476077124494168
364002,徳島県,板野郡,47308,50002,97310,43831,3554,239,3793,643,16,4452,3659,166,3825,1176,49,5050,-598,-0.6107774645585652,-533,-0.5443886097152428,-65,-0.06638885484332231
364011,徳島県,板野郡松茂町,7144,7212,14356,6986,665,37,702,67,2,771,756,27,783,193,5,981,-210,-1.4417135795688591,-126,-0.8650281477413153,-84,-0.5766854318275436
364029,徳島県,板野郡北島町,11565,12117,23682,10442,936,60,996,204,1,1201,911,38,949,239,11,1199,2,0.008445945945945946,-35,-0.14780405405405406,37,0.15625
364037,徳島県,板野郡藍住町,17044,18276,35320,15517,1272,73,1345,275,7,1627,1302,51,1353,356,11,1720,-93,-0.2626154237144551,-81,-0.2287295625900093,-12,-0.033885861124445825
364045,徳島県,板野郡板野町,6169,6643,12812,5853,394,27,421,58,4,483,372,29,401,206,11,618,-135,-1.0427125975129374,-148,-1.143121958754924,13,0.10040936124198656
364053,徳島県,板野郡上板町,5386,5754,11140,5033,287,42,329,39,2,370,318,21,339,182,11,532,-162,-1.4333746239603609,-143,-1.265262785347726,-19,-0.16811183861263493
364606,徳島県,美馬郡,3499,3893,7392,3798,125,9,134,11,3,148,171,5,176,200,2,378,-230,-3.0175806874836,-189,-2.479664130149567,-41,-0.5379165573340331
364681,徳島県,美馬郡つるぎ町,3499,3893,7392,3798,125,9,134,11,3,148,171,5,176,200,2,378,-230,-3.0175806874836,-189,-2.479664130149567,-41,-0.5379165573340331
364801,徳島県,三好郡,6386,6819,13205,6229,331,33,364,61,6,431,363,17,380,242,9,631,-200,-1.4919806042521446,-181,-1.350242446848191,-19,-0.14173815740395376
364894,徳島県,三好郡東みよし町,6386,6819,13205,6229,331,33,364,61,6,431,363,17,380,242,9,631,-200,-1.4919806042521446,-181,-1.350242446848191,-19,-0.14173815740395376
370002,香川県,-,456140,483825,939965,452423,27142,5292,32434,5170,258,37862,29940,2181,32121,13788,573,46482,-8620,-0.9087219384662418,-8618,-0.9085110981092891,-2,-0.0002108403569527243
372013,香川県,高松市,201849,215811,417660,205154,12405,2074,14479,2596,112,17187,13113,695,13808,5294,164,19266,-2079,-0.4953077984175881,-2698,-0.6427803944832383,619,0.14747259606565033
372021,香川県,丸亀市,54311,56492,110803,52309,3656,574,4230,738,56,5024,3566,214,3780,1466,171,5417,-393,-0.35342997949566535,-728,-0.65469980934566,335,0.3012698298499946
372030,香川県,坂出市,24057,25518,49575,24749,1370,383,1753,244,19,2016,1681,199,1880,870,40,2790,-774,-1.537269856402312,-626,-1.2433216151264175,-148,-0.29394824127589425
372048,香川県,善通寺市,14931,14960,29891,14932,1292,87,1379,179,7,1565,1452,67,1519,488,5,2012,-447,-1.4733996967499505,-309,-1.0185246225855362,-138,-0.45487507416441425
372056,香川県,観音寺市,27187,29174,56361,25823,1284,369,1653,293,9,1955,1509,239,1748,882,35,2665,-710,-1.2440644109968284,-589,-1.0320478001086366,-121,-0.21201661088819188
372064,香川県,さぬき市,21400,22948,44348,20906,942,227,1169,119,4,1292,1176,101,1277,756,19,2052,-760,-1.6848452602642547,-637,-1.4121663563004345,-123,-0.27267890396382016
372072,香川県,東かがわ市,13011,14342,27353,13546,536,57,593,84,7,684,603,44,647,578,6,1231,-547,-1.960573476702509,-494,-1.7706093189964158,-53,-0.18996415770609318
372081,香川県,三豊市,29220,31260,60480,26443,1244,405,1649,263,4,1916,1543,215,1758,1075,10,2843,-927,-1.5095998827495236,-812,-1.322324816389011,-115,-0.18727506636051264
373206,香川県,小豆郡,12158,13283,25441,13180,623,91,714,69,5,788,811,33,844,567,13,1424,-636,-2.4389308586110365,-498,-1.9097288798558116,-138,-0.5292019787552249
373222,香川県,小豆郡土庄町,5881,6503,12384,6427,283,29,312,30,4,346,413,9,422,278,2,702,-356,-2.794348508634223,-248,-1.946624803767661,-108,-0.847723704866562
373249,香川県,小豆郡小豆島町,6277,6780,13057,6753,340,62,402,39,1,442,398,24,422,289,11,722,-280,-2.0994226587688387,-250,-1.8744845167578916,-30,-0.22493814201094697
373401,香川県,木田郡,13021,13856,26877,12099,724,66,790,131,3,924,727,49,776,354,13,1143,-219,-0.8082373782108061,-223,-0.8229997047534691,4,0.014762326542663124
373419,香川県,木田郡三木町,13021,13856,26877,12099,724,66,790,131,3,924,727,49,776,354,13,1143,-219,-0.8082373782108061,-223,-0.8229997047534691,4,0.014762326542663124
373605,香川県,香川郡,1498,1398,2896,1584,164,22,186,20,1,207,194,11,205,51,0,256,-49,-1.6638370118845502,-31,-1.0526315789473684,-18,-0.6112054329371817
373648,香川県,香川郡直島町,1498,1398,2896,1584,164,22,186,20,1,207,194,11,205,51,0,256,-49,-1.6638370118845502,-31,-1.0526315789473684,-18,-0.6112054329371817
373800,香川県,綾歌郡,20190,21021,41211,19342,1646,376,2022,252,11,2285,1947,169,2116,581,21,2718,-433,-1.0397656325040823,-329,-0.790029776198252,-104,-0.2497358563058304
373869,香川県,綾歌郡宇多津町,8948,9357,18305,9148,1019,187,1206,145,10,1361,1199,78,1277,216,18,1511,-150,-0.8127878623679219,-71,-0.3847195881874831,-79,-0.42806827418043886
373877,香川県,綾歌郡綾川町,11242,11664,22906,10194,627,189,816,107,1,924,748,91,839,365,3,1207,-283,-1.2204062270904308,-258,-1.1125964897149512,-25,-0.10780973737547976
374008,香川県,仲多度郡,23307,23762,47069,22356,1256,561,1817,182,20,2019,1618,145,1763,826,76,2665,-646,-1.35387194802473,-644,-1.3496803940060778,-2,-0.004191554018652416
374032,香川県,仲多度郡琴平町,3820,4320,8140,4160,228,80,308,29,5,342,279,33,312,162,22,496,-154,-1.8567639257294428,-133,-1.603568844948155,-21,-0.25319508078128766
374041,香川県,仲多度郡多度津町,11134,10679,21813,10707,601,435,1036,80,13,1129,922,78,1000,334,53,1387,-258,-1.1689547369851843,-254,-1.1508314077296,-4,-0.01812332925558425
374067,香川県,仲多度郡まんのう町,8353,8763,17116,7489,427,46,473,73,2,548,417,34,451,330,1,782,-234,-1.3487031700288186,-257,-1.4812680115273775,23,0.13256484149855907
380008,愛媛県,-,617325,679034,1296359,657422,33320,6030,39350,6627,322,46299,38736,2585,41321,20479,438,62238,-15939,-1.2145869307123838,-13852,-1.0555529308129707,-2087,-0.1590339998994131
382019,愛媛県,松山市,233291,263375,496666,255627,13656,1468,15124,2832,113,18069,14392,585,14977,6514,143,21634,-3565,-0.7126707461152947,-3682,-0.7360599403075779,117,0.023389194192283167
382027,愛媛県,今治市,70662,77040,147702,76579,3320,1472,4792,684,15,5491,4110,773,4883,2595,41,7519,-2028,-1.3544379883790825,-1911,-1.2762973352033662,-117,-0.0781406531757163
382035,愛媛県,宇和島市,31631,35350,66981,34804,1445,118,1563,263,15,1841,1948,84,2032,1396,17,3445,-1604,-2.338703798206605,-1133,-1.6519647153167603,-471,-0.6867390828898448
382043,愛媛県,八幡浜市,14150,15869,30019,15384,875,169,1044,115,5,1164,1087,88,1175,691,18,1884,-720,-2.3423013110380952,-576,-1.8738410488304758,-144,-0.46846026220761894
382051,愛媛県,新居浜市,54477,58247,112724,57506,2797,432,3229,689,27,3945,3273,292,3565,1711,15,5291,-1346,-1.1799772069781713,-1022,-0.8959410888051196,-324,-0.28403611817305163
382060,愛媛県,西条市,50299,53114,103413,50853,2487,670,3157,564,34,3755,2886,245,3131,1608,77,4816,-1061,-1.015563680915826,-1044,-0.9992916897984188,-17,-0.0162719911174072
382078,愛媛県,大洲市,18806,20234,39040,19498,864,63,927,185,17,1129,1200,29,1229,711,16,1956,-827,-2.0743973712594377,-526,-1.3193869616474778,-301,-0.7550104096119598
382108,愛媛県,伊予市,16650,18523,35173,16335,990,42,1032,163,3,1198,965,50,1015,519,9,1543,-345,-0.9713384762655555,-356,-1.0023086885522832,11,0.030970212286727854
382132,愛媛県,四国中央市,39827,41138,80965,38772,1635,450,2085,381,35,2501,2340,151,2491,1206,41,3738,-1237,-1.5048295661906037,-825,-1.0036252159314858,-412,-0.5012043502591178
382141,愛媛県,西予市,16031,17690,33721,17203,691,84,775,110,6,891,887,60,947,756,5,1708,-817,-2.365510452255487,-646,-1.8704036134113151,-171,-0.49510683884417167
382159,愛媛県,東温市,15601,17358,32959,15906,1296,608,1904,180,5,2089,1799,38,1837,434,12,2283,-194,-0.5851657466895908,-254,-0.7661448436038971,60,0.1809790969143064
383406,愛媛県,越智郡,3197,2888,6085,3737,288,88,376,20,5,401,314,62,376,118,2,496,-95,-1.5372168284789645,-98,-1.5857605177993526,3,0.04854368932038835
383562,愛媛県,越智郡上島町,3197,2888,6085,3737,288,88,376,20,5,401,314,62,376,118,2,496,-95,-1.5372168284789645,-98,-1.5857605177993526,3,0.04854368932038835
383805,愛媛県,上浮穴郡,3331,3558,6889,3933,176,7,183,11,2,196,236,11,247,202,3,452,-256,-3.5829251224632612,-191,-2.6731980405878235,-65,-0.9097270818754375
383864,愛媛県,上浮穴郡久万高原町,3331,3558,6889,3933,176,7,183,11,2,196,236,11,247,202,3,452,-256,-3.5829251224632612,-191,-2.6731980405878235,-65,-0.9097270818754375
384003,愛媛県,伊予郡,23806,26579,50385,23583,1686,87,1773,257,24,2054,1669,62,1731,707,18,2456,-402,-0.7915411424183354,-450,-0.886053517632465,48,0.0945123752141296
384011,愛媛県,伊予郡松前町,14228,15967,30195,13985,1091,60,1151,160,13,1324,1046,55,1101,427,13,1541,-217,-0.7135341312639747,-267,-0.8779429172694988,50,0.16440878600552414
384020,愛媛県,伊予郡砥部町,9578,10612,20190,9598,595,27,622,97,11,730,623,7,630,280,5,915,-185,-0.9079754601226995,-183,-0.8981595092024539,-2,-0.0098159509202454
384208,愛媛県,喜多郡,7086,7622,14708,6923,258,21,279,66,1,346,373,14,387,330,2,719,-373,-2.4733107884092567,-264,-1.75054704595186,-109,-0.7227637424573967
384224,愛媛県,喜多郡内子町,7086,7622,14708,6923,258,21,279,66,1,346,373,14,387,330,2,719,-373,-2.4733107884092567,-264,-1.75054704595186,-109,-0.7227637424573967
384402,愛媛県,西宇和郡,3769,3995,7764,4257,198,21,219,17,5,241,297,11,308,224,7,539,-298,-3.696353262217812,-207,-2.5676010915405607,-91,-1.1287521706772514
384429,愛媛県,西宇和郡伊方町,3769,3995,7764,4257,198,21,219,17,5,241,297,11,308,224,7,539,-298,-3.696353262217812,-207,-2.5676010915405607,-91,-1.1287521706772514
384801,愛媛県,北宇和郡,5907,6685,12592,6720,336,205,541,40,2,583,528,17,545,334,10,889,-306,-2.3724608466428903,-294,-2.2794231663823847,-12,-0.0930376802605055
384844,愛媛県,北宇和郡松野町,1645,1839,3484,1925,91,188,279,8,0,287,287,1,288,94,1,383,-96,-2.6815642458100557,-86,-2.4022346368715084,-10,-0.27932960893854747
384887,愛媛県,北宇和郡鬼北町,4262,4846,9108,4795,245,17,262,32,2,296,241,16,257,240,9,506,-210,-2.2537025112685125,-208,-2.2322386778278602,-2,-0.0214638334406525
385000,愛媛県,南宇和郡,8804,9769,18573,9802,322,25,347,50,8,405,432,13,445,423,2,870,-465,-2.4424834541443428,-373,-1.9592394159050321,-92,-0.4832440382393109
385069,愛媛県,南宇和郡愛南町,8804,9769,18573,9802,322,25,347,50,8,405,432,13,445,423,2,870,-465,-2.4424834541443428,-373,-1.9592394159050321,-92,-0.4832440382393109
390003,高知県,-,315518,349345,664863,347128,18184,1724,19908,3126,190,23224,21447,895,22342,11442,200,33984,-10760,-1.5926041594202685,-8316,-1.2308639581541776,-2444,-0.3617402012660907
392014,高知県,高知市,146177,166051,312228,163874,7584,565,8149,1678,77,9904,9368,285,9653,4386,47,14086,-4182,-1.3217028538921018,-2708,-0.8558515849688695,-1474,-0.4658512689232325
392022,高知県,室戸市,5472,5801,11273,6775,195,56,251,25,7,283,354,13,367,308,6,681,-398,-3.4101619398509126,-283,-2.4248136406477596,-115,-0.9853482992031531
392031,高知県,安芸市,7414,8141,15555,7877,427,21,448,56,3,507,510,18,528,314,10,852,-345,-2.1698113207547167,-258,-1.6226415094339623,-87,-0.5471698113207547
392049,高知県,南国市,21962,24017,45979,22720,1959,88,2047,281,10,2338,1753,74,1827,643,22,2492,-154,-0.33381744087746296,-362,-0.7846877506340364,208,0.45087030975657333
392057,高知県,土佐市,12481,13165,25646,12600,742,240,982,127,10,1119,919,69,988,443,17,1448,-329,-1.2666025024061598,-316,-1.2165543792107796,-13,-0.05004812319538018
392065,高知県,須崎市,9597,9728,19325,10464,591,186,777,56,13,846,875,50,925,391,34,1350,-504,-2.5417318069494175,-335,-1.6894447526350296,-169,-0.8522870543143881
392081,高知県,宿毛市,8688,9706,18394,9772,442,41,483,66,10,559,646,29,675,356,3,1034,-475,-2.517356510678891,-290,-1.5369123959934283,-185,-0.980444114685463
392090,高知県,土佐清水市,5511,6080,11591,6748,254,29,283,21,0,304,338,23,361,300,2,663,-359,-3.00418410041841,-279,-2.3347280334728033,-80,-0.6694560669456067
392103,高知県,四万十市,14923,16501,31424,16406,933,33,966,156,14,1136,1065,30,1095,549,4,1648,-512,-1.6032064128256511,-393,-1.2305861723446894,-119,-0.37262024048096193
392111,高知県,香南市,15859,16726,32585,15548,1156,80,1236,186,12,1434,1210,56,1266,477,8,1751,-317,-0.9634672664275729,-291,-0.8844447146070147,-26,-0.07902255182055802
392120,高知県,香美市,11786,12881,24667,13013,838,117,955,85,9,1049,829,78,907,471,4,1382,-333,-1.332,-386,-1.544,53,0.212
393002,高知県,安芸郡,7256,7858,15114,8176,528,69,597,46,0,643,554,37,591,369,1,961,-318,-2.0606531881804044,-323,-2.0930533955417316,5,0.032400207361327114
393011,高知県,安芸郡東洋町,1002,1057,2059,1293,70,4,74,1,0,75,60,6,66,68,0,134,-59,-2.785646836638338,-67,-3.163361661945231,8,0.3777148253068933
393029,高知県,安芸郡奈半利町,1333,1525,2858,1641,120,14,134,5,0,139,126,6,132,70,1,203,-64,-2.190280629705681,-65,-2.2245037645448322,1,0.034223134839151265
393037,高知県,安芸郡田野町,1144,1275,2419,1266,78,4,82,17,0,99,93,1,94,58,0,152,-53,-2.144012944983819,-41,-1.6585760517799353,-12,-0.48543689320388345
393045,高知県,安芸郡安田町,1125,1144,2269,1174,56,6,62,4,0,66,77,0,77,65,0,142,-76,-3.2409381663113,-61,-2.601279317697228,-15,-0.6396588486140725
393053,高知県,安芸郡北川村,574,603,1177,624,42,6,48,5,0,53,54,2,56,23,0,79,-26,-2.1612635078969245,-18,-1.4962593516209477,-8,-0.6650041562759768
393061,高知県,安芸郡馬路村,360,402,762,405,25,0,25,4,0,29,43,0,43,23,0,66,-37,-4.630788485607009,-19,-2.3779724655819776,-18,-2.252816020025031
393070,高知県,安芸郡芸西村,1718,1852,3570,1773,137,35,172,10,0,182,101,22,123,62,0,185,-3,-0.08396305625524769,-52,-1.4553596417576267,49,1.3713965855023789
393401,高知県,長岡郡,2871,3215,6086,3589,186,33,219,14,2,235,248,22,270,176,4,450,-215,-3.412156800507856,-162,-2.5710204729408033,-53,-0.8411363275670528
393410,高知県,長岡郡本山町,1485,1640,3125,1767,126,6,132,10,1,143,135,5,140,82,2,224,-81,-2.526512788521522,-72,-2.245789145352464,-9,-0.280723643169058
393444,高知県,長岡郡大豊町,1386,1575,2961,1822,60,27,87,4,1,92,113,17,130,94,2,226,-134,-4.329563812600969,-90,-2.9079159935379644,-44,-1.4216478190630049
393606,高知県,土佐郡,1884,1959,3843,2072,151,7,158,16,1,175,112,2,114,88,7,209,-34,-0.8769667268506577,-72,-1.8571060098013927,38,0.980139282950735
393631,高知県,土佐郡土佐町,1711,1777,3488,1859,122,6,128,15,1,144,90,1,91,81,6,178,-34,-0.9653605905735378,-66,-1.8739352640545146,32,0.9085746734809768
393649,高知県,土佐郡大川村,173,182,355,213,29,1,30,1,0,31,22,1,23,7,1,31,0,0,-6,-1.6901408450704223,6,1.6901408450704223
393801,高知県,吾川郡,12171,13117,25288,12777,647,23,670,107,9,786,778,18,796,532,8,1336,-550,-2.128647728152334,-425,-1.6448641535722581,-125,-0.4837835745800758
393860,高知県,吾川郡いの町,9985,10844,20829,10188,538,20,558,89,8,655,597,12,609,395,5,1009,-354,-1.6711513949865457,-306,-1.4445545956663361,-48,-0.2265967993202096
393878,高知県,吾川郡仁淀川町,2186,2273,4459,2589,109,3,112,18,1,131,181,6,187,137,3,327,-196,-4.2105263157894735,-119,-2.556390977443609,-77,-1.6541353383458646
394009,高知県,高岡郡,23927,26380,50307,26287,1233,87,1320,150,10,1480,1466,51,1517,1239,16,2772,-1292,-2.5039244946607493,-1089,-2.11050601755848,-203,-0.3934184771022694
394017,高知県,高岡郡中土佐町,2710,3064,5774,3250,128,14,142,13,1,156,157,7,164,157,2,323,-167,-2.810974583403467,-144,-2.4238343713179598,-23,-0.3871402120855075
394025,高知県,高岡郡佐川町,5564,6241,11805,5901,353,17,370,45,2,417,357,16,373,249,3,625,-208,-1.7314575876134188,-204,-1.6981603263131608,-4,-0.033297261300258056
394033,高知県,高岡郡越知町,2257,2554,4811,2540,120,8,128,7,0,135,119,4,123,137,3,263,-128,-2.591617736383883,-130,-2.6321117635148816,2,0.04049402713099817
394050,高知県,高岡郡檮原町,1501,1583,3084,1689,99,4,103,7,1,111,119,1,120,82,0,202,-91,-2.866141732283465,-75,-2.3622047244094486,-16,-0.5039370078740157
394106,高知県,高岡郡日高村,2229,2475,4704,2405,130,6,136,17,5,158,142,4,146,115,0,261,-103,-2.1427085500312044,-98,-2.03869357187435,-5,-0.10401497815685459
394114,高知県,高岡郡津野町,2460,2724,5184,2560,94,9,103,18,1,122,144,1,145,118,1,264,-142,-2.666165978220053,-100,-1.877581674802854,-42,-0.7885843034171987
394122,高知県,高岡郡四万十町,7206,7739,14945,7942,309,29,338,43,0,381,428,18,446,381,7,834,-453,-2.9419405117547734,-338,-2.1950902714638265,-115,-0.7468502402909469
394203,高知県,幡多郡,7539,8019,15558,8430,318,49,367,56,3,426,422,40,462,400,7,869,-443,-2.7685769639397537,-344,-2.149865633397913,-99,-0.6187113305418411
394246,高知県,幡多郡大月町,2142,2206,4348,2475,87,7,94,18,2,114,113,3,116,126,1,243,-129,-2.8813937904846996,-108,-2.412329685056958,-21,-0.4690641054277418
394271,高知県,幡多郡三原村,666,689,1355,720,33,2,35,3,0,38,55,2,57,40,1,98,-60,-4.240282685512367,-37,-2.614840989399293,-23,-1.6254416961130742
394289,高知県,幡多郡黒潮町,4731,5124,9855,5235,198,40,238,35,1,274,254,35,289,234,5,528,-254,-2.5126125234939165,-199,-1.9685428825798792,-55,-0.544069640914037
400009,福岡県,-,2424041,2662916,5086957,2571378,254490,30936,285426,32939,2410,320775,251570,10645,262215,62968,4014,329197,-8422,-0.16528701790386938,-30029,-0.5893379079357983,21607,0.4240508900319289
401005,福岡県,北九州市,434242,479335,913577,489747,38436,4198,42634,5373,301,48308,40382,1676,42058,13300,614,55972,-7664,-0.8319212887832825,-7927,-0.8604697359322913,263,0.028548447149008782
401013,福岡県,北九州市門司区,42228,48809,91037,49039,2764,581,3345,416,17,3778,3254,87,3341,1698,35,5074,-1296,-1.4036151755060489,-1282,-1.3884526658941008,-14,-0.015162509611948058
401030,福岡県,北九州市若松区,38132,40928,79060,40491,2987,339,3326,409,19,3754,3096,240,3336,1212,72,4620,-866,-1.0835022395716039,-803,-1.0046793283787503,-63,-0.0788229111928534
401056,福岡県,北九州市戸畑区,26103,28368,54471,29576,2398,223,2621,335,25,2981,2728,152,2880,825,38,3743,-762,-1.379610015751453,-490,-0.8871507975304619,-272,-0.49245921822099104
401064,福岡県,北九州市小倉北区,84108,93448,177556,105067,10482,1296,11778,1123,90,12991,10513,369,10882,2503,150,13535,-544,-0.3054463784390792,-1380,-0.7748455923638405,836,0.46939921392476136
401072,福岡県,北九州市小倉南区,97691,106515,204206,104528,8078,416,8494,1302,57,9853,8435,282,8717,2662,85,11464,-1611,-0.7827341764771617,-1360,-0.6607811793972315,-251,-0.12195299707993022
401081,福岡県,北九州市八幡東区,29542,32723,62265,34443,2777,274,3051,302,23,3376,3077,125,3202,1108,48,4358,-982,-1.5526428130978545,-806,-1.2743687447625975,-176,-0.278274068335257
401099,福岡県,北九州市八幡西区,116438,128544,244982,126603,8950,1069,10019,1486,70,11575,9279,421,9700,3292,186,13178,-1603,-0.6500800940852038,-1806,-0.7324046474846402,203,0.0823245533994363
401307,福岡県,福岡市,762036,846104,1608140,873871,114665,14550,129215,11780,1013,142008,106779,3913,110692,15084,2011,127787,14221,0.8922034306636661,-3304,-0.20728782328336637,17525,1.0994912539470325
401315,福岡県,福岡市東区,160438,169991,330429,172315,21192,3204,24396,2569,242,27207,18244,604,18848,3163,457,22468,4739,1.455064632012036,-594,-0.18238201971199605,5333,1.637446651724032
401323,福岡県,福岡市博多区,119153,126714,245867,156475,25461,4286,29747,2123,217,32087,25092,743,25835,2115,522,28472,3615,1.4922477420207056,8,0.0033023463170582697,3607,1.4889453957036474
401331,福岡県,福岡市中央区,90227,111165,201392,125199,18995,1580,20575,1424,142,22141,17592,553,18145,1465,283,19893,2248,1.1288313983850882,-41,-0.020588117141365044,2289,1.1494195155264533
401340,福岡県,福岡市南区,126695,143656,270351,141582,16305,2242,18547,1987,152,20686,15216,437,15653,2633,250,18536,2150,0.8016375777868092,-646,-0.24086412802338544,2796,1.0425017058101944
401358,福岡県,福岡市西区,99665,109519,209184,102644,11450,1351,12801,1429,118,14348,11128,765,11893,2167,282,14342,6,0.002868370478731033,-738,-0.352809568883917,744,0.3556779393626481
401366,福岡県,福岡市城南区,60286,67103,127389,66469,8461,506,8967,797,58,9822,7409,242,7651,1342,78,9071,751,0.5930289486568012,-545,-0.4303605552835642,1296,1.0233895039403653
401374,福岡県,福岡市早良区,105572,117956,223528,109187,12801,1381,14182,1451,84,15717,12098,569,12667,2199,139,15005,712,0.31954617262674134,-748,-0.33570300157977884,1460,0.6552491742065202
402028,福岡県,大牟田市,48745,55943,104688,55011,2470,329,2799,479,103,3381,3128,167,3295,1984,11,5290,-1909,-1.7908571535784308,-1505,-1.4118596208148446,-404,-0.3789975327635862
402036,福岡県,久留米市,142658,157541,300199,143271,10867,1481,12348,2040,53,14441,11250,589,11839,3713,207,15759,-1318,-0.4371229482914728,-1673,-0.5548609199481289,355,0.11773797165665618
402044,福岡県,直方市,26014,28824,54838,27922,2132,146,2278,308,19,2605,2013,86,2099,808,24,2931,-326,-0.5909651221811326,-500,-0.9063882242041912,174,0.3154231020230585
402052,福岡県,飯塚市,59298,64820,124118,64179,4420,371,4791,789,50,5630,4322,190,4512,1910,52,6474,-844,-0.6754053232182583,-1121,-0.8970727101038715,277,0.22166738688561322
402061,福岡県,田川市,20848,23991,44839,24314,1754,221,1975,270,19,2264,1828,131,1959,817,38,2814,-550,-1.2117473396637952,-547,-1.2051378087201745,-3,-0.006609530943620701
402079,福岡県,柳川市,29279,32257,61536,26568,1555,206,1761,295,18,2074,1756,83,1839,1035,29,2903,-829,-1.3292712258478314,-740,-1.186562976028221,-89,-0.14270824981961036
402109,福岡県,八女市,28373,31171,59544,26078,1658,1103,2761,330,11,3102,2409,167,2576,1065,20,3661,-559,-0.9300700464203118,-735,-1.2229006871537194,176,0.29283064073340764
402117,福岡県,筑後市,23705,25429,49134,21223,1887,348,2235,325,27,2587,1953,111,2064,590,37,2691,-104,-0.2112189772127219,-265,-0.5382022015516471,161,0.32698322433892524
402125,福岡県,大川市,14761,16386,31147,14063,872,94,966,148,10,1124,1104,21,1125,531,13,1669,-545,-1.719676890066894,-383,-1.2085068787075604,-162,-0.5111700113593336
402133,福岡県,行橋市,35080,37174,72254,34750,3115,239,3354,462,31,3847,3087,105,3192,963,50,4205,-358,-0.4930314548559467,-501,-0.6899686002313667,143,0.19693714537542006
402141,福岡県,豊前市,11049,12273,23322,11713,630,55,685,89,10,784,817,82,899,411,5,1315,-531,-2.226135077348761,-322,-1.3499350186559342,-209,-0.8762000586928269
402150,福岡県,中間市,18377,20637,39014,20484,1482,265,1747,192,20,1959,1619,76,1695,694,14,2403,-444,-1.1252470981803435,-502,-1.2722388362309291,58,0.14699173805058544
402168,福岡県,小郡市,28229,31280,59509,26380,2379,737,3116,317,46,3479,2737,126,2863,666,56,3585,-106,-0.17780759875870167,-349,-0.5854231317621403,243,0.4076155330034388
402176,福岡県,筑紫野市,50866,55509,106375,48524,4725,299,5024,725,38,5787,4633,217,4850,1081,50,5981,-194,-0.18204168191500342,-356,-0.33405586990588254,162,0.15201418799087915
402184,福岡県,春日市,54081,57838,111919,51258,5854,451,6305,686,79,7070,6167,165,6332,984,76,7392,-322,-0.2868826899261411,-298,-0.2655001291863045,-24,-0.0213825607398366
402192,福岡県,大野城市,49859,53678,103537,47201,5555,744,6299,867,57,7223,5592,215,5807,958,37,6802,421,0.40827805578183796,-91,-0.08825012607160868,512,0.4965281818534466
402206,福岡県,宗像市,46386,50483,96869,45303,3823,348,4171,618,40,4829,3602,136,3738,1238,49,5025,-196,-0.2019265440684078,-620,-0.6387472312368001,424,0.43682068716839234
402214,福岡県,太宰府市,34284,37282,71566,33413,3509,103,3612,434,20,4066,3151,102,3253,788,16,4057,9,0.012577385860223318,-354,-0.4947105105021172,363,0.5072878963623405
402231,福岡県,古賀市,28454,30730,59184,27288,2639,281,2920,377,27,3324,2558,170,2728,598,39,3365,-41,-0.06922752216124947,-221,-0.37315322921063737,180,0.3039257070493879
402249,福岡県,福津市,32772,36429,69201,30663,3102,209,3311,542,16,3869,2563,95,2658,791,12,3461,408,0.5930835986219528,-249,-0.3619554315119271,657,0.9550390301338798
402257,福岡県,うきは市,13019,14363,27382,11563,686,87,773,132,12,917,795,61,856,450,3,1309,-392,-1.4113919493051055,-318,-1.1449557139771007,-74,-0.26643623532800464
402265,福岡県,宮若市,12682,13410,26092,13377,931,130,1061,129,15,1205,1048,50,1098,485,56,1639,-434,-1.6361305888562165,-356,-1.3420794692000302,-78,-0.29405111965618635
402273,福岡県,嘉麻市,16025,18118,34143,17929,851,53,904,153,17,1074,1106,46,1152,691,17,1860,-786,-2.2502791376792923,-538,-1.540267399582009,-248,-0.7100117380972831
402281,福岡県,朝倉市,23781,26243,50024,22399,1726,135,1861,231,36,2128,1686,166,1852,803,20,2675,-547,-1.08164758458405,-572,-1.1310830317771055,25,0.0494354471930553
402290,福岡県,みやま市,16053,18238,34291,14691,778,116,894,142,1,1037,917,72,989,664,3,1656,-619,-1.7731309080492696,-522,-1.4952735605843597,-97,-0.27785734746490975
402303,福岡県,糸島市,50058,54117,104175,46945,4231,536,4767,613,28,5408,3494,272,3766,1230,70,5066,342,0.32937505417352864,-617,-0.5942234164475648,959,0.9235984706210935
402311,福岡県,那珂川市,23943,25492,49435,21850,1947,236,2183,314,33,2530,2180,50,2230,498,30,2758,-228,-0.45909429555202064,-184,-0.3704971507963675,-44,-0.08859714475565311
403407,福岡県,糟屋郡,114638,120299,234937,104958,11372,915,12287,1750,111,14148,11548,495,12043,2371,182,14596,-448,-0.19032648639463007,-621,-0.2638230983282707,173,0.07349661193364063
403415,福岡県,糟屋郡宇美町,18104,18774,36878,16867,1406,230,1636,221,48,1905,1509,71,1580,422,24,2026,-121,-0.32703586583421174,-201,-0.543257925889889,80,0.21622206005567718
403423,福岡県,糟屋郡篠栗町,15190,16071,31261,14204,1489,122,1611,233,5,1849,1351,44,1395,334,15,1744,105,0.3370137373218642,-101,-0.3241751187572217,206,0.6611888560790858
403431,福岡県,糟屋郡志免町,22447,23932,46379,21171,2242,188,2430,332,16,2778,2372,81,2453,479,39,2971,-193,-0.41441209310315213,-147,-0.31564029889203815,-46,-0.09877179421111397
403440,福岡県,糟屋郡須惠町,14374,14933,29307,12986,1406,95,1501,199,5,1705,1299,61,1360,316,22,1698,7,0.023890784982935155,-117,-0.3993174061433447,124,0.42320819112627983
403458,福岡県,糟屋郡新宮町,15895,17084,32979,13711,1593,61,1654,200,8,1862,1724,60,1784,307,43,2134,-272,-0.8180205106613335,-107,-0.3217948332380981,-165,-0.49622567742323537
403482,福岡県,糟屋郡久山町,4489,4921,9410,3907,404,49,453,70,1,524,321,35,356,81,7,444,80,0.857449088960343,-11,-0.11789924973204716,91,0.9753483386923901
403491,福岡県,糟屋郡粕屋町,24139,24584,48723,22112,2832,170,3002,495,28,3525,2972,143,3115,432,32,3579,-54,-0.11070791561596655,63,0.1291592348852943,-117,-0.23986715050126084
403806,福岡県,遠賀郡,43137,47482,90619,43514,3820,203,4023,529,45,4597,3610,135,3745,1347,30,5122,-525,-0.5760115860616167,-818,-0.8974809093302906,293,0.3214693232686737
403814,福岡県,遠賀郡芦屋町,6190,6538,12728,6406,840,22,862,61,8,931,890,10,900,238,7,1145,-214,-1.6535311389275227,-177,-1.367640241075568,-37,-0.2858908978519549
403822,福岡県,遠賀郡水巻町,13008,14523,27531,13817,1180,42,1222,176,11,1409,1112,35,1147,376,6,1529,-120,-0.43398068785939026,-200,-0.7233011464323171,80,0.2893204585729268
403831,福岡県,遠賀郡岡垣町,14942,16518,31460,14528,1141,80,1221,179,14,1414,990,52,1042,461,3,1506,-92,-0.29158215010141986,-282,-0.8937626774847871,190,0.6021805273833671
403849,福岡県,遠賀郡遠賀町,8997,9903,18900,8763,659,59,718,113,12,843,618,38,656,272,14,942,-99,-0.5210800568450971,-159,-0.8368861519027317,60,0.31580609505763463
404004,福岡県,鞍手郡,10370,11294,21664,11192,702,108,810,73,20,903,758,67,825,422,20,1267,-364,-1.6524423461049573,-349,-1.584347194479753,-15,-0.06809515162520428
404012,福岡県,鞍手郡小竹町,3335,3555,6890,3798,273,43,316,23,1,340,266,34,300,172,8,480,-140,-1.991465149359886,-149,-2.1194879089615934,9,0.12802275960170698
404021,福岡県,鞍手郡鞍手町,7035,7739,14774,7394,429,65,494,50,19,563,492,33,525,250,12,787,-224,-1.4935324709961328,-200,-1.3335111348179758,-24,-0.1600213361781571
404209,福岡県,嘉穂郡,6052,6686,12738,6290,428,41,469,65,14,548,455,34,489,191,3,683,-135,-1.0487065951992542,-126,-0.9787928221859705,-9,-0.06991377301328362
404217,福岡県,嘉穂郡桂川町,6052,6686,12738,6290,428,41,469,65,14,548,455,34,489,191,3,683,-135,-1.0487065951992542,-126,-0.9787928221859705,-9,-0.06991377301328362
404403,福岡県,朝倉郡,15690,16877,32567,13464,1628,172,1800,225,10,2035,1272,52,1324,420,6,1750,285,0.8828449290626355,-195,-0.6040517935691716,480,1.4868967226318073
404471,福岡県,朝倉郡筑前町,14864,15941,30805,12674,1598,167,1765,219,6,1990,1200,49,1249,371,6,1626,364,1.195755724187773,-152,-0.4993265661443448,516,1.6950822903321179
404489,福岡県,朝倉郡東峰村,826,936,1762,790,30,5,35,6,4,45,72,3,75,49,0,124,-79,-4.2911461162411735,-43,-2.3356871265616514,-36,-1.9554589896795218
405001,福岡県,三井郡,7751,8370,16121,6417,718,112,830,129,2,961,684,64,748,168,8,924,37,0.2300422780402885,-39,-0.24247699577219597,76,0.4725192738124845
405035,福岡県,三井郡大刀洗町,7751,8370,16121,6417,718,112,830,129,2,961,684,64,748,168,8,924,37,0.2300422780402885,-39,-0.24247699577219597,76,0.4725192738124845
405205,福岡県,三潴郡,6513,7140,13653,5345,443,47,490,81,3,574,425,37,462,162,6,630,-56,-0.4084907724852287,-81,-0.590852724487563,25,0.18236195200233424
405221,福岡県,三潴郡大木町,6513,7140,13653,5345,443,47,490,81,3,574,425,37,462,162,6,630,-56,-0.4084907724852287,-81,-0.590852724487563,25,0.18236195200233424
405400,福岡県,八女郡,9334,9807,19141,8265,702,105,807,122,1,930,723,60,783,269,10,1062,-132,-0.6848959684532766,-147,-0.7627250557775126,15,0.07782908732423598
405442,福岡県,八女郡広川町,9334,9807,19141,8265,702,105,807,122,1,930,723,60,783,269,10,1062,-132,-0.6848959684532766,-147,-0.7627250557775126,15,0.07782908732423598
406007,福岡県,田川郡,33099,37015,70114,37852,2149,134,2283,298,29,2610,2376,87,2463,1500,30,3993,-1383,-1.9343468956739445,-1202,-1.6811894205351274,-181,-0.253157475138817
406015,福岡県,田川郡香春町,4684,5278,9962,5317,304,16,320,29,0,349,342,3,345,205,3,553,-204,-2.0066889632107023,-176,-1.7312610662994294,-28,-0.27542789691127284
406023,福岡県,田川郡添田町,3933,4378,8311,4375,200,8,208,24,0,232,242,6,248,185,0,433,-201,-2.3613721804511276,-161,-1.8914473684210527,-40,-0.4699248120300752
406040,福岡県,田川郡糸田町,3911,4358,8269,4541,298,18,316,37,3,356,338,15,353,174,8,535,-179,-2.118844696969697,-137,-1.621685606060606,-42,-0.4971590909090909
406058,福岡県,田川郡川崎町,6941,7863,14804,8421,379,28,407,67,15,489,532,17,549,339,15,903,-414,-2.7204626100670257,-272,-1.7873570771454856,-142,-0.9331055329215403
406082,福岡県,田川郡大任町,2313,2724,5037,2646,212,4,216,36,0,252,163,6,169,108,0,277,-25,-0.49387593836428295,-72,-1.4223627024891348,47,0.9284867641248519
406091,福岡県,田川郡赤村,1335,1508,2843,1456,90,1,91,20,2,113,88,2,90,69,1,160,-47,-1.6262975778546713,-49,-1.6955017301038062,2,0.06920415224913494
406104,福岡県,田川郡福智町,9982,10906,20888,11096,666,59,725,85,9,819,671,38,709,420,3,1132,-313,-1.476345455403047,-335,-1.5801141455591718,22,0.10376869015612472
406201,福岡県,京都郡,27958,27305,55263,27283,2871,274,3145,354,12,3511,3129,223,3352,722,47,4121,-610,-1.0917616737959301,-368,-0.6586365507490202,-242,-0.43312512304691
406210,福岡県,京都郡苅田町,19493,18060,37553,18879,2341,247,2588,299,3,2890,2535,191,2726,397,38,3161,-271,-0.7164763113367174,-98,-0.2590947546531303,-173,-0.45738155668358715
406252,福岡県,京都郡みやこ町,8465,9245,17710,8404,530,27,557,55,9,621,594,32,626,325,9,960,-339,-1.8782204000221618,-270,-1.4959277522300405,-69,-0.38229264779212146
406406,福岡県,築上郡,14542,15546,30088,14820,978,754,1732,153,13,1898,1914,51,1965,566,13,2544,-646,-2.1019066831522095,-413,-1.343788637990499,-233,-0.7581180451617101
406422,福岡県,築上郡吉富町,3112,3400,6512,3057,216,15,231,52,2,285,261,18,279,99,2,380,-95,-1.4378689268957168,-47,-0.7113667322536704,-48,-0.7265021946420462
406465,福岡県,築上郡上毛町,3415,3727,7142,3208,175,10,185,28,0,213,178,17,195,137,0,332,-119,-1.6388927145021346,-109,-1.5011706376532157,-10,-0.13772207684891888
406473,福岡県,築上郡築上町,8015,8419,16434,8555,587,729,1316,73,11,1400,1475,16,1491,330,11,1832,-432,-2.5613660618996796,-257,-1.5237756433060596,-175,-1.0375904185936202
410004,佐賀県,-,378910,415342,794252,348764,25275,3064,28339,4899,210,33448,27229,1315,28544,11386,317,40247,-6799,-0.8487599416266879,-6487,-0.8098111106533792,-312,-0.03894883097330881
412015,佐賀県,佐賀市,107226,119255,226481,104710,7169,967,8136,1414,20,9570,7604,417,8021,3019,91,11131,-1561,-0.684523026460038,-1605,-0.7038177177888284,44,0.01929469132879031
412023,佐賀県,唐津市,53695,60195,113890,51385,2491,175,2666,668,23,3357,2891,120,3011,1893,38,4942,-1585,-1.372591470015155,-1225,-1.0608356787183373,-360,-0.3117557912968175
412031,佐賀県,鳥栖市,36174,38355,74529,33974,3499,496,3995,525,33,4553,3481,177,3658,798,60,4516,37,0.0496697631960479,-273,-0.36648230682489397,310,0.41615207002094184
412040,佐賀県,多久市,8382,9222,17604,7909,417,363,780,73,2,855,907,29,936,295,8,1239,-384,-2.1347565043362238,-222,-1.2341561040693796,-162,-0.9006004002668445
412058,佐賀県,伊万里市,25251,26413,51664,23913,1387,270,1657,307,15,1979,1634,162,1796,774,24,2594,-615,-1.1763805734616195,-467,-0.8932841102545954,-148,-0.28309646320702386
412066,佐賀県,武雄市,22399,24573,46972,19319,1444,90,1534,283,9,1826,1566,28,1594,725,7,2326,-500,-1.053252443545669,-442,-0.9310751600943714,-58,-0.12217728345129762
412074,佐賀県,鹿島市,12891,14351,27242,10940,642,65,707,171,9,887,796,30,826,406,9,1241,-354,-1.2827946079141905,-235,-0.8515726916944485,-119,-0.43122191621974193
412082,佐賀県,小城市,21074,22989,44063,17680,1585,86,1671,317,29,2017,1550,38,1588,605,20,2213,-196,-0.44284778237194694,-288,-0.6507151087914322,92,0.2078673264194853
412091,佐賀県,嬉野市,11555,12891,24446,10093,684,78,762,120,9,891,738,29,767,431,7,1205,-314,-1.2681744749596122,-311,-1.2560581583198707,-3,-0.012116316639741519
412104,佐賀県,神埼市,14587,15598,30185,12485,1056,98,1154,194,11,1359,1158,34,1192,403,17,1612,-253,-0.8311978447992641,-209,-0.686641697877653,-44,-0.14455614692161114
413208,佐賀県,神埼郡,7881,8281,16162,6863,855,52,907,134,6,1047,836,47,883,185,5,1073,-26,-0.16061279960464542,-51,-0.3150481838398814,25,0.15443538423523598
413275,佐賀県,神埼郡吉野ヶ里町,7881,8281,16162,6863,855,52,907,134,6,1047,836,47,883,185,5,1073,-26,-0.16061279960464542,-51,-0.3150481838398814,25,0.15443538423523598
413402,佐賀県,三養基郡,25526,27682,53208,22266,2305,148,2453,353,21,2827,1932,129,2061,695,15,2771,56,0.1053582179409994,-342,-0.643437688139675,398,0.7487959060806743
413411,佐賀県,三養基郡基山町,8368,9197,17565,7574,762,88,850,106,10,966,657,77,734,235,7,976,-10,-0.05689900426742533,-129,-0.7339971550497866,119,0.6770981507823612
413453,佐賀県,三養基郡上峰町,4746,5124,9870,4016,554,26,580,84,7,671,503,14,517,100,2,619,52,0.5296394377673661,-16,-0.16296598085149724,68,0.6926054186188633
413461,佐賀県,三養基郡みやき町,12412,13361,25773,10676,989,34,1023,163,4,1190,772,38,810,360,6,1176,14,0.054349935944718354,-197,-0.7647812415078225,211,0.8191311774525409
413801,佐賀県,東松浦郡,2461,2364,4825,1891,109,2,111,14,2,127,176,3,179,88,1,268,-141,-2.83930728956907,-74,-1.4901329037454691,-67,-1.3491743858236005
413879,佐賀県,東松浦郡玄海町,2461,2364,4825,1891,109,2,111,14,2,127,176,3,179,88,1,268,-141,-2.83930728956907,-74,-1.4901329037454691,-67,-1.3491743858236005
414000,佐賀県,西松浦郡,8690,9849,18539,7894,460,56,516,82,7,605,574,18,592,312,2,906,-301,-1.5976645435244161,-230,-1.2208067940552019,-71,-0.37685774946921446
414018,佐賀県,西松浦郡有田町,8690,9849,18539,7894,460,56,516,82,7,605,574,18,592,312,2,906,-301,-1.5976645435244161,-230,-1.2208067940552019,-71,-0.37685774946921446
414204,佐賀県,杵島郡,17323,19245,36568,14248,1030,91,1121,211,7,1339,1160,43,1203,594,9,1806,-467,-1.2609693533144324,-383,-1.0341568786283246,-84,-0.2268124746861077
414239,佐賀県,杵島郡大町町,2769,3172,5941,2654,161,13,174,35,3,212,183,7,190,124,1,315,-103,-1.7041694242223693,-89,-1.472534745201853,-14,-0.2316346790205162
414247,佐賀県,杵島郡江北町,4574,5043,9617,3743,360,30,390,84,0,474,324,6,330,119,1,450,24,0.2501824246846659,-35,-0.36484936933180445,59,0.6150317940164703
414255,佐賀県,杵島郡白石町,9980,11030,21010,7851,509,48,557,92,4,653,653,30,683,351,7,1041,-388,-1.8132535751004768,-259,-1.2103934947191326,-129,-0.6028600803813441
414409,佐賀県,藤津郡,3795,4079,7874,3194,142,27,169,33,7,209,226,11,237,163,4,404,-195,-2.416656339075474,-130,-1.611104226050316,-65,-0.805552113025158
414417,佐賀県,藤津郡太良町,3795,4079,7874,3194,142,27,169,33,7,209,226,11,237,163,4,404,-195,-2.416656339075474,-130,-1.611104226050316,-65,-0.805552113025158
420000,長崎県,-,603308,671063,1274371,634937,40991,4888,45879,7045,419,53343,46258,2263,48521,19983,462,68966,-15623,-1.2110909042987796,-12938,-1.0029504013196961,-2685,-0.20814050297908362
422011,長崎県,長崎市,180915,209636,390551,205611,10599,1659,12258,1904,94,14256,12495,850,13345,6042,161,19548,-5292,-1.3368936674388583,-4138,-1.0453639447962955,-1154,-0.2915297226425628
422029,長崎県,佐世保市,110740,122767,233507,120221,7385,782,8167,1396,44,9607,9094,336,9430,3497,79,13006,-3399,-1.4347462706727563,-2101,-0.8868496365647134,-1298,-0.5478966341080429
422037,長崎県,島原市,19609,22435,42044,19967,1217,256,1473,225,19,1717,1457,55,1512,763,39,2314,-597,-1.40006097417978,-538,-1.2616964892943412,-59,-0.1383644848854389
422045,長崎県,諫早市,63955,69524,133479,63112,5086,499,5585,784,52,6421,4879,170,5049,1798,33,6880,-459,-0.34269587421045555,-1014,-0.7570667025041438,555,0.41437082829368815
422053,長崎県,大村市,48001,51693,99694,46994,5127,218,5345,813,44,6202,4003,87,4090,1052,24,5166,1036,1.0500922378317015,-239,-0.2422510085345334,1275,1.2923432463662348
422070,長崎県,平戸市,13308,14600,27908,13583,645,84,729,136,13,878,855,48,903,583,21,1507,-629,-2.2041560079896274,-447,-1.5663874969338052,-182,-0.6377685110558222
422088,長崎県,松浦市,9876,10563,20439,9842,506,68,574,97,7,678,743,44,787,420,15,1222,-544,-2.5925749416194064,-323,-1.5393413715865225,-221,-1.0532335700328836
422096,長崎県,対馬市,13463,13639,27102,14545,1115,76,1191,109,11,1311,1446,22,1468,550,12,2030,-719,-2.5843787067323243,-441,-1.5851335322238598,-278,-0.9992451745084648
422100,長崎県,壱岐市,11439,12297,23736,11308,623,21,644,120,3,767,838,14,852,533,6,1391,-624,-2.561576354679803,-413,-1.6954022988505748,-211,-0.8661740558292281
422118,長崎県,五島市,16125,17614,33739,19285,1091,107,1198,130,16,1344,1337,38,1375,710,11,2096,-752,-2.180278913339712,-580,-1.6815980980545648,-172,-0.4986808152851468
422126,長崎県,西海市,12520,12453,24973,12463,619,342,961,104,10,1075,933,62,995,531,13,1539,-464,-1.8241144789086763,-427,-1.6786570743405276,-37,-0.14545740456814876
422134,長崎県,雲仙市,19481,21243,40724,17796,1224,140,1364,244,9,1617,1336,112,1448,704,13,2165,-548,-1.3277767009110293,-460,-1.1145570847063384,-88,-0.21321961620469082
422142,長崎県,南島原市,18956,21684,40640,18320,701,95,796,158,12,966,1055,42,1097,870,11,1978,-1012,-2.4296552386440027,-712,-1.7094017094017095,-300,-0.7202535292422932
423009,長崎県,西彼杵郡,32876,35843,68719,30734,2720,367,3087,466,31,3584,3144,302,3446,762,11,4219,-635,-0.915592467629841,-296,-0.4267958589266661,-339,-0.48879660870317504
423076,長崎県,西彼杵郡長与町,18787,20692,39479,17136,1529,59,1588,235,19,1842,1697,70,1767,455,2,2224,-382,-0.9583301974360904,-220,-0.5519179147537694,-162,-0.40641228268232105
423084,長崎県,西彼杵郡時津町,14089,15151,29240,13598,1191,308,1499,231,12,1742,1447,232,1679,307,9,1995,-253,-0.8578306716848066,-76,-0.2576882650120368,-177,-0.6001424066727699
423203,長崎県,東彼杵郡,16311,18096,34407,14438,1184,65,1249,179,14,1442,1220,38,1258,574,5,1837,-395,-1.1349922418251823,-395,-1.1349922418251823,0,0
423211,長崎県,東彼杵郡東彼杵町,3543,3805,7348,3207,294,12,306,33,9,348,300,9,309,142,2,453,-105,-1.408828659600161,-109,-1.4624983228230244,4,0.053669663222863276
423220,長崎県,東彼杵郡川棚町,6083,6865,12948,5704,405,22,427,52,3,482,485,21,506,220,0,726,-244,-1.8496058217101274,-168,-1.2734990903577925,-76,-0.5761067313523348
423238,長崎県,東彼杵郡波佐見町,6685,7426,14111,5527,485,31,516,94,2,612,435,8,443,212,3,658,-46,-0.3249275976548704,-118,-0.8335099244190153,72,0.5085823267641449
423807,長崎県,北松浦郡,7648,8379,16027,7414,646,42,688,125,22,835,730,23,753,222,2,977,-142,-0.8782237615189561,-97,-0.5999134145587235,-45,-0.27831034696023255
423831,長崎県,北松浦郡小値賀町,992,1123,2115,1179,84,6,90,9,1,100,96,3,99,66,1,166,-66,-3.0261348005502064,-57,-2.613480055020633,-9,-0.41265474552957354
423912,長崎県,北松浦郡佐々町,6656,7256,13912,6235,562,36,598,116,21,735,634,20,654,156,1,811,-76,-0.5433228481555619,-40,-0.28595939376608526,-36,-0.25736345438947666
424005,長崎県,南松浦郡,8085,8597,16682,9304,503,67,570,55,18,643,693,20,713,372,6,1091,-448,-2.615294804436661,-317,-1.8505545826036192,-131,-0.7647402218330415
424111,長崎県,南松浦郡新上五島町,8085,8597,16682,9304,503,67,570,55,18,643,693,20,713,372,6,1091,-448,-2.615294804436661,-317,-1.8505545826036192,-131,-0.7647402218330415
430005,熊本県,-,817426,898934,1716360,817122,70587,8345,78932,10450,646,90028,72387,3762,76149,24601,1016,101766,-11738,-0.6792438854740876,-14151,-0.8188771701604887,2413,0.1396332846864009
431001,熊本県,熊本市,346223,385108,731331,363032,38731,3301,42032,5169,270,47471,37481,1301,38782,8612,468,47862,-391,-0.05343559439240586,-3443,-0.4705338912865815,3052,0.41709829689417566
431010,熊本県,熊本市中央区,82254,94321,176575,99319,12381,1163,13544,1139,119,14802,11993,513,12506,1955,190,14651,151,0.08558926223189589,-816,-0.4625221058359407,967,0.5481113680678366
431028,熊本県,熊本市東区,91272,99783,191055,91546,9323,807,10130,1461,52,11643,9466,280,9746,2000,80,11826,-183,-0.09569227873121451,-539,-0.28184774992417827,356,0.18615547119296375
431036,熊本県,熊本市西区,42313,47834,90147,45477,5029,245,5274,577,26,5877,4227,138,4365,1404,48,5817,60,0.06660228445835692,-827,-0.9180014874510195,887,0.9846037719093765
431044,熊本県,熊本市南区,63740,70103,133843,60190,6055,571,6626,1113,27,7766,5480,144,5624,1527,49,7200,566,0.424679427057932,-414,-0.3106312416996181,980,0.73531066875755
431052,熊本県,熊本市北区,66644,73067,139711,66500,5943,515,6458,879,46,7383,6315,226,6541,1726,101,8368,-985,-0.7000909762893046,-847,-0.6020071643827827,-138,-0.09808381190652185
432024,熊本県,八代市,55829,64194,120023,58061,3254,1141,4395,581,43,5019,4030,470,4500,1986,167,6653,-1634,-1.3431204123067313,-1405,-1.154886278635837,-229,-0.1882341336708944
432032,熊本県,人吉市,13804,15938,29742,15268,1121,130,1251,156,19,1426,1297,39,1336,526,14,1876,-450,-1.4904610492845787,-370,-1.2254901960784315,-80,-0.2649708532061473
432041,熊本県,荒尾市,23226,25810,49036,24018,1331,147,1478,238,7,1723,1434,87,1521,794,13,2328,-605,-1.2187506295199533,-556,-1.1200419008480893,-49,-0.09870872867186399
432059,熊本県,水俣市,10084,11555,21639,11011,474,41,515,94,14,623,664,20,684,427,6,1117,-494,-2.2319613247187458,-333,-1.504540731035106,-161,-0.7274205936836398
432067,熊本県,玉名市,30213,32369,62582,28620,1706,277,1983,332,41,2356,2083,175,2258,1032,21,3311,-955,-1.503061208429734,-700,-1.101720257487763,-255,-0.40134095094197086
432083,熊本県,山鹿市,22726,25276,48002,22002,1247,130,1377,212,12,1601,1313,81,1394,833,11,2238,-637,-1.3096486358683361,-621,-1.2767532227225067,-16,-0.03289541314582948
432105,熊本県,菊池市,22397,24202,46599,20582,1741,256,1997,242,24,2263,1626,155,1781,676,21,2478,-215,-0.45926432263852696,-434,-0.9270730977912591,219,0.46780877515273206
432113,熊本県,宇土市,17401,18742,36143,16184,1269,197,1466,231,18,1715,1391,49,1440,488,15,1943,-228,-0.6268730582057134,-257,-0.7066069121002997,29,0.07973385389458634
432121,熊本県,上天草市,11259,12333,23592,11025,507,39,546,80,9,635,787,28,815,511,2,1328,-693,-2.85361334156887,-431,-1.7747580811200327,-262,-1.0788552604488366
432130,熊本県,宇城市,27088,29268,56356,25352,1789,191,1980,333,15,2328,1919,99,2018,888,22,2928,-600,-1.053444764379521,-555,-0.9744364070510569,-45,-0.07900835732846408
432148,熊本県,阿蘇市,11432,12738,24170,11783,798,222,1020,108,1,1129,917,113,1030,440,15,1485,-356,-1.4515208350322106,-332,-1.353665497839028,-24,-0.09785533719318273
432156,熊本県,天草市,34046,37874,71920,35958,1589,161,1750,323,24,2097,1990,80,2070,1527,17,3614,-1517,-2.0657161921102443,-1204,-1.6395005242588887,-313,-0.42621566785135556
432164,熊本県,合志市,31653,33507,65160,26752,2668,232,2900,539,24,3463,2278,114,2392,648,14,3054,409,0.6316504764405183,-109,-0.16833716853793765,518,0.799987644978456
433403,熊本県,下益城郡,4138,4494,8632,4104,174,23,197,25,7,229,220,23,243,225,2,470,-241,-2.716105037754987,-200,-2.254029076975093,-41,-0.4620759607798941
433489,熊本県,下益城郡美里町,4138,4494,8632,4104,174,23,197,25,7,229,220,23,243,225,2,470,-241,-2.716105037754987,-200,-2.254029076975093,-41,-0.4620759607798941
433608,熊本県,玉名郡,18724,19318,38042,17358,988,218,1206,185,20,1411,1123,190,1313,641,22,1976,-565,-1.4634651747092495,-456,-1.1811329551635714,-109,-0.2823322195456782
433641,熊本県,玉名郡玉東町,2471,2687,5158,2127,126,15,141,36,0,177,114,10,124,86,0,210,-33,-0.6357156617222115,-50,-0.9632055480639569,17,0.32748988634174536
433675,熊本県,玉名郡南関町,4173,4484,8657,4058,214,45,259,29,11,299,268,34,302,189,7,498,-199,-2.2470641373080396,-160,-1.8066847335140017,-39,-0.4403794037940379
433683,熊本県,玉名郡長洲町,7730,7490,15220,7405,413,142,555,75,6,636,531,131,662,197,13,872,-236,-1.5269151138716357,-122,-0.7893374741200828,-114,-0.7375776397515528
433691,熊本県,玉名郡和水町,4350,4657,9007,3768,235,16,251,45,3,299,210,15,225,169,2,396,-97,-1.0654657293497363,-124,-1.3620386643233744,27,0.29657293497363796
434001,熊本県,菊池郡,39840,40264,80104,36082,4602,777,5379,585,41,6005,4652,373,5025,704,100,5829,176,0.2201981783605245,-119,-0.14888399559603643,295,0.3690821739565609
434035,熊本県,菊池郡大津町,18221,18122,36343,16574,2160,461,2621,256,26,2903,2063,156,2219,335,19,2573,330,0.9163357676394636,-79,-0.21936522922278065,409,1.1357009968622442
434043,熊本県,菊池郡菊陽町,21619,22142,43761,19508,2442,316,2758,329,15,3102,2589,217,2806,369,81,3256,-154,-0.3506774450643288,-40,-0.09108505066605943,-114,-0.25959239439826937
434205,熊本県,阿蘇郡,16748,17635,34383,16364,1502,482,1984,137,14,2135,1693,141,1834,633,24,2491,-356,-1.0247848239730561,-496,-1.427790091827629,140,0.4030052678545727
434230,熊本県,阿蘇郡南小国町,1817,1987,3804,1880,227,80,307,12,3,322,246,51,297,80,16,393,-71,-1.832258064516129,-68,-1.7548387096774194,-3,-0.07741935483870968
434248,熊本県,阿蘇郡小国町,3007,3288,6295,2999,217,264,481,24,0,505,515,14,529,145,1,675,-170,-2.6295436968290797,-121,-1.8716163959783447,-49,-0.7579273008507347
434256,熊本県,阿蘇郡産山村,718,643,1361,659,54,8,62,2,0,64,67,2,69,28,1,98,-34,-2.437275985663083,-26,-1.8637992831541221,-8,-0.5734767025089605
434281,熊本県,阿蘇郡高森町,2826,2997,5823,2934,242,39,281,16,1,298,265,21,286,122,1,409,-111,-1.870576339737108,-106,-1.7863161442534545,-5,-0.08426019548365353
434329,熊本県,阿蘇郡西原村,3487,3587,7074,3064,378,35,413,44,6,463,240,20,260,83,1,344,119,1.7109992810927388,-39,-0.5607476635514018,158,2.271746944644141
434337,熊本県,阿蘇郡南阿蘇村,4893,5133,10026,4828,384,56,440,39,4,483,360,33,393,175,4,572,-89,-0.87988136431043,-136,-1.3445378151260505,47,0.46465645081562035
434400,熊本県,上益城郡,40780,43686,84466,37126,3139,168,3307,548,26,3881,2815,107,2922,1309,37,4268,-387,-0.4560828727328438,-761,-0.8968451321697524,374,0.4407622594369085
434418,熊本県,上益城郡御船町,8321,8949,17270,7668,723,31,754,108,9,871,563,16,579,246,11,836,35,0.20307513780098638,-138,-0.8006962576153177,173,1.0037713954163041
434426,熊本県,上益城郡嘉島町,5002,5252,10254,4169,496,34,530,84,0,614,373,18,391,119,9,519,95,0.9351314105719066,-35,-0.3445220986317551,130,1.2796535092036618
434434,熊本県,上益城郡益城町,16409,17698,34107,14606,1382,45,1427,285,9,1721,1222,33,1255,387,13,1655,66,0.19388384595047148,-102,-0.29963867101436503,168,0.4935225169648365
434442,熊本県,上益城郡甲佐町,4783,5165,9948,4436,273,21,294,33,3,330,297,17,314,210,4,528,-198,-1.9515079834417506,-177,-1.7445298639858071,-21,-0.20697811945594324
434477,熊本県,上益城郡山都町,6265,6622,12887,6247,265,37,302,38,5,345,360,23,383,347,0,730,-385,-2.90084388185654,-309,-2.328209764918626,-76,-0.5726341169379143
434604,熊本県,八代郡,4959,5783,10742,4583,289,35,324,31,1,356,314,34,348,203,7,558,-202,-1.8457602339181287,-172,-1.5716374269005846,-30,-0.2741228070175438
434680,熊本県,八代郡氷川町,4959,5783,10742,4583,289,35,324,31,1,356,314,34,348,203,7,558,-202,-1.8457602339181287,-172,-1.5716374269005846,-30,-0.2741228070175438
434809,熊本県,葦北郡,8998,9986,18984,8700,367,27,394,69,7,470,514,21,535,450,1,986,-516,-2.646153846153846,-381,-1.953846153846154,-135,-0.6923076923076923
434825,熊本県,葦北郡芦北町,7050,7827,14877,6861,285,19,304,53,7,364,410,18,428,342,1,771,-407,-2.662915467155195,-289,-1.890866265375556,-118,-0.7720492017796389
434841,熊本県,葦北郡津奈木町,1948,2159,4107,1839,82,8,90,16,0,106,104,3,107,108,0,215,-109,-2.5853889943074004,-92,-2.1821631878557874,-17,-0.4032258064516129
435007,熊本県,球磨郡,22892,25598,48490,20148,1140,133,1273,218,8,1499,1650,53,1703,881,9,2593,-1094,-2.206356889319135,-663,-1.3371248789932237,-431,-0.8692320103259117
435015,熊本県,球磨郡錦町,4752,5281,10033,3993,281,23,304,63,0,367,377,17,394,161,2,557,-190,-1.8585542404382274,-98,-0.9586227134891911,-92,-0.8999315269490364
435058,熊本県,球磨郡多良木町,3911,4410,8321,3605,169,17,186,30,4,220,284,3,287,166,0,453,-233,-2.723871872808043,-136,-1.5898994622398879,-97,-1.1339724105681552
435066,熊本県,球磨郡湯前町,1630,1815,3445,1510,90,2,92,16,0,108,108,0,108,77,0,185,-77,-2.1862578080636004,-61,-1.7319704713231119,-16,-0.4542873367404884
435074,熊本県,球磨郡水上村,911,1022,1933,837,37,1,38,7,0,45,53,2,55,33,0,88,-43,-2.1761133603238867,-26,-1.3157894736842104,-17,-0.8603238866396761
435104,熊本県,球磨郡相良村,1907,2054,3961,1590,88,21,109,16,0,125,115,5,120,63,0,183,-58,-1.443145060960438,-47,-1.1694451356058722,-11,-0.2736999253545658
435112,熊本県,球磨郡五木村,451,478,929,462,28,54,82,5,0,87,84,1,85,15,0,100,-13,-1.3800424628450108,-10,-1.0615711252653928,-3,-0.3184713375796179
435121,熊本県,球磨郡山江村,1475,1687,3162,1195,80,2,82,16,2,100,108,1,109,50,0,159,-59,-1.8317292766221671,-34,-1.055572803477181,-25,-0.776156473144986
435139,熊本県,球磨郡球磨村,1277,1371,2648,1189,44,2,46,7,1,54,133,0,133,59,0,192,-138,-4.953338119167265,-52,-1.8664752333094041,-86,-3.086862885857861
435147,熊本県,球磨郡あさぎり町,6578,7480,14058,5767,323,11,334,58,1,393,388,24,412,257,7,676,-283,-1.9733630848615857,-199,-1.3876298723938358,-84,-0.5857332124677498
435201,熊本県,天草郡,2966,3256,6222,3009,161,17,178,14,1,193,196,9,205,167,8,380,-187,-2.9177718832891246,-153,-2.3872679045092835,-34,-0.5305039787798408
435317,熊本県,天草郡苓北町,2966,3256,6222,3009,161,17,178,14,1,193,196,9,205,167,8,380,-187,-2.9177718832891246,-153,-2.3872679045092835,-34,-0.5305039787798408
440001,大分県,-,526667,575435,1102102,550807,33461,6260,39721,6040,306,46067,36443,2761,39204,16807,781,56792,-10725,-0.9637616628640391,-10767,-0.9675358344109193,42,0.003774171546880153
442011,大分県,大分市,227568,245330,472898,232919,13028,1541,14569,3139,102,17810,13364,617,13981,5402,194,19577,-1767,-0.37226254305668205,-2263,-0.47675729198487354,496,0.10449474892819145
442020,大分県,別府市,51549,60566,112115,63061,4290,1675,5965,525,20,6510,4333,730,5063,1961,297,7321,-811,-0.718169420682571,-1436,-1.2716292085082266,625,0.5534597878256557
442038,大分県,中津市,39980,41544,81524,41353,3622,320,3942,477,56,4475,3492,435,3927,1188,57,5172,-697,-0.8477153038761388,-711,-0.864742584011384,14,0.017027280135245255
442046,大分県,日田市,28638,31569,60207,27677,1499,221,1720,313,16,2049,1768,93,1861,1081,25,2967,-918,-1.501840490797546,-768,-1.2564417177914111,-150,-0.245398773006135
442054,大分県,佐伯市,30181,34269,64450,32730,1320,248,1568,262,9,1839,1619,123,1742,1240,31,3013,-1174,-1.7889796415945385,-978,-1.4903084237474096,-196,-0.2986712178471291
442062,大分県,臼杵市,16614,18281,34895,16835,800,69,869,135,6,1010,1002,43,1045,687,3,1735,-725,-2.035373385738349,-552,-1.549691184727681,-173,-0.4856822010106681
442071,大分県,津久見市,7089,7891,14980,7562,297,13,310,40,7,357,439,8,447,316,0,763,-406,-2.6387625113739763,-276,-1.7938385545300923,-130,-0.844923956843884
442089,大分県,竹田市,8930,9987,18917,9715,558,106,664,53,9,726,652,48,700,476,13,1189,-463,-2.3890608875129,-423,-2.1826625386996907,-40,-0.20639834881320948
442097,大分県,豊後高田市,10419,11329,21748,11065,866,133,999,114,19,1132,804,118,922,402,20,1344,-212,-0.9653916211293261,-288,-1.3114754098360655,76,0.3460837887067395
442101,大分県,杵築市,12820,13333,26153,13064,777,67,844,92,1,937,961,40,1001,482,12,1495,-558,-2.089026992624761,-390,-1.4600726292538655,-168,-0.6289543633708958
442119,大分県,宇佐市,24824,27148,51972,25995,1501,280,1781,217,12,2010,1603,192,1795,942,46,2783,-773,-1.4655417575125604,-725,-1.3745378708882359,-48,-0.09100388662432458
442127,大分県,豊後大野市,15024,16974,31998,15506,802,235,1037,102,6,1145,1091,55,1146,749,17,1912,-767,-2.3409125591332214,-647,-1.9746680909507097,-120,-0.36624446818251183
442135,大分県,由布市,16014,17507,33521,16218,1649,271,1920,206,20,2146,1557,132,1689,484,32,2205,-59,-0.17569982132221562,-278,-0.8278737343656939,219,0.6521739130434783
442143,大分県,国東市,12160,12914,25074,12983,743,946,1689,78,9,1776,1844,52,1896,555,7,2458,-682,-2.647926696692033,-477,-1.85199565149868,-205,-0.795931045193353
443204,大分県,東国東郡,820,891,1711,853,26,0,26,1,0,27,34,0,34,39,0,73,-46,-2.6180990324416618,-38,-2.1627774615822424,-8,-0.4553215708594195
443221,大分県,東国東郡姫島村,820,891,1711,853,26,0,26,1,0,27,34,0,34,39,0,73,-46,-2.6180990324416618,-38,-2.1627774615822424,-8,-0.4553215708594195
443409,大分県,速見郡,13388,14441,27829,12894,994,69,1063,183,9,1255,1016,37,1053,384,9,1446,-191,-0.681655960028551,-201,-0.7173447537473234,10,0.03568879371877231
443417,大分県,速見郡日出町,13388,14441,27829,12894,994,69,1063,183,9,1255,1016,37,1053,384,9,1446,-191,-0.681655960028551,-201,-0.7173447537473234,10,0.03568879371877231
444600,大分県,玖珠郡,10649,11461,22110,10377,689,66,755,103,5,863,864,38,902,419,18,1339,-476,-2.107500221376074,-316,-1.39909678561941,-160,-0.7084034357566634
444618,大分県,玖珠郡九重町,3975,4327,8302,3843,221,35,256,35,2,293,300,18,318,182,14,514,-221,-2.5929836911885484,-147,-1.7247448081661387,-74,-0.8682388830224099
444626,大分県,玖珠郡玖珠町,6674,7134,13808,6534,468,31,499,68,3,570,564,20,584,237,4,825,-255,-1.8132688615515893,-169,-1.201735049420465,-86,-0.6115338121311242
450006,宮崎県,-,497493,550854,1048347,534102,33564,2905,36469,6029,318,42816,34888,1567,36455,16405,319,53179,-10363,-0.9788327303983149,-10376,-0.9800606398352711,13,0.001227909436956296
452017,宮崎県,宮崎市,186261,208243,394504,202865,11957,949,12906,2467,92,15465,12830,514,13344,4922,101,18367,-2902,-0.7302355777215241,-2455,-0.6177561486238256,-447,-0.11247942909769856
452025,宮崎県,都城市,77017,85557,162574,82324,7406,676,8082,1065,60,9207,5223,353,5576,2515,57,8148,1059,0.6556666563477077,-1450,-0.8977494350369936,2509,1.5534160913847013
452033,宮崎県,延岡市,54296,59640,113936,59399,2782,164,2946,654,23,3623,3357,113,3470,2047,17,5534,-1911,-1.6495895448306819,-1393,-1.202448056488299,-518,-0.4471414883423826
452041,宮崎県,日南市,22869,25329,48198,25835,1255,188,1443,201,18,1662,1419,67,1486,964,51,2501,-839,-1.7109529538919592,-763,-1.5559679425739747,-76,-0.15498501131798437
452050,宮崎県,小林市,19669,22406,42075,22086,1232,117,1349,205,36,1590,1536,90,1626,802,31,2459,-869,-2.023565573770492,-597,-1.3901825633383011,-272,-0.6333830104321907
452068,宮崎県,日向市,27760,30087,57847,29136,1633,103,1736,306,14,2056,1947,45,1992,900,4,2896,-840,-1.4313220985908295,-594,-1.0121491982892294,-246,-0.4191729003016
452076,宮崎県,串間市,7580,8467,16047,8534,374,58,432,72,1,505,597,14,611,359,5,975,-470,-2.845553066537507,-287,-1.737603681055882,-183,-1.107949385481625
452084,宮崎県,西都市,13393,14685,28078,13951,779,143,922,126,6,1054,903,47,950,518,11,1479,-425,-1.4910711153211944,-392,-1.375293828719784,-33,-0.11577728660141037
452092,宮崎県,えびの市,8091,8976,17067,9231,556,136,692,57,12,761,804,33,837,371,11,1219,-458,-2.6134094151212555,-314,-1.7917261055634806,-144,-0.8216833095577747
453404,宮崎県,北諸県郡,12181,13503,25684,11708,900,27,927,182,9,1118,969,40,1009,301,2,1312,-194,-0.7496715356673622,-119,-0.4598500656928665,-75,-0.2898214699744957
453412,宮崎県,北諸県郡三股町,12181,13503,25684,11708,900,27,927,182,9,1118,969,40,1009,301,2,1312,-194,-0.7496715356673622,-119,-0.4598500656928665,-75,-0.2898214699744957
453609,宮崎県,西諸県郡,3992,4401,8393,4307,190,19,209,31,1,241,260,11,271,163,4,438,-197,-2.2933643771827708,-132,-1.5366705471478463,-65,-0.7566938300349243
453617,宮崎県,西諸県郡高原町,3992,4401,8393,4307,190,19,209,31,1,241,260,11,271,163,4,438,-197,-2.2933643771827708,-132,-1.5366705471478463,-65,-0.7566938300349243
453803,宮崎県,東諸県郡,11890,13138,25028,12262,816,53,869,128,4,1001,769,57,826,491,2,1319,-318,-1.2546358399747495,-363,-1.4321786475183462,45,0.1775428075435966
453820,宮崎県,東諸県郡国富町,8656,9587,18243,9043,611,44,655,107,4,766,533,44,577,349,2,928,-162,-0.8801955990220048,-242,-1.3148600923662048,80,0.43466449334419993
453838,宮崎県,東諸県郡綾町,3234,3551,6785,3219,205,9,214,21,0,235,236,13,249,142,0,391,-156,-2.247514767324593,-121,-1.7432646592709984,-35,-0.5042501080535946
454001,宮崎県,児湯郡,31722,34369,66091,32193,2404,214,2618,332,27,2977,2728,163,2891,1111,16,4018,-1041,-1.550676279568611,-779,-1.1604004051719001,-262,-0.39027587439671096
454010,宮崎県,児湯郡高鍋町,9163,10112,19275,9647,816,68,884,95,11,990,880,26,906,304,3,1213,-223,-1.1437070468766026,-209,-1.0719048107498206,-14,-0.07180223612678223
454028,宮崎県,児湯郡新富町,8103,8377,16480,7955,772,28,800,89,3,892,829,48,877,249,4,1130,-238,-1.4236152649838498,-160,-0.9570522789807393,-78,-0.46656298600311047
454036,宮崎県,児湯郡西米良村,510,481,991,523,29,4,33,7,0,40,55,0,55,15,0,70,-30,-2.9382957884427032,-8,-0.7835455435847208,-22,-2.1547502448579823
454044,宮崎県,児湯郡木城町,2166,2544,4710,2187,104,14,118,17,1,136,150,1,151,91,1,243,-107,-2.2212995640440107,-74,-1.536225866722026,-33,-0.6850736973219846
454052,宮崎県,児湯郡川南町,6993,7624,14617,7088,390,80,470,60,11,541,512,63,575,273,6,854,-313,-2.096450100468855,-213,-1.4266577361018085,-100,-0.6697923643670463
454061,宮崎県,児湯郡都農町,4787,5231,10018,4793,293,20,313,64,1,378,302,25,327,179,2,508,-130,-1.2810405991328342,-115,-1.1332282223098147,-15,-0.14781237682301931
454206,宮崎県,東臼杵郡,12273,13050,25323,12369,745,25,770,126,12,908,907,7,914,541,5,1460,-552,-2.1333333333333333,-415,-1.603864734299517,-137,-0.5294685990338164
454214,宮崎県,東臼杵郡門川町,8117,8872,16989,8174,486,17,503,95,9,607,534,6,540,311,5,856,-249,-1.4444831186912634,-216,-1.2530455969369996,-33,-0.19143752175426382
454290,宮崎県,東臼杵郡諸塚村,708,698,1406,656,40,0,40,6,1,47,64,0,64,35,0,99,-52,-3.5665294924554183,-29,-1.9890260631001373,-23,-1.577503429355281
454303,宮崎県,東臼杵郡椎葉村,1237,1169,2406,1146,75,4,79,10,1,90,124,0,124,62,0,186,-96,-3.8369304556354913,-52,-2.0783373301358914,-44,-1.7585931254996003
454311,宮崎県,東臼杵郡美郷町,2211,2311,4522,2393,144,4,148,15,1,164,185,1,186,133,0,319,-155,-3.314090228779132,-118,-2.5229848193286295,-37,-0.7911054094505025
454401,宮崎県,西臼杵郡,8499,9003,17502,7902,535,33,568,77,3,648,639,13,652,400,2,1054,-406,-2.2671431762340855,-323,-1.803663167299531,-83,-0.4634800089345544
454419,宮崎県,西臼杵郡高千穂町,5253,5552,10805,4848,311,22,333,51,2,386,384,11,395,222,2,619,-233,-2.110889653922812,-171,-1.549193694509875,-62,-0.5616959594129372
454427,宮崎県,西臼杵郡日之影町,1634,1785,3419,1572,82,2,84,16,1,101,87,0,87,80,0,167,-66,-1.8938307030129127,-64,-1.836441893830703,-2,-0.05738880918220947
454435,宮崎県,西臼杵郡五ヶ瀬町,1612,1666,3278,1482,142,9,151,10,0,161,168,2,170,98,0,268,-107,-3.1610044313146233,-88,-2.5997045790251105,-19,-0.5612998522895126
460001,鹿児島県,-,739056,819864,1558920,813191,53764,4940,58704,8993,497,68194,58580,2295,60875,24206,554,85635,-17441,-1.1064090014914096,-15213,-0.9650708181691885,-2228,-0.14133818332222123
462012,鹿児島県,鹿児島市,275603,315660,591263,305186,17825,1647,19472,3750,90,23312,19137,724,19861,7091,139,27091,-3779,-0.6350812211574981,-3341,-0.5614729716557824,-438,-0.07360824950171585
462039,鹿児島県,鹿屋市,47225,51401,98626,51220,4090,271,4361,659,41,5061,4333,130,4463,1578,48,6089,-1028,-1.0315692295341883,-919,-0.9221907800991431,-109,-0.10937844943504525
462047,鹿児島県,枕崎市,8707,10191,18898,10355,488,193,681,66,4,751,625,60,685,394,9,1088,-337,-1.7520145567975047,-328,-1.7052248505328826,-9,-0.04678970626462178
462063,鹿児島県,阿久根市,8610,9537,18147,9629,472,41,513,85,5,603,536,29,565,419,10,994,-391,-2.109181141439206,-334,-1.801704606753695,-57,-0.30747653468551084
462080,鹿児島県,出水市,24338,27067,51405,25953,1586,321,1907,272,9,2188,1650,121,1771,765,30,2566,-378,-0.7299692949423556,-493,-0.9520499005465114,115,0.22208060560415582
462101,鹿児島県,指宿市,17355,19852,37207,19559,1069,247,1316,160,14,1490,1341,94,1435,749,19,2203,-713,-1.8802742616033756,-589,-1.5532700421940928,-124,-0.3270042194092827
462136,鹿児島県,西之表市,6886,7209,14095,7952,824,32,856,78,7,941,863,4,867,270,5,1142,-201,-1.405987688864018,-192,-1.3430330162283157,-9,-0.0629546726357023
462144,鹿児島県,垂水市,6128,6845,12973,7187,387,67,454,31,2,487,440,44,484,281,7,772,-285,-2.14964549705838,-250,-1.8856539447880527,-35,-0.26399155227032733
462152,鹿児島県,薩摩川内市,44024,46512,90536,46466,3012,268,3280,543,28,3851,3305,83,3388,1439,30,4857,-1006,-1.098949116252649,-896,-0.9787856939983833,-110,-0.1201634222542658
462161,鹿児島県,日置市,21934,24200,46134,22614,1649,134,1783,262,9,2054,1750,43,1793,754,15,2562,-508,-1.0891471206208996,-492,-1.0548432743021312,-16,-0.03430384631876849
462179,鹿児島県,曽於市,15117,17068,32185,17149,890,109,999,122,10,1131,1070,83,1153,724,17,1894,-763,-2.3157703047225935,-602,-1.8271215248270003,-161,-0.488648779895593
462187,鹿児島県,霧島市,59654,63416,123070,62880,4991,253,5244,776,59,6079,5138,142,5280,1605,103,6988,-909,-0.7331886851805548,-829,-0.6686616281789658,-80,-0.06452705700158898
462195,鹿児島県,いちき串木野市,12237,13571,25808,13153,805,138,943,103,7,1053,869,51,920,467,5,1392,-339,-1.2965158526790836,-364,-1.3921291161509923,25,0.09561326347190882
462209,鹿児島県,南さつま市,14540,16554,31094,16619,1057,71,1128,138,7,1273,1192,36,1228,667,4,1899,-626,-1.9735182849936947,-529,-1.6677175283732661,-97,-0.30580075662042877
462217,鹿児島県,志布志市,13781,14912,28693,15087,941,190,1131,151,14,1296,1181,78,1259,520,17,1796,-500,-1.7127393553249066,-369,-1.2640016442297812,-131,-0.4487377110951256
462225,鹿児島県,奄美市,19373,20866,40239,23366,1931,44,1975,224,21,2220,2265,23,2288,643,15,2946,-726,-1.7722445990479678,-419,-1.0228243622604662,-307,-0.7494202367875016
462233,鹿児島県,南九州市,14858,16599,31457,16148,865,147,1012,133,14,1159,1014,86,1100,670,11,1781,-622,-1.9389631846379252,-537,-1.6739923314317777,-85,-0.2649708532061473
462241,鹿児島県,伊佐市,10629,12119,22748,12446,568,50,618,105,9,732,760,29,789,536,4,1329,-597,-2.5572927821803386,-431,-1.8462197472692226,-166,-0.7110730349111158
462250,鹿児島県,姶良市,36847,41276,78123,38622,3343,147,3490,527,38,4055,2950,105,3055,1086,9,4150,-95,-0.12145541946866449,-559,-0.7146692577156153,464,0.5932138382469508
463001,鹿児島県,鹿児島郡,543,474,1017,577,170,7,177,9,2,188,179,4,183,18,0,201,-13,-1.262135922330097,-9,-0.8737864077669903,-4,-0.3883495145631068
463035,鹿児島県,鹿児島郡三島村,176,168,344,197,54,2,56,1,0,57,68,2,70,7,0,77,-20,-5.4945054945054945,-6,-1.6483516483516485,-14,-3.8461538461538463
463043,鹿児島県,鹿児島郡十島村,367,306,673,380,116,5,121,8,2,131,111,2,113,11,0,124,7,1.0510510510510511,-3,-0.45045045045045046,10,1.5015015015015014
463809,鹿児島県,薩摩郡,8780,9916,18696,9876,515,85,600,71,7,678,677,78,755,376,8,1139,-461,-2.4064310695829203,-305,-1.5921073236936891,-156,-0.8143237458892311
463922,鹿児島県,薩摩郡さつま町,8780,9916,18696,9876,515,85,600,71,7,678,677,78,755,376,8,1139,-461,-2.4064310695829203,-305,-1.5921073236936891,-156,-0.8143237458892311
464007,鹿児島県,出水郡,4569,4830,9399,4352,176,25,201,51,5,257,288,23,311,190,0,501,-244,-2.530332883957275,-139,-1.4414601265166442,-105,-1.0888727574406305
464040,鹿児島県,出水郡長島町,4569,4830,9399,4352,176,25,201,51,5,257,288,23,311,190,0,501,-244,-2.530332883957275,-139,-1.4414601265166442,-105,-1.0888727574406305
464406,鹿児島県,姶良郡,3953,4341,8294,4623,306,20,326,29,28,383,334,19,353,187,12,552,-169,-1.9969278033794162,-158,-1.8669502540470284,-11,-0.12997754933238803
464520,鹿児島県,姶良郡湧水町,3953,4341,8294,4623,306,20,326,29,28,383,334,19,353,187,12,552,-169,-1.9969278033794162,-158,-1.8669502540470284,-11,-0.12997754933238803
464601,鹿児島県,曽於郡,5721,6193,11914,6547,396,235,631,44,4,679,603,65,668,232,7,907,-228,-1.8777796079723277,-188,-1.548344589029814,-40,-0.3294350189425136
464686,鹿児島県,曽於郡大崎町,5721,6193,11914,6547,396,235,631,44,4,679,603,65,668,232,7,907,-228,-1.8777796079723277,-188,-1.548344589029814,-40,-0.3294350189425136
464805,鹿児島県,肝属郡,15549,16476,32025,17572,1088,75,1163,138,11,1312,1342,65,1407,832,7,2246,-934,-2.8338238417427712,-694,-2.1056464091750358,-240,-0.7281774325677357
464821,鹿児島県,肝属郡東串良町,3020,3341,6361,3250,287,24,311,31,4,346,271,33,304,131,3,438,-92,-1.425693475902681,-100,-1.5496668216333487,8,0.12397334573066791
464902,鹿児島県,肝属郡錦江町,2947,3218,6165,3456,201,21,222,24,1,247,289,13,302,176,3,481,-234,-3.6568213783403656,-152,-2.37537115174246,-82,-1.2814502265979058
464911,鹿児島県,肝属郡南大隅町,2889,3023,5912,3450,138,1,139,17,2,158,228,2,230,179,0,409,-251,-4.072691870842123,-162,-2.628589972416031,-89,-1.4441018984260912
464929,鹿児島県,肝属郡肝付町,6693,6894,13587,7416,462,29,491,66,4,561,554,17,571,346,1,918,-357,-2.5602409638554215,-280,-2.0080321285140563,-77,-0.5522088353413654
465003,鹿児島県,熊毛郡,11603,12021,23624,13336,1240,28,1268,104,18,1390,1395,31,1426,507,13,1946,-556,-2.2994210090984284,-403,-1.6666666666666667,-153,-0.6327543424317618
465011,鹿児島県,熊毛郡中種子町,3407,3695,7102,4035,304,5,309,26,3,338,377,8,385,151,1,537,-199,-2.7256540199972608,-125,-1.712094233666621,-74,-1.0135597863306396
465020,鹿児島県,熊毛郡南種子町,2610,2586,5196,2872,343,1,344,28,0,372,331,1,332,130,2,464,-92,-1.739788199697428,-102,-1.9288956127080183,10,0.18910741301059003
465054,鹿児島県,熊毛郡屋久島町,5586,5740,11326,6429,593,22,615,50,15,680,687,22,709,226,10,945,-265,-2.2862565783797772,-176,-1.5184194633767578,-89,-0.7678371150030195
465208,鹿児島県,大島郡,30492,30758,61250,34717,3080,95,3175,362,34,3571,3343,45,3388,1206,10,4604,-1033,-1.6585585151646518,-844,-1.3551049242971596,-189,-0.3034535908674919
465232,鹿児島県,大島郡大和村,712,672,1384,832,77,0,77,9,0,86,81,0,81,34,0,115,-29,-2.0523708421797595,-25,-1.7692852087756548,-4,-0.28308563340410475
465241,鹿児島県,大島郡宇検村,789,815,1604,966,98,5,103,3,0,106,88,4,92,34,0,126,-20,-1.2315270935960592,-31,-1.9088669950738917,11,0.6773399014778325
465259,鹿児島県,大島郡瀬戸内町,4033,4051,8084,5041,436,14,450,50,1,501,512,5,517,194,0,711,-210,-2.5319508078128767,-144,-1.7361948396431153,-66,-0.7957559681697612
465275,鹿児島県,大島郡龍郷町,2897,3117,6014,3210,401,7,408,34,1,443,307,4,311,110,2,423,20,0.333667000333667,-76,-1.2679346012679347,96,1.6016016016016015
465291,鹿児島県,大島郡喜界町,3112,3195,6307,3640,255,7,262,32,8,302,266,2,268,135,2,405,-103,-1.606864274570983,-103,-1.606864274570983,0,0
465305,鹿児島県,大島郡徳之島町,4898,4946,9844,5605,464,11,475,77,3,555,603,3,606,171,1,778,-223,-2.2151584384623026,-94,-0.9337439157643787,-129,-1.2814145226979239
465313,鹿児島県,大島郡天城町,2797,2664,5461,3085,234,4,238,39,9,286,254,0,254,115,0,369,-83,-1.4971139971139973,-76,-1.3708513708513708,-7,-0.12626262626262627
465321,鹿児島県,大島郡伊仙町,3083,3049,6132,3459,260,14,274,37,3,314,271,6,277,106,1,384,-70,-1.1286681715575622,-69,-1.1125443405353113,-1,-0.016123831022250887
465330,鹿児島県,大島郡和泊町,2992,2983,5975,3249,282,22,304,32,7,343,402,13,415,102,1,518,-175,-2.8455284552845526,-70,-1.1382113821138211,-105,-1.707317073170732
465348,鹿児島県,大島郡知名町,2707,2676,5383,2971,312,7,319,22,1,342,332,8,340,125,3,468,-126,-2.2871664548919948,-103,-1.8696678163005989,-23,-0.4174986385913959
465356,鹿児島県,大島郡与論町,2472,2590,5062,2659,261,4,265,27,1,293,227,0,227,80,0,307,-14,-0.27580772261623326,-53,-1.0441292356185972,39,0.7683215130023641
470007,沖縄県,-,731868,752213,1484081,713483,71740,8390,80130,11934,1001,93065,73882,4077,77959,15479,1215,94653,-1588,-0.10688787340921835,-3545,-0.23861304233984823,1957,0.1317251689306299
472018,沖縄県,那覇市,151604,161820,313424,161048,13983,2323,16306,2122,151,18579,16211,623,16834,3544,262,20640,-2061,-0.6532798706753095,-1422,-0.4507345832606939,-639,-0.20254528741461558
472051,沖縄県,宜野湾市,48793,51650,100443,48176,5122,407,5529,912,61,6502,5197,237,5434,852,95,6381,121,0.1206116305496302,60,0.05980742010725464,61,0.06080421044237555
472077,沖縄県,石垣市,25272,24558,49830,26612,3245,321,3566,392,75,4033,3619,205,3824,521,49,4394,-361,-0.7192524556195334,-129,-0.2570181905122432,-232,-0.4622342651072901
472085,沖縄県,浦添市,55983,59503,115486,54397,4929,618,5547,1025,72,6644,5399,197,5596,1036,71,6703,-59,-0.0510623566575793,-11,-0.009520100393785971,-48,-0.04154225626379333
472093,沖縄県,名護市,32189,32545,64734,32760,3317,302,3619,502,50,4171,3128,174,3302,638,51,3991,180,0.27883632307835304,-136,-0.21067633299253338,316,0.48951265607088634
472107,沖縄県,糸満市,31632,30618,62250,28772,2745,460,3205,526,35,3766,3217,183,3400,663,60,4123,-357,-0.5702237768939575,-137,-0.21882537096490806,-220,-0.3513984059290495
472115,沖縄県,沖縄市,68809,72930,141739,67477,5788,428,6216,1250,83,7549,6252,312,6564,1404,125,8093,-544,-0.3823366108389618,-154,-0.1082349964507355,-390,-0.2741016143882263
472123,沖縄県,豊見城市,32232,33657,65889,28690,3036,138,3174,632,36,3842,3367,98,3465,576,13,4054,-212,-0.3207213204036248,56,0.08471883935190087,-268,-0.4054401597555256
472131,沖縄県,うるま市,63652,63296,126948,58470,5014,513,5527,1047,98,6672,4521,273,4794,1322,123,6239,433,0.34225190688851126,-275,-0.2173655297790776,708,0.5596174366675888
472140,沖縄県,宮古島市,28276,27380,55656,30599,3562,331,3893,384,49,4326,3382,149,3531,791,72,4394,-68,-0.12203000502476491,-407,-0.7303854712511665,339,0.6083554662264016
472158,沖縄県,南城市,23616,23313,46929,20361,2409,100,2509,412,25,2946,1854,98,1952,514,9,2475,471,1.0138189332300143,-102,-0.21955314477592663,573,1.233372078005941
473006,沖縄県,国頭郡,33121,31596,64717,33279,3417,1018,4435,411,83,4929,3374,579,3953,995,100,5048,-119,-0.18354000863717687,-584,-0.9007341600345488,465,0.7171941513973717
473014,沖縄県,国頭郡国頭村,2315,2144,4459,2372,221,33,254,26,1,281,210,22,232,97,5,334,-53,-1.174645390070922,-71,-1.5735815602836878,18,0.39893617021276595
473022,沖縄県,国頭郡大宜味村,1551,1359,2910,1699,113,12,125,14,3,142,148,6,154,64,1,219,-77,-2.5778372949447603,-50,-1.6739203213927016,-27,-0.9039169735520589
473031,沖縄県,国頭郡東村,934,767,1701,934,75,6,81,7,1,89,91,5,96,24,1,121,-32,-1.8465089440276976,-17,-0.9809578765147143,-15,-0.8655510675129832
473065,沖縄県,国頭郡今帰仁村,4712,4471,9183,4602,340,38,378,38,11,427,371,16,387,140,3,530,-103,-1.1091966401033815,-102,-1.0984277406849021,-1,-0.010768899418479432
473081,沖縄県,国頭郡本部町,6577,6322,12899,6708,617,97,714,83,5,802,608,48,656,214,3,873,-71,-0.5474171164225136,-131,-1.010023130300694,60,0.4626060138781804
473111,沖縄県,国頭郡恩納村,5785,5531,11316,6109,899,712,1611,55,37,1703,1037,417,1454,134,61,1649,54,0.47948854555141185,-79,-0.7014739833066951,133,1.180962528858107
473138,沖縄県,国頭郡宜野座村,3270,3230,6500,2862,435,39,474,59,13,546,279,20,299,79,7,385,161,2.539832781195772,-20,-0.3155071777882947,181,2.855339958984067
473146,沖縄県,国頭郡金武町,5765,5716,11481,5725,548,66,614,107,5,726,471,36,507,171,19,697,29,0.25323087670275934,-64,-0.5588543485854,93,0.8120852252881592
473154,沖縄県,国頭郡伊江村,2212,2056,4268,2268,169,15,184,22,7,213,159,9,168,72,0,240,-27,-0.6286379511059371,-50,-1.1641443538998837,23,0.5355064027939465
473201,沖縄県,中頭郡,78717,82033,160750,70885,8314,1077,9391,1290,95,10776,7963,785,8748,1533,142,10423,353,0.22007892915702912,-243,-0.15149909287580193,596,0.371578022032831
473243,沖縄県,中頭郡読谷村,20719,21570,42289,18217,1913,264,2177,294,19,2490,1669,164,1833,397,31,2261,229,0.5444602948169281,-103,-0.24488825487398955,332,0.7893485496909177
473251,沖縄県,中頭郡嘉手納町,6258,6651,12909,5636,519,24,543,99,11,653,573,25,598,177,8,783,-130,-0.9970089730807578,-78,-0.5982053838484547,-52,-0.3988035892323031
473260,沖縄県,中頭郡北谷町,13848,15411,29259,13338,1762,281,2043,292,10,2345,1631,230,1861,294,24,2179,166,0.5705839892757708,-2,-0.006874505894888806,168,0.5774584951706596
473278,沖縄県,中頭郡北中城村,8611,9340,17951,7862,959,84,1043,131,13,1187,892,62,954,192,23,1169,18,0.10037361289243293,-61,-0.34015502146880056,79,0.4405286343612335
473286,沖縄県,中頭郡中城村,11287,11396,22683,9844,1261,84,1345,236,15,1596,1278,53,1331,186,12,1529,67,0.29625044216483903,50,0.22108241952599927,17,0.07516802263883976
473294,沖縄県,中頭郡西原町,17994,17665,35659,15988,1900,340,2240,238,27,2505,1920,251,2171,287,44,2502,3,0.008413731209333633,-49,-0.137424276419116,52,0.14583800762844962
473405,沖縄県,島尻郡,54182,54167,108349,47851,5902,321,6223,988,77,7288,5372,155,5527,1021,35,6583,705,0.6549366430084352,-33,-0.030656608821671434,738,0.6855932518301067
473481,沖縄県,島尻郡与那原町,9710,10210,19920,9014,1079,50,1129,170,24,1323,1124,17,1141,189,3,1333,-10,-0.050175614651279475,-19,-0.09533366783743101,9,0.04515805318615153
473502,沖縄県,島尻郡南風原町,20273,21057,41330,17280,2250,68,2318,427,27,2772,1856,51,1907,323,12,2242,530,1.2990196078431373,104,0.25490196078431376,426,1.0441176470588236
473537,沖縄県,島尻郡渡嘉敷村,365,300,665,415,83,8,91,4,0,95,98,3,101,4,0,105,-10,-1.4814814814814816,0,0,-10,-1.4814814814814816
473545,沖縄県,島尻郡座間味村,485,388,873,551,94,4,98,6,2,106,98,2,100,2,1,103,3,0.3448275862068966,4,0.45977011494252873,-1,-0.11494252873563218
473553,沖縄県,島尻郡粟国村,374,302,676,436,88,16,104,4,1,109,82,1,83,12,2,97,12,1.8072289156626504,-8,-1.2048192771084338,20,3.0120481927710845
473561,沖縄県,島尻郡渡名喜村,176,115,291,204,25,0,25,2,2,29,27,1,28,7,3,38,-9,-3,-5,-1.6666666666666667,-4,-1.3333333333333335
473570,沖縄県,島尻郡南大東村,721,506,1227,716,104,21,125,5,0,130,108,14,122,5,0,127,3,0.24509803921568626,0,0,3,0.24509803921568626
473588,沖縄県,島尻郡北大東村,330,214,544,316,47,4,51,4,0,55,62,2,64,4,0,68,-13,-2.333931777378815,0,0,-13,-2.333931777378815
473596,沖縄県,島尻郡伊平屋村,656,535,1191,630,87,15,102,7,0,109,84,6,90,18,0,108,1,0.08403361344537816,-11,-0.9243697478991597,12,1.0084033613445378
473600,沖縄県,島尻郡伊是名村,692,545,1237,723,53,3,56,5,1,62,80,2,82,16,1,99,-37,-2.904238618524333,-11,-0.8634222919937204,-26,-2.0408163265306123
473618,沖縄県,島尻郡久米島町,3820,3320,7140,3926,352,26,378,63,4,445,463,6,469,115,0,584,-139,-1.9096029674405823,-52,-0.7143838439346064,-87,-1.1952191235059761
473626,沖縄県,島尻郡八重瀬町,16580,16675,33255,13640,1640,106,1746,291,16,2053,1290,50,1340,326,13,1679,374,1.1374349928530154,-35,-0.10644445120282228,409,1.2438794440558378
473707,沖縄県,宮古郡,577,463,1040,544,60,0,60,7,6,73,79,0,79,13,0,92,-19,-1.794145420207743,-6,-0.56657223796034,-13,-1.2275731822474032
473758,沖縄県,宮古郡多良間村,577,463,1040,544,60,0,60,7,6,73,79,0,79,13,0,92,-19,-1.794145420207743,-6,-0.56657223796034,-13,-1.2275731822474032
473804,沖縄県,八重山郡,3213,2684,5897,3562,897,33,930,34,5,969,947,9,956,56,8,1020,-51,-0.8574310692669805,-22,-0.3698722259583053,-29,-0.48755884330867516
473812,沖縄県,八重山郡竹富町,2239,1969,4208,2534,644,30,674,20,5,699,694,4,698,34,8,740,-41,-0.9649329253942104,-14,-0.3294892915980231,-27,-0.6354436337961874
473821,沖縄県,八重山郡与那国町,974,715,1689,1028,253,3,256,14,0,270,253,5,258,22,0,280,-10,-0.5885815185403178,-8,-0.47086521483225424,-2,-0.11771630370806356
注1：増減率、自然増減率及び社会増減率内の「-」は、「皆増」を示す,,,,,,,,,,,,,,,,,,,,,,,,
注2：外国人住民のうち、在留カードの性別欄が空欄のため、住民票の性別を男女のいずれにも該当しないものとしている者については、表の男女のいずれにも計上せず、総計においてのみ計上している。,,,,,,,,,,,,,,,,,,,,,,,,
